Registration_Number,Registration_Date,Registration_Year,State,RTO_Office,Vehicle_Category,Vehicle_Sub_Type,Manufacturer_Brand,Fuel_Type,Emission_Norm,Engine_CC,Seating_Capacity,Vehicle_Age_Years,RegCheck,RegDate,CleanedRegDate
REG100001,13-12-2019,2019,Madhya Pradesh,Bhopal (MP-04),2W,Scooter,Bajaj,Petrol,BS4,400,2,5,REG19,13/12/2019,12/13/2019
REG100002,14-01-2020,2020,Karnataka,Belgaum (KA-22),2W,Motorcycle,Honda,Petrol,BS6,400,2,4,REG19,14/01/2020,1/14/2020
REG100003,23-03-2023,2023,Karnataka,Delhi South (DL-09),2W,Scooter,Ola Electric,Petrol,BS6,250,2,1,REG19,23/03/2023,3/23/2023
REG100004,26-06-2021,2021,Karnataka,Kota (RJ-20),2W,Scooter,Honda,Petrol,BS6,0,2,3,REG19,26/06/2021,6/26/2021
REG100005,13-11-2022,2022,Karnataka,Ahmedabad (GJ-01),4W,Hatchback,Honda,Petrol,BS6,1598,6,2,REG19,13/11/2022,11/13/2022
REG100006,13-07-2024,2024,Karnataka,Thiruvananthapuram (KL-01),2W,Motorcycle,Royal Enfield,Petrol,BS6,160,2,0,REG19,13/07/2024,7/13/2024
REG100007,28-11-2021,2021,Karnataka,Durgapur (WB-40),2W,Scooter,Bajaj,CNG,BS6,110,2,3,REG19,28/11/2021,11/28/2021
REG100008,19-12-2021,2021,Karnataka,Ludhiana (PB-10),4W,Sedan,Tata Motors,Diesel,BS6,0,6,3,REG19,19/12/2021,12/19/2021
REG100009,18-05-2023,2023,Karnataka,Gwalior (MP-07),LCV,Mini Truck,Mahindra,Diesel,BS6,2523,9,1,REG19,18/05/2023,5/18/2023
REG100010,13-03-2022,2022,Karnataka,Amritsar (PB-02),2W,Scooter,Suzuki,EV,BS6,0,2,2,REG19,13/03/2022,3/13/2022
REG100011,18-09-2021,2021,Karnataka,Kollam (KL-02),4W,MUV,Skoda,Diesel,BS6,2179,5,3,REG19,18/09/2021,9/18/2021
REG100012,2/11/2019,2019,Karnataka,Mumbai Central (MH-01),2W,Motorcycle,Suzuki,EV,BS4,0,2,5,REG19,2/11/2019,2/11/2019
REG100013,16-05-2024,2024,Karnataka,Nizamabad (TS-05),OTH,Tractor,Mahindra,Diesel,BS6,5660,1,0,REG19,16/05/2024,5/16/2024
REG100014,24-02-2023,2023,Karnataka,Rajkot (GJ-03),2W,Motorcycle,Royal Enfield,EV,BS6,0,2,1,REG19,24/02/2023,2/24/2023
REG100015,28-09-2020,2020,Karnataka,Ujjain (MP-13),4W,Sedan,Toyota,Hybrid,BS4,800,7,4,REG19,28/09/2020,9/28/2020
REG100016,10/2/2018,2018,Karnataka,Kolkata (WB-01),2W,Scooter,Royal Enfield,Petrol,BS4,110,2,6,REG19,10/2/2018,10/2/2018
REG100017,26-03-2022,2022,Karnataka,Thrissur (KL-08),4W,Sedan,Tata Motors,EV,BS6,0,8,2,REG19,26/03/2022,3/26/2022
REG100018,10/7/2024,2024,Karnataka,Delhi South (DL-09),4W,Sedan,Kia,Diesel,BS6,2179,8,0,REG19,10/7/2024,10/7/2024
REG100019,23-04-2022,2022,Karnataka,Mysore (KA-09),2W,Scooter,Hero,EV,BS6,0,2,2,REG19,23/04/2022,4/23/2022
REG100020,9/12/2022,2022,Karnataka,Bangalore Central (KA-01),2W,Motorcycle,Yamaha,Petrol,BS6,350,2,2,REG19,9/12/2022,9/12/2022
REG100021,27-07-2020,2020,Karnataka,Delhi South (DL-09),2W,Moped,Ola Electric,EV,BS6,0,2,4,REG19,27/07/2020,7/27/2020
REG100022,28-01-2022,2022,Karnataka,Bangalore Central (KA-01),4W,SUV,Honda,Diesel,BS6,1000,5,2,REG19,28/01/2022,1/28/2022
REG100023,12/3/2020,2020,Karnataka,Agra (UP-80),4W,Hatchback,Mahindra,Petrol,BS6,1968,6,4,REG19,12/3/2020,12/3/2020
REG100024,4/10/2019,2019,Karnataka,Rajkot (GJ-03),2W,Motorcycle,KTM,EV,BS4,0,2,5,REG19,4/10/2019,4/10/2019
REG100025,25-03-2024,2024,Karnataka,Mysore (KA-09),2W,Scooter,KTM,Petrol,BS6,250,2,0,REG19,25/03/2024,3/25/2024
REG100026,12/10/2023,2023,Karnataka,Nashik (MH-15),2W,Scooter,Royal Enfield,Petrol,BS6,350,2,1,REG19,12/10/2023,12/10/2023
REG100027,10/6/2022,2022,Karnataka,Coimbatore (TN-37),2W,Motorcycle,Ola Electric,CNG,BS6,100,2,2,REG19,10/6/2022,10/6/2022
REG100028,5/4/2024,2024,Karnataka,Aurangabad (MH-20),3W,Tempo,Piaggio,CNG,BS6,200,7,0,REG19,5/4/2024,5/4/2024
REG100029,11/2/2022,2022,Karnataka,Mysore (KA-09),2W,Moped,Bajaj,EV,BS6,0,2,2,REG19,11/2/2022,11/2/2022
REG100030,3/5/2023,2023,Karnataka,Ujjain (MP-13),4W,SUV,Kia,Petrol,BS6,1498,8,1,REG19,3/5/2023,3/5/2023
REG100031,21-02-2023,2023,Karnataka,Madurai (TN-58),3W,Auto Rickshaw,Bajaj,Diesel,BS6,200,7,1,REG19,21/02/2023,2/21/2023
REG100032,13-08-2021,2021,Karnataka,Delhi South (DL-09),2W,Scooter,Honda,Petrol,BS6,400,2,3,REG19,13/08/2021,8/13/2021
REG100033,9/3/2024,2024,Karnataka,Kozhikode (KL-11),4W,Hatchback,Renault,Petrol,BS6,1498,5,0,REG19,9/3/2024,9/3/2024
REG100034,18-12-2023,2023,Karnataka,Belgaum (KA-22),2W,Scooter,Ola Electric,Petrol,BS6,160,2,1,REG19,18/12/2023,12/18/2023
REG100035,23-01-2022,2022,Karnataka,Karimnagar (TS-01),2W,Motorcycle,Honda,EV,BS6,0,2,2,REG19,23/01/2022,1/23/2022
REG100036,7/8/2022,2022,Karnataka,Jodhpur (RJ-19),4W,SUV,Tata Motors,Hybrid,BS6,0,5,2,REG19,7/8/2022,7/8/2022
REG100037,10/10/2023,2023,Karnataka,Bangalore Central (KA-01),HCV,Bus,Eicher,Diesel,BS6,4998,45,1,REG19,10/10/2023,10/10/2023
REG100038,22-02-2023,2023,Karnataka,Chennai Central (TN-01),2W,Motorcycle,Yamaha,Petrol,BS6,200,2,1,REG19,22/02/2023,2/22/2023
REG100039,30-07-2024,2024,Karnataka,Karimnagar (TS-01),OTH,Road Roller,TAFE,Diesel,BS6,3760,2,0,REG19,30/07/2024,7/30/2024
REG100040,25-02-2020,2020,Karnataka,Kozhikode (KL-11),4W,MUV,Mahindra,Petrol,BS4,1968,5,4,REG19,25/02/2020,2/25/2020
REG100041,25-04-2023,2023,Karnataka,Howrah (WB-13),2W,Scooter,Yamaha,Petrol,BS6,100,2,1,REG19,25/04/2023,4/25/2023
REG100042,18-09-2021,2021,Karnataka,Indore (MP-09),2W,Scooter,Honda,Hybrid,BS6,250,2,3,REG19,18/09/2021,9/18/2021
REG100043,20-01-2020,2020,Karnataka,Ujjain (MP-13),2W,Motorcycle,Honda,Petrol,BS6,110,2,4,REG19,20/01/2020,1/20/2020
REG100044,16-07-2024,2024,Karnataka,Jalandhar (PB-08),2W,Scooter,Suzuki,EV,BS6,0,2,0,REG19,16/07/2024,7/16/2024
REG100045,17-12-2024,2024,Karnataka,Delhi West (DL-08),2W,Scooter,Hero,EV,BS6,0,2,0,REG19,17/12/2024,12/17/2024
REG100046,3/6/2021,2021,Karnataka,Udaipur (RJ-27),2W,Moped,Yamaha,EV,BS6,0,2,3,REG19,3/6/2021,3/6/2021
REG100047,7/12/2019,2019,Karnataka,Rajkot (GJ-03),2W,Moped,Royal Enfield,EV,BS4,0,2,5,REG19,7/12/2019,7/12/2019
REG100048,27-05-2023,2023,Karnataka,Indore (MP-09),4W,SUV,Honda,CNG,BS6,1462,8,1,REG19,27/05/2023,5/27/2023
REG100049,31-08-2023,2023,Karnataka,Patiala (PB-11),4W,MUV,MG,Diesel,BS6,1197,5,1,REG19,31/08/2023,8/31/2023
REG100050,25-04-2020,2020,Karnataka,Gandhinagar (GJ-18),4W,SUV,Hyundai,Hybrid,BS6,1462,6,4,REG19,25/04/2020,4/25/2020
REG100051,19-11-2019,2019,Karnataka,Mumbai Central (MH-01),2W,Scooter,Ola Electric,Hybrid,BS4,0,2,5,REG19,19/11/2019,11/19/2019
REG100052,24-02-2023,2023,Karnataka,Delhi North (DL-04),3W,Auto Rickshaw,Piaggio,EV,BS6,0,3,1,REG19,24/02/2023,2/24/2023
REG100053,8/12/2022,2022,Karnataka,Trichy (TN-45),3W,Tempo,Piaggio,CNG,BS6,250,6,2,REG19,8/12/2022,8/12/2022
REG100054,19-08-2023,2023,Karnataka,Patiala (PB-11),2W,Moped,KTM,Petrol,BS6,160,2,1,REG19,19/08/2023,8/19/2023
REG100055,27-05-2022,2022,Karnataka,Delhi West (DL-08),4W,MUV,Mahindra,Petrol,BS6,1462,7,2,REG19,27/05/2022,5/27/2022
REG100056,19-03-2020,2020,Karnataka,Kota (RJ-20),LCV,Mini Truck,Mahindra,Diesel,BS4,2956,9,4,REG19,19/03/2020,3/19/2020
REG100057,18-07-2020,2020,Karnataka,Varanasi (UP-65),2W,Scooter,Suzuki,Petrol,BS6,0,2,4,REG19,18/07/2020,7/18/2020
REG100058,2/6/2018,2018,Karnataka,Thiruvananthapuram (KL-01),LCV,Light Bus,Force Motors,Diesel,BS4,0,12,6,REG19,2/6/2018,2/6/2018
REG100059,15-01-2021,2021,Karnataka,Khammam (TS-07),4W,Sedan,MG,Petrol,BS6,1968,7,3,REG19,15/01/2021,1/15/2021
REG100060,31-10-2022,2022,Karnataka,Jabalpur (MP-20),4W,MUV,Tata Motors,CNG,BS6,800,5,2,REG19,31/10/2022,10/31/2022
REG100061,19-04-2021,2021,Karnataka,Jabalpur (MP-20),2W,Scooter,TVS,Petrol,BS6,350,2,3,REG19,19/04/2021,4/19/2021
REG100062,9/5/2024,2024,Karnataka,Kota (RJ-20),4W,MUV,Kia,Hybrid,BS6,1000,8,0,REG19,9/5/2024,9/5/2024
REG100063,21-01-2019,2019,Karnataka,Aurangabad (MH-20),2W,Scooter,Bajaj,EV,BS4,0,2,5,REG19,21/01/2019,1/21/2019
REG100064,28-02-2019,2019,Karnataka,Delhi East (DL-02),LCV,Light Bus,Mahindra,Diesel,BS4,2956,12,5,REG19,28/02/2019,2/28/2019
REG100065,28-02-2024,2024,Karnataka,Kozhikode (KL-11),4W,Sedan,Skoda,CNG,BS6,1197,7,0,REG19,28/02/2024,2/28/2024
REG100066,22-07-2024,2024,Karnataka,Belgaum (KA-22),2W,Scooter,Ola Electric,CNG,BS6,150,2,0,REG19,22/07/2024,7/22/2024
REG100067,4/11/2023,2023,Karnataka,Belgaum (KA-22),4W,Sedan,Hyundai,EV,BS6,0,5,1,REG19,4/11/2023,4/11/2023
REG100068,4/8/2023,2023,Karnataka,Ajmer (RJ-01),2W,Scooter,Honda,EV,BS6,0,2,1,REG19,4/8/2023,4/8/2023
REG100069,25-09-2022,2022,Karnataka,Mangalore (KA-19),HCV,Tanker,MAN,Diesel,BS6,5660,52,2,REG19,25/09/2022,9/25/2022
REG100070,14-02-2021,2021,Karnataka,Karimnagar (TS-01),3W,Tempo,Atul Auto,CNG,BS6,250,6,3,REG19,14/02/2021,2/14/2021
REG100071,4/4/2022,2022,Karnataka,Delhi North (DL-04),4W,MUV,Toyota,Petrol,BS6,2179,6,2,REG19,4/4/2022,4/4/2022
REG100072,13-02-2018,2018,Karnataka,Kota (RJ-20),2W,Moped,Royal Enfield,EV,BS4,0,2,6,REG19,13/02/2018,2/13/2018
REG100073,18-08-2023,2023,Karnataka,Thrissur (KL-08),3W,Auto Rickshaw,Kinetic Green,Diesel,BS6,200,3,1,REG19,18/08/2023,8/18/2023
REG100074,11/10/2022,2022,Karnataka,Surat (GJ-05),2W,Motorcycle,Royal Enfield,EV,BS6,0,2,2,REG19,11/10/2022,11/10/2022
REG100075,6/6/2023,2023,Karnataka,Udaipur (RJ-27),OTH,Road Roller,John Deere,Diesel,BS6,5660,2,1,REG19,6/6/2023,6/6/2023
REG100076,21-04-2023,2023,Karnataka,Mysore (KA-09),2W,Moped,Ather,Hybrid,BS6,350,2,1,REG19,21/04/2023,4/21/2023
REG100077,31-05-2024,2024,Karnataka,Gandhinagar (GJ-18),OTH,Road Roller,Escorts,Diesel,BS6,4998,32,0,REG19,31/05/2024,5/31/2024
REG100078,11/10/2018,2018,Karnataka,Madurai (TN-58),2W,Moped,TVS,Petrol,BS4,160,2,6,REG19,11/10/2018,11/10/2018
REG100079,3/9/2022,2022,Karnataka,Kochi (KL-07),4W,MUV,Hyundai,Petrol,BS6,2179,7,2,REG19,3/9/2022,3/9/2022
REG100080,23-10-2021,2021,Karnataka,Chennai Central (TN-01),2W,Scooter,Honda,Petrol,BS6,100,2,3,REG19,23/10/2021,10/23/2021
REG100081,2/8/2019,2019,Karnataka,Coimbatore (TN-37),4W,SUV,Hyundai,Petrol,BS6,1462,8,5,REG19,2/8/2019,2/8/2019
REG100082,9/11/2022,2022,Karnataka,Siliguri (WB-73),2W,Moped,Suzuki,Petrol,BS6,110,2,2,REG19,9/11/2022,9/11/2022
REG100083,21-03-2020,2020,Karnataka,Delhi East (DL-02),2W,Motorcycle,TVS,Petrol,BS6,100,2,4,REG19,21/03/2020,3/21/2020
REG100084,24-05-2020,2020,Karnataka,Varanasi (UP-65),4W,MUV,Kia,Petrol,BS4,2179,5,4,REG19,24/05/2020,5/24/2020
REG100085,18-03-2022,2022,Karnataka,Indore (MP-09),HCV,Bus,BharatBenz,Diesel,BS6,5660,2,2,REG19,18/03/2022,3/18/2022
REG100086,13-08-2023,2023,Karnataka,Bangalore Central (KA-01),2W,Scooter,Ola Electric,Hybrid,BS6,110,2,1,REG19,13/08/2023,8/13/2023
REG100087,3/11/2022,2022,Karnataka,Durgapur (WB-40),4W,SUV,Renault,Diesel,BS6,800,8,2,REG19,3/11/2022,3/11/2022
REG100088,27-10-2024,2024,Karnataka,Kozhikode (KL-11),4W,Hatchback,Hyundai,Petrol,BS6,800,7,0,REG19,27/10/2024,10/27/2024
REG100089,3/4/2023,2023,Karnataka,Chandigarh (CH-01),4W,Sedan,MG,Diesel,BS6,1968,8,1,REG19,3/4/2023,3/4/2023
REG100090,18-06-2019,2019,Karnataka,Mangalore (KA-19),2W,Scooter,Yamaha,CNG,BS4,250,2,5,REG19,18/06/2019,6/18/2019
REG100091,10/5/2022,2022,Karnataka,Thrissur (KL-08),2W,Scooter,Ather,Petrol,BS6,200,2,2,REG19,10/5/2022,10/5/2022
REG100092,23-09-2021,2021,Karnataka,Mangalore (KA-19),LCV,Mini Truck,Eicher,Diesel,BS6,3298,15,3,REG19,23/09/2021,9/23/2021
REG100093,13-08-2019,2019,Karnataka,Siliguri (WB-73),4W,Sedan,Kia,CNG,BS4,2179,5,5,REG19,13/08/2019,8/13/2019
REG100094,17-02-2018,2018,Karnataka,Aurangabad (MH-20),4W,Sedan,Kia,CNG,BS4,1462,5,6,REG19,17/02/2018,2/17/2018
REG100095,20-05-2021,2021,Karnataka,Kolkata (WB-01),4W,Sedan,MG,EV,BS6,0,8,3,REG19,20/05/2021,5/20/2021
REG100096,10/3/2024,2024,Karnataka,Howrah (WB-13),3W,Auto Rickshaw,Mahindra,CNG,BS6,200,6,0,REG19,10/3/2024,10/3/2024
REG100097,24-10-2023,2023,Karnataka,Agra (UP-80),HCV,Trailer,Tata Motors,Diesel,BS6,6700,2,1,REG19,24/10/2023,10/24/2023
REG100098,14-06-2022,2022,Karnataka,Asansol (WB-39),3W,E-Rickshaw,Atul Auto,Petrol,BS6,225,7,2,REG19,14/06/2022,6/14/2022
REG100099,15-07-2023,2023,Karnataka,Delhi South (DL-09),2W,Scooter,Hero,Petrol,BS6,250,2,1,REG19,15/07/2023,7/15/2023
REG100100,21-02-2024,2024,Karnataka,Indore (MP-09),3W,Auto Rickshaw,Piaggio,Diesel,BS6,0,3,0,REG19,21/02/2024,2/21/2024
REG100101,28-08-2024,2024,Karnataka,Karimnagar (TS-01),2W,Motorcycle,Suzuki,EV,BS6,0,2,0,REG19,28/08/2024,8/28/2024
REG100102,11/6/2024,2024,Karnataka,Ajmer (RJ-01),4W,Hatchback,Toyota,EV,BS6,0,5,0,REG19,11/6/2024,11/6/2024
REG100103,20-02-2023,2023,Karnataka,Chandigarh (CH-01),2W,Moped,Royal Enfield,Petrol,BS6,110,2,1,REG19,20/02/2023,2/20/2023
REG100104,3/7/2023,2023,Karnataka,Howrah (WB-13),4W,Hatchback,Maruti Suzuki,Diesel,BS6,1598,8,1,REG19,3/7/2023,3/7/2023
REG100105,14-11-2019,2019,Karnataka,Coimbatore (TN-37),4W,Sedan,Tata Motors,Petrol,BS4,1462,8,5,REG19,14/11/2019,11/14/2019
REG100106,26-08-2020,2020,Karnataka,Ludhiana (PB-10),2W,Moped,Royal Enfield,EV,BS6,0,2,4,REG19,26/08/2020,8/26/2020
REG100107,20-12-2021,2021,Karnataka,Ujjain (MP-13),2W,Scooter,Yamaha,EV,BS6,0,2,3,REG19,20/12/2021,12/20/2021
REG100108,2/7/2020,2020,Karnataka,Durgapur (WB-40),2W,Scooter,KTM,Petrol,BS6,0,2,4,REG19,2/7/2020,2/7/2020
REG100109,26-01-2018,2018,Karnataka,Vadodara (GJ-06),2W,Moped,Suzuki,Petrol,BS4,0,2,6,REG19,26/01/2018,1/26/2018
REG100110,22-11-2023,2023,Karnataka,Thrissur (KL-08),LCV,Pickup Van,Mahindra,CNG,BS6,2956,15,1,REG19,22/11/2023,11/22/2023
REG100111,9/3/2018,2018,Karnataka,Surat (GJ-05),4W,Hatchback,Kia,Diesel,BS4,1000,7,6,REG19,9/3/2018,9/3/2018
REG100112,26-03-2022,2022,Karnataka,Udaipur (RJ-27),2W,Motorcycle,Ather,Petrol,BS6,160,2,2,REG19,26/03/2022,3/26/2022
REG100113,25-04-2024,2024,Karnataka,Durgapur (WB-40),4W,SUV,Hyundai,Diesel,BS6,1968,7,0,REG19,25/04/2024,4/25/2024
REG100114,11/12/2021,2021,Karnataka,Mangalore (KA-19),2W,Moped,Honda,EV,BS4,0,2,3,REG19,11/12/2021,11/12/2021
REG100115,13-11-2020,2020,Karnataka,Jalandhar (PB-08),4W,SUV,Hyundai,EV,BS6,0,7,4,REG19,13/11/2020,11/13/2020
REG100116,24-01-2021,2021,Karnataka,Ludhiana (PB-10),4W,MUV,Kia,EV,BS6,0,7,3,REG19,24/01/2021,1/24/2021
REG100117,23-12-2022,2022,Karnataka,Kolkata (WB-01),2W,Moped,TVS,Petrol,BS6,400,2,2,REG19,23/12/2022,12/23/2022
REG100118,12/11/2019,2019,Karnataka,Allahabad (UP-70),4W,Sedan,Honda,EV,BS4,0,7,5,REG19,12/11/2019,12/11/2019
REG100119,8/7/2019,2019,Karnataka,Nagpur (MH-31),2W,Scooter,Bajaj,Petrol,BS4,400,2,5,REG19,8/7/2019,8/7/2019
REG100120,16-02-2024,2024,Karnataka,Gwalior (MP-07),2W,Scooter,Bajaj,Petrol,BS6,150,2,0,REG19,16/02/2024,2/16/2024
REG100121,15-04-2024,2024,Karnataka,Ujjain (MP-13),OTH,Tractor,John Deere,Diesel,BS6,3760,52,0,REG19,15/04/2024,4/15/2024
REG100122,2/1/2020,2020,Karnataka,Delhi South (DL-09),2W,Motorcycle,Yamaha,Hybrid,BS6,160,2,4,REG19,2/1/2020,2/1/2020
REG100123,8/1/2024,2024,Karnataka,Coimbatore (TN-37),4W,Sedan,Hyundai,EV,BS6,0,6,0,REG19,8/1/2024,8/1/2024
REG100124,28-02-2023,2023,Karnataka,Amritsar (PB-02),2W,Scooter,Hero,Petrol,BS6,110,2,1,REG19,28/02/2023,2/28/2023
REG100125,23-01-2020,2020,Karnataka,Siliguri (WB-73),4W,Hatchback,MG,Diesel,BS6,0,7,4,REG19,23/01/2020,1/23/2020
REG100126,31-12-2023,2023,Karnataka,Kolkata (WB-01),2W,Scooter,Suzuki,Petrol,BS6,350,2,1,REG19,31/12/2023,12/31/2023
REG100127,27-10-2021,2021,Karnataka,Bangalore Central (KA-01),2W,Motorcycle,Honda,Petrol,BS6,400,2,3,REG19,27/10/2021,10/27/2021
REG100128,9/8/2022,2022,Karnataka,Kozhikode (KL-11),2W,Moped,Ather,Petrol,BS6,110,2,2,REG19,9/8/2022,9/8/2022
REG100129,19-08-2024,2024,Karnataka,Thiruvananthapuram (KL-01),LCV,Light Bus,Eicher,EV,BS6,0,12,0,REG19,19/08/2024,8/19/2024
REG100130,11/5/2022,2022,Karnataka,Udaipur (RJ-27),2W,Moped,Honda,Petrol,BS6,200,2,2,REG19,11/5/2022,11/5/2022
REG100131,10/7/2019,2019,Karnataka,Salem (TN-30),2W,Motorcycle,Honda,EV,BS6,0,2,5,REG19,10/7/2019,10/7/2019
REG100132,5/8/2021,2021,Karnataka,Hyderabad (TS-09),4W,SUV,Hyundai,Diesel,BS6,800,7,3,REG19,5/8/2021,5/8/2021
REG100133,24-04-2020,2020,Karnataka,Amritsar (PB-02),2W,Moped,Ather,Petrol,BS6,110,2,4,REG19,24/04/2020,4/24/2020
REG100134,15-11-2023,2023,Karnataka,Ajmer (RJ-01),2W,Scooter,Ola Electric,Petrol,BS6,0,2,1,REG19,15/11/2023,11/15/2023
REG100135,7/6/2020,2020,Karnataka,Ujjain (MP-13),2W,Moped,Royal Enfield,Petrol,BS4,200,2,4,REG19,7/6/2020,7/6/2020
REG100136,21-11-2021,2021,Karnataka,Jaipur (RJ-14),2W,Motorcycle,Ola Electric,EV,BS6,0,2,3,REG19,21/11/2021,11/21/2021
REG100137,15-06-2020,2020,Karnataka,Belgaum (KA-22),2W,Scooter,KTM,Petrol,BS6,0,2,4,REG19,15/06/2020,6/15/2020
REG100138,11/2/2022,2022,Karnataka,Chandigarh (CH-01),LCV,Mini Truck,Mahindra,EV,BS6,0,12,2,REG19,11/2/2022,11/2/2022
REG100139,28-02-2020,2020,Karnataka,Jabalpur (MP-20),3W,E-Rickshaw,Mahindra,CNG,BS6,250,6,4,REG19,28/02/2020,2/28/2020
REG100140,22-07-2021,2021,Karnataka,Hubli (KA-25),4W,MUV,Renault,EV,BS6,0,5,3,REG19,22/07/2021,7/22/2021
REG100141,12/9/2021,2021,Karnataka,Delhi West (DL-08),HCV,Bus,Volvo,Diesel,BS6,6700,2,3,REG19,12/9/2021,12/9/2021
REG100142,6/2/2023,2023,Karnataka,Salem (TN-30),4W,Sedan,Renault,CNG,BS6,1968,5,1,REG19,6/2/2023,6/2/2023
REG100143,30-12-2022,2022,Karnataka,Lucknow (UP-32),3W,Auto Rickshaw,TVS,EV,BS6,0,6,2,REG19,30/12/2022,12/30/2022
REG100144,5/7/2022,2022,Karnataka,Mangalore (KA-19),2W,Scooter,TVS,EV,BS6,0,2,2,REG19,5/7/2022,5/7/2022
REG100145,23-06-2019,2019,Karnataka,Lucknow (UP-32),2W,Moped,Suzuki,EV,BS4,0,2,5,REG19,23/06/2019,6/23/2019
REG100146,28-06-2022,2022,Karnataka,Jodhpur (RJ-19),2W,Moped,Honda,EV,BS4,0,2,2,REG19,28/06/2022,6/28/2022
REG100147,1/12/2020,2020,Karnataka,Kochi (KL-07),2W,Motorcycle,Royal Enfield,Petrol,BS6,110,2,4,REG19,1/12/2020,1/12/2020
REG100148,26-11-2023,2023,Karnataka,Salem (TN-30),3W,Tempo,Atul Auto,Diesel,BS6,250,7,1,REG19,26/11/2023,11/26/2023
REG100149,30-10-2021,2021,Karnataka,Jodhpur (RJ-19),2W,Scooter,KTM,EV,BS6,0,2,3,REG19,30/10/2021,10/30/2021
REG100150,9/2/2018,2018,Karnataka,Ajmer (RJ-01),2W,Scooter,KTM,Petrol,BS4,110,2,6,REG19,9/2/2018,9/2/2018
REG100151,22-01-2024,2024,Karnataka,Patiala (PB-11),3W,E-Rickshaw,Atul Auto,EV,BS6,0,7,0,REG19,22/01/2024,1/22/2024
REG100152,22-02-2024,2024,Karnataka,Indore (MP-09),2W,Scooter,Ather,Petrol,BS6,200,2,0,REG19,22/02/2024,2/22/2024
REG100153,26-09-2023,2023,Karnataka,Thiruvananthapuram (KL-01),3W,Auto Rickshaw,Bajaj,CNG,BS6,225,6,1,REG19,26/09/2023,9/26/2023
REG100154,21-06-2023,2023,Karnataka,Kota (RJ-20),2W,Scooter,Ola Electric,Petrol,BS6,110,2,1,REG19,21/06/2023,6/21/2023
REG100155,5/11/2023,2023,Karnataka,Jaipur (RJ-14),4W,MUV,Kia,Petrol,BS6,1197,7,1,REG19,5/11/2023,5/11/2023
REG100156,8/3/2023,2023,Karnataka,Belgaum (KA-22),4W,SUV,Kia,EV,BS6,0,7,1,REG19,8/3/2023,8/3/2023
REG100157,17-12-2023,2023,Karnataka,Karimnagar (TS-01),4W,SUV,Tata Motors,EV,BS6,0,5,1,REG19,17/12/2023,12/17/2023
REG100158,23-06-2020,2020,Karnataka,Jabalpur (MP-20),3W,Auto Rickshaw,TVS,CNG,BS6,0,3,4,REG19,23/06/2020,6/23/2020
REG100159,27-09-2023,2023,Karnataka,Delhi East (DL-02),2W,Scooter,Honda,EV,BS6,0,2,1,REG19,27/09/2023,9/27/2023
REG100160,3/4/2021,2021,Karnataka,Gwalior (MP-07),LCV,Light Bus,Mahindra,CNG,BS6,2956,15,3,REG19,3/4/2021,3/4/2021
REG100161,18-08-2022,2022,Karnataka,Kolkata (WB-01),2W,Moped,Bajaj,EV,BS6,0,2,2,REG19,18/08/2022,8/18/2022
REG100162,14-08-2023,2023,Karnataka,Warangal (TS-03),2W,Scooter,Bajaj,Petrol,BS6,350,2,1,REG19,14/08/2023,8/14/2023
REG100163,9/5/2023,2023,Karnataka,Rajkot (GJ-03),3W,E-Rickshaw,Piaggio,CNG,BS6,200,7,1,REG19,9/5/2023,9/5/2023
REG100164,24-03-2021,2021,Karnataka,Durgapur (WB-40),4W,Hatchback,Renault,Petrol,BS4,1498,8,3,REG19,24/03/2021,3/24/2021
REG100165,31-07-2024,2024,Karnataka,Warangal (TS-03),LCV,Mini Truck,Mahindra,Diesel,BS6,2523,12,0,REG19,31/07/2024,7/31/2024
REG100166,29-11-2018,2018,Karnataka,Nizamabad (TS-05),2W,Motorcycle,Yamaha,Petrol,BS4,200,2,6,REG19,29/11/2018,11/29/2018
REG100167,12/11/2023,2023,Karnataka,Coimbatore (TN-37),2W,Scooter,TVS,Hybrid,BS6,100,2,1,REG19,12/11/2023,12/11/2023
REG100168,26-02-2022,2022,Karnataka,Bangalore Central (KA-01),2W,Motorcycle,Ather,CNG,BS6,160,2,2,REG19,26/02/2022,2/26/2022
REG100169,2/2/2023,2023,Karnataka,Delhi West (DL-08),2W,Motorcycle,Suzuki,EV,BS6,0,2,1,REG19,2/2/2023,2/2/2023
REG100170,30-06-2022,2022,Karnataka,Asansol (WB-39),4W,Sedan,Tata Motors,Petrol,BS6,1462,8,2,REG19,30/06/2022,6/30/2022
REG100171,11/10/2022,2022,Karnataka,Chennai Central (TN-01),3W,E-Rickshaw,Bajaj,EV,BS6,0,6,2,REG19,11/10/2022,11/10/2022
REG100172,26-06-2018,2018,Karnataka,Kolkata (WB-01),4W,SUV,Kia,Hybrid,BS4,1462,5,6,REG19,26/06/2018,6/26/2018
REG100173,17-12-2023,2023,Karnataka,Amritsar (PB-02),2W,Scooter,Ather,Petrol,BS6,350,2,1,REG19,17/12/2023,12/17/2023
REG100174,19-01-2023,2023,Karnataka,Thrissur (KL-08),4W,Sedan,Hyundai,EV,BS6,0,6,1,REG19,19/01/2023,1/19/2023
REG100175,31-08-2021,2021,Karnataka,Pune (MH-12),LCV,Pickup Van,Ashok Leyland,Diesel,BS6,3298,9,3,REG19,31/08/2021,8/31/2021
REG100176,12/8/2019,2019,Karnataka,Indore (MP-09),2W,Motorcycle,Yamaha,Petrol,BS4,250,2,5,REG19,12/8/2019,12/8/2019
REG100177,8/7/2022,2022,Karnataka,Thrissur (KL-08),LCV,Pickup Van,Ashok Leyland,Diesel,BS6,3298,9,2,REG19,8/7/2022,8/7/2022
REG100178,10/2/2021,2021,Karnataka,Thrissur (KL-08),2W,Moped,TVS,EV,BS6,0,2,3,REG19,10/2/2021,10/2/2021
REG100179,17-08-2023,2023,Karnataka,Gwalior (MP-07),2W,Moped,Suzuki,Petrol,BS6,100,2,1,REG19,17/08/2023,8/17/2023
REG100180,8/2/2024,2024,Karnataka,Kozhikode (KL-11),4W,MUV,Kia,EV,BS6,0,7,0,REG19,8/2/2024,8/2/2024
REG100181,6/3/2023,2023,Karnataka,Warangal (TS-03),HCV,Bus,Eicher,CNG,BS6,3760,2,1,REG19,6/3/2023,6/3/2023
REG100182,8/7/2020,2020,Karnataka,Gwalior (MP-07),2W,Moped,Hero,EV,BS6,0,2,4,REG19,8/7/2020,8/7/2020
REG100183,28-02-2023,2023,Karnataka,Kolkata (WB-01),4W,SUV,Honda,Diesel,BS6,800,6,1,REG19,28/02/2023,2/28/2023
REG100184,17-08-2023,2023,Karnataka,Asansol (WB-39),2W,Moped,Honda,Petrol,BS6,150,2,1,REG19,17/08/2023,8/17/2023
REG100185,20-08-2019,2019,Karnataka,Amritsar (PB-02),4W,MUV,Mahindra,Petrol,BS4,1197,8,5,REG19,20/08/2019,8/20/2019
REG100186,22-03-2021,2021,Karnataka,Hubli (KA-25),4W,Hatchback,Renault,Diesel,BS6,1197,7,3,REG19,22/03/2021,3/22/2021
REG100187,4/7/2023,2023,Karnataka,Warangal (TS-03),2W,Motorcycle,TVS,Petrol,BS6,400,2,1,REG19,4/7/2023,4/7/2023
REG100188,7/6/2024,2024,Karnataka,Amritsar (PB-02),3W,Tempo,Piaggio,EV,BS6,0,7,0,REG19,7/6/2024,7/6/2024
REG100189,25-11-2019,2019,Karnataka,Thrissur (KL-08),3W,E-Rickshaw,Atul Auto,CNG,BS4,200,6,5,REG19,25/11/2019,11/25/2019
REG100190,10/8/2023,2023,Karnataka,Asansol (WB-39),2W,Moped,Ola Electric,Petrol,BS6,400,2,1,REG19,10/8/2023,10/8/2023
REG100191,26-04-2021,2021,Karnataka,Mumbai Central (MH-01),3W,E-Rickshaw,Piaggio,CNG,BS6,250,7,3,REG19,26/04/2021,4/26/2021
REG100192,11/11/2019,2019,Karnataka,Ahmedabad (GJ-01),2W,Moped,Ather,Petrol,BS4,400,2,5,REG19,11/11/2019,11/11/2019
REG100193,22-06-2023,2023,Karnataka,Belgaum (KA-22),4W,Sedan,Tata Motors,EV,BS6,0,5,1,REG19,22/06/2023,6/22/2023
REG100194,13-11-2023,2023,Karnataka,Bangalore Central (KA-01),HCV,Trailer,MAN,Diesel,BS6,3760,45,1,REG19,13/11/2023,11/13/2023
REG100195,27-07-2023,2023,Karnataka,Ujjain (MP-13),2W,Scooter,KTM,Petrol,BS6,160,2,1,REG19,27/07/2023,7/27/2023
REG100196,24-06-2022,2022,Karnataka,Kolkata (WB-01),4W,Sedan,MG,Diesel,BS6,1197,7,2,REG19,24/06/2022,6/24/2022
REG100197,15-10-2023,2023,Karnataka,Kozhikode (KL-11),4W,SUV,Honda,Petrol,BS6,1000,7,1,REG19,15/10/2023,10/15/2023
REG100198,16-07-2019,2019,Karnataka,Delhi North (DL-04),2W,Scooter,Bajaj,Petrol,BS4,0,2,5,REG19,16/07/2019,7/16/2019
REG100199,23-03-2023,2023,Karnataka,Kanpur (UP-78),HCV,Bus,Volvo,Diesel,BS6,6700,52,1,REG19,23/03/2023,3/23/2023
REG100200,22-08-2024,2024,Karnataka,Siliguri (WB-73),LCV,Pickup Van,Tata Motors,Diesel,BS6,2956,9,0,REG19,22/08/2024,8/22/2024
REG100201,10/12/2024,2024,Karnataka,Amritsar (PB-02),2W,Scooter,KTM,EV,BS6,0,2,0,REG19,10/12/2024,10/12/2024
REG100202,6/7/2024,2024,Karnataka,Gandhinagar (GJ-18),2W,Motorcycle,Suzuki,Petrol,BS6,250,2,0,REG19,6/7/2024,6/7/2024
REG100203,7/2/2021,2021,Karnataka,Jaipur (RJ-14),2W,Moped,Ather,Petrol,BS6,250,2,3,REG19,7/2/2021,7/2/2021
REG100204,19-02-2022,2022,Karnataka,Karimnagar (TS-01),4W,SUV,Skoda,EV,BS6,0,7,2,REG19,19/02/2022,2/19/2022
REG100205,21-01-2022,2022,Karnataka,Ajmer (RJ-01),HCV,Bus,Ashok Leyland,Diesel,BS6,3760,1,2,REG19,21/01/2022,1/21/2022
REG100206,16-06-2024,2024,Karnataka,Madurai (TN-58),4W,MUV,Tata Motors,CNG,BS6,1598,6,0,REG19,16/06/2024,6/16/2024
REG100207,30-09-2022,2022,Karnataka,Allahabad (UP-70),4W,SUV,Skoda,Diesel,BS6,2179,7,2,REG19,30/09/2022,9/30/2022
REG100208,19-12-2022,2022,Karnataka,Kolkata (WB-01),2W,Moped,Honda,Petrol,BS6,100,2,2,REG19,19/12/2022,12/19/2022
REG100209,25-10-2020,2020,Karnataka,Jalandhar (PB-08),2W,Moped,Ola Electric,EV,BS6,0,2,4,REG19,25/10/2020,10/25/2020
REG100210,24-12-2020,2020,Karnataka,Trichy (TN-45),4W,MUV,Tata Motors,EV,BS6,0,6,4,REG19,24/12/2020,12/24/2020
REG100211,9/11/2020,2020,Karnataka,Nashik (MH-15),2W,Motorcycle,Suzuki,CNG,BS6,350,2,4,REG19,9/11/2020,9/11/2020
REG100212,26-09-2024,2024,Karnataka,Thiruvananthapuram (KL-01),4W,Sedan,Renault,Diesel,BS6,1968,7,0,REG19,26/09/2024,9/26/2024
REG100213,15-12-2023,2023,Karnataka,Salem (TN-30),HCV,Trailer,Eicher,Diesel,BS6,5660,52,1,REG19,15/12/2023,12/15/2023
REG100214,27-05-2020,2020,Karnataka,Howrah (WB-13),HCV,Trailer,Eicher,Diesel,BS6,4998,45,4,REG19,27/05/2020,5/27/2020
REG100215,6/10/2019,2019,Karnataka,Udaipur (RJ-27),2W,Moped,Royal Enfield,Petrol,BS4,250,2,5,REG19,6/10/2019,6/10/2019
REG100216,10/2/2021,2021,Karnataka,Agra (UP-80),HCV,Bus,Volvo,Diesel,BS6,5660,45,3,REG19,10/2/2021,10/2/2021
REG100217,23-12-2021,2021,Karnataka,Gwalior (MP-07),4W,Sedan,Mahindra,Diesel,BS6,1498,6,3,REG19,23/12/2021,12/23/2021
REG100218,26-04-2023,2023,Karnataka,Belgaum (KA-22),4W,Sedan,Mahindra,Petrol,BS6,1462,5,1,REG19,26/04/2023,4/26/2023
REG100219,9/10/2023,2023,Karnataka,Mangalore (KA-19),2W,Scooter,Honda,CNG,BS6,125,2,1,REG19,9/10/2023,9/10/2023
REG100220,15-02-2021,2021,Karnataka,Varanasi (UP-65),3W,Auto Rickshaw,TVS,CNG,BS6,225,7,3,REG19,15/02/2021,2/15/2021
REG100221,22-07-2024,2024,Karnataka,Thiruvananthapuram (KL-01),HCV,Bus,BharatBenz,Diesel,BS6,6700,2,0,REG19,22/07/2024,7/22/2024
REG100222,26-05-2022,2022,Karnataka,Kozhikode (KL-11),LCV,Mini Truck,Ashok Leyland,CNG,BS6,0,15,2,REG19,26/05/2022,5/26/2022
REG100223,19-06-2021,2021,Karnataka,Khammam (TS-07),3W,Auto Rickshaw,Atul Auto,Diesel,BS6,225,7,3,REG19,19/06/2021,6/19/2021
REG100224,9/4/2022,2022,Karnataka,Durgapur (WB-40),4W,Hatchback,Toyota,Petrol,BS6,1197,8,2,REG19,9/4/2022,9/4/2022
REG100225,14-06-2024,2024,Karnataka,Allahabad (UP-70),2W,Scooter,Honda,Petrol,BS6,150,2,0,REG19,14/06/2024,6/14/2024
REG100226,21-10-2021,2021,Karnataka,Nagpur (MH-31),2W,Scooter,Royal Enfield,Petrol,BS6,100,2,3,REG19,21/10/2021,10/21/2021
REG100227,18-12-2021,2021,Karnataka,Vadodara (GJ-06),4W,Hatchback,Hyundai,Diesel,BS6,0,7,3,REG19,18/12/2021,12/18/2021
REG100228,1/9/2020,2020,Karnataka,Thiruvananthapuram (KL-01),4W,SUV,Toyota,CNG,BS6,1197,8,4,REG19,1/9/2020,1/9/2020
REG100229,22-04-2023,2023,Karnataka,Kollam (KL-02),2W,Moped,Ather,EV,BS6,0,2,1,REG19,22/04/2023,4/22/2023
REG100230,9/2/2022,2022,Karnataka,Ujjain (MP-13),LCV,Mini Truck,Eicher,Diesel,BS6,2523,9,2,REG19,9/2/2022,9/2/2022
REG100231,15-08-2021,2021,Karnataka,Khammam (TS-07),2W,Moped,TVS,Petrol,BS6,110,2,3,REG19,15/08/2021,8/15/2021
REG100232,21-08-2022,2022,Karnataka,Indore (MP-09),4W,MUV,Hyundai,Diesel,BS6,1197,8,2,REG19,21/08/2022,8/21/2022
REG100233,2/1/2018,2018,Karnataka,Asansol (WB-39),2W,Scooter,Royal Enfield,CNG,BS4,150,2,6,REG19,2/1/2018,2/1/2018
REG100234,29-08-2024,2024,Karnataka,Chandigarh (CH-01),2W,Scooter,Honda,EV,BS6,0,2,0,REG19,29/08/2024,8/29/2024
REG100235,17-08-2024,2024,Karnataka,Rajkot (GJ-03),2W,Motorcycle,Suzuki,Petrol,BS6,250,2,0,REG19,17/08/2024,8/17/2024
REG100236,20-07-2020,2020,Karnataka,Lucknow (UP-32),4W,Sedan,Toyota,Petrol,BS6,0,6,4,REG19,20/07/2020,7/20/2020
REG100237,6/8/2023,2023,Karnataka,Kochi (KL-07),LCV,Mini Truck,Ashok Leyland,Diesel,BS6,0,9,1,REG19,6/8/2023,6/8/2023
REG100238,5/12/2023,2023,Karnataka,Delhi North (DL-04),2W,Scooter,Bajaj,CNG,BS6,250,2,1,REG19,5/12/2023,5/12/2023
REG100239,11/12/2018,2018,Karnataka,Chandigarh (CH-01),2W,Motorcycle,Honda,EV,BS4,0,2,6,REG19,11/12/2018,11/12/2018
REG100240,29-01-2023,2023,Karnataka,Delhi Central (DL-01),2W,Motorcycle,Ather,Petrol,BS4,125,2,1,REG19,29/01/2023,1/29/2023
REG100241,11/12/2022,2022,Karnataka,Nizamabad (TS-05),2W,Moped,Ola Electric,Petrol,BS4,200,2,2,REG19,11/12/2022,11/12/2022
REG100242,1/2/2021,2021,Karnataka,Delhi West (DL-08),LCV,Light Bus,Eicher,Diesel,BS6,2956,15,3,REG19,1/2/2021,1/2/2021
REG100243,13-06-2023,2023,Karnataka,Jabalpur (MP-20),4W,Hatchback,Toyota,EV,BS6,0,8,1,REG19,13/06/2023,6/13/2023
REG100244,28-12-2024,2024,Karnataka,Madurai (TN-58),2W,Moped,KTM,Petrol,BS6,125,2,0,REG19,28/12/2024,12/28/2024
REG100245,11/5/2019,2019,Karnataka,Kolkata (WB-01),4W,MUV,Renault,Diesel,BS4,1462,7,5,REG19,11/5/2019,11/5/2019
REG100246,27-01-2023,2023,Karnataka,Bhopal (MP-04),HCV,Trailer,Tata Motors,Diesel,BS6,5660,45,1,REG19,27/01/2023,1/27/2023
REG100247,14-10-2022,2022,Karnataka,Ujjain (MP-13),4W,Hatchback,Mahindra,Hybrid,BS6,1462,8,2,REG19,14/10/2022,10/14/2022
REG100248,2/9/2024,2024,Karnataka,Delhi West (DL-08),2W,Motorcycle,Bajaj,Petrol,BS6,150,2,0,REG19,2/9/2024,2/9/2024
REG100249,14-07-2021,2021,Karnataka,Kollam (KL-02),4W,MUV,Mahindra,CNG,BS6,2179,7,3,REG19,14/07/2021,7/14/2021
REG100250,29-08-2023,2023,Karnataka,Vadodara (GJ-06),2W,Scooter,KTM,Petrol,BS6,200,2,1,REG19,29/08/2023,8/29/2023
REG100251,14-05-2023,2023,Karnataka,Delhi West (DL-08),2W,Motorcycle,Ola Electric,Petrol,BS6,400,2,1,REG19,14/05/2023,5/14/2023
REG100252,19-10-2021,2021,Karnataka,Patiala (PB-11),4W,SUV,Tata Motors,Petrol,BS6,1462,8,3,REG19,19/10/2021,10/19/2021
REG100253,27-03-2020,2020,Karnataka,Nizamabad (TS-05),2W,Scooter,KTM,EV,BS6,0,2,4,REG19,27/03/2020,3/27/2020
REG100254,9/12/2022,2022,Karnataka,Kollam (KL-02),3W,Tempo,Kinetic Green,CNG,BS6,200,3,2,REG19,9/12/2022,9/12/2022
REG100255,15-09-2020,2020,Karnataka,Kanpur (UP-78),LCV,Mini Truck,Tata Motors,EV,BS6,0,12,4,REG19,15/09/2020,9/15/2020
REG100256,30-07-2018,2018,Karnataka,Aurangabad (MH-20),4W,MUV,MG,Petrol,BS4,800,5,6,REG19,30/07/2018,7/30/2018
REG100257,9/8/2023,2023,Karnataka,Nizamabad (TS-05),4W,SUV,Maruti Suzuki,Diesel,BS6,1197,5,1,REG19,9/8/2023,9/8/2023
REG100258,16-05-2020,2020,Karnataka,Belgaum (KA-22),2W,Motorcycle,Ola Electric,EV,BS6,0,2,4,REG19,16/05/2020,5/16/2020
REG100259,2/6/2024,2024,Karnataka,Hubli (KA-25),HCV,Tanker,Eicher,Diesel,BS6,3760,1,0,REG19,2/6/2024,2/6/2024
REG100260,29-03-2023,2023,Karnataka,Mangalore (KA-19),2W,Moped,KTM,Petrol,BS6,110,2,1,REG19,29/03/2023,3/29/2023
REG100261,27-04-2024,2024,Karnataka,Siliguri (WB-73),4W,SUV,Skoda,Petrol,BS6,1462,8,0,REG19,27/04/2024,4/27/2024
REG100262,11/6/2023,2023,Karnataka,Ahmedabad (GJ-01),HCV,Trailer,Eicher,Diesel,BS6,3760,2,1,REG19,11/6/2023,11/6/2023
REG100263,17-10-2020,2020,Karnataka,Ludhiana (PB-10),4W,MUV,Hyundai,Petrol,BS6,1968,7,4,REG19,17/10/2020,10/17/2020
REG100264,20-02-2024,2024,Karnataka,Kanpur (UP-78),4W,Hatchback,Renault,Hybrid,BS6,1968,6,0,REG19,20/02/2024,2/20/2024
REG100265,9/9/2023,2023,Karnataka,Hubli (KA-25),4W,MUV,Toyota,Petrol,BS6,1462,7,1,REG19,9/9/2023,9/9/2023
REG100266,13-11-2021,2021,Karnataka,Karimnagar (TS-01),2W,Moped,Ola Electric,EV,BS4,0,2,3,REG19,13/11/2021,11/13/2021
REG100267,19-07-2023,2023,Karnataka,Delhi Central (DL-01),2W,Motorcycle,Suzuki,CNG,BS6,200,2,1,REG19,19/07/2023,7/19/2023
REG100268,9/3/2023,2023,Karnataka,Jaipur (RJ-14),2W,Scooter,KTM,Petrol,BS6,110,2,1,REG19,9/3/2023,9/3/2023
REG100269,1/7/2019,2019,Karnataka,Salem (TN-30),2W,Moped,Ather,Petrol,BS4,400,2,5,REG19,1/7/2019,1/7/2019
REG100270,13-02-2021,2021,Karnataka,Belgaum (KA-22),4W,SUV,Honda,Petrol,BS6,0,6,3,REG19,13/02/2021,2/13/2021
REG100271,10/9/2021,2021,Karnataka,Patiala (PB-11),2W,Scooter,TVS,Petrol,BS6,125,2,3,REG19,10/9/2021,10/9/2021
REG100272,9/5/2023,2023,Karnataka,Mysore (KA-09),2W,Scooter,Royal Enfield,EV,BS6,0,2,1,REG19,9/5/2023,9/5/2023
REG100273,22-07-2019,2019,Karnataka,Thrissur (KL-08),4W,Sedan,MG,Petrol,BS4,1598,8,5,REG19,22/07/2019,7/22/2019
REG100274,22-12-2021,2021,Karnataka,Udaipur (RJ-27),2W,Moped,Ola Electric,Petrol,BS6,150,2,3,REG19,22/12/2021,12/22/2021
REG100275,9/9/2023,2023,Karnataka,Durgapur (WB-40),2W,Scooter,Yamaha,Petrol,BS6,0,2,1,REG19,9/9/2023,9/9/2023
REG100276,30-10-2024,2024,Karnataka,Delhi West (DL-08),2W,Scooter,Yamaha,Petrol,BS6,400,2,0,REG19,30/10/2024,10/30/2024
REG100277,20-12-2020,2020,Karnataka,Trichy (TN-45),2W,Moped,KTM,CNG,BS6,110,2,4,REG19,20/12/2020,12/20/2020
REG100278,5/8/2023,2023,Karnataka,Varanasi (UP-65),2W,Scooter,Bajaj,Petrol,BS6,250,2,1,REG19,5/8/2023,5/8/2023
REG100279,3/8/2022,2022,Karnataka,Mangalore (KA-19),OTH,Crane,Escorts,Diesel,BS6,0,1,2,REG19,3/8/2022,3/8/2022
REG100280,30-06-2020,2020,Karnataka,Ajmer (RJ-01),4W,Hatchback,Hyundai,Hybrid,BS4,1197,5,4,REG19,30/06/2020,6/30/2020
REG100281,24-04-2018,2018,Karnataka,Jalandhar (PB-08),HCV,Trailer,BharatBenz,Diesel,BS4,0,52,6,REG19,24/04/2018,4/24/2018
REG100282,14-12-2021,2021,Karnataka,Khammam (TS-07),4W,Sedan,MG,Diesel,BS4,0,6,3,REG19,14/12/2021,12/14/2021
REG100283,14-03-2019,2019,Karnataka,Jaipur (RJ-14),3W,E-Rickshaw,Mahindra,CNG,BS6,250,6,5,REG19,14/03/2019,3/14/2019
REG100284,23-12-2019,2019,Karnataka,Udaipur (RJ-27),4W,MUV,Toyota,Diesel,BS6,2179,7,5,REG19,23/12/2019,12/23/2019
REG100285,25-02-2024,2024,Karnataka,Hubli (KA-25),2W,Moped,Honda,Petrol,BS6,125,2,0,REG19,25/02/2024,2/25/2024
REG100286,29-04-2022,2022,Karnataka,Kochi (KL-07),3W,Tempo,Piaggio,CNG,BS6,0,7,2,REG19,29/04/2022,4/29/2022
REG100287,19-08-2023,2023,Karnataka,Coimbatore (TN-37),4W,MUV,Honda,Petrol,BS6,1968,8,1,REG19,19/08/2023,8/19/2023
REG100288,6/4/2019,2019,Karnataka,Pune (MH-12),2W,Moped,Honda,EV,BS4,0,2,5,REG19,6/4/2019,6/4/2019
REG100289,10/6/2022,2022,Karnataka,Jodhpur (RJ-19),3W,E-Rickshaw,Kinetic Green,Diesel,BS6,0,7,2,REG19,10/6/2022,10/6/2022
REG100290,27-12-2020,2020,Karnataka,Allahabad (UP-70),2W,Scooter,KTM,EV,BS4,0,2,4,REG19,27/12/2020,12/27/2020
REG100291,3/4/2020,2020,Karnataka,Patiala (PB-11),2W,Motorcycle,Yamaha,Petrol,BS6,200,2,4,REG19,3/4/2020,3/4/2020
REG100292,6/4/2022,2022,Karnataka,Kochi (KL-07),3W,E-Rickshaw,Atul Auto,CNG,BS6,0,7,2,REG19,6/4/2022,6/4/2022
REG100293,13-11-2020,2020,Karnataka,Warangal (TS-03),4W,MUV,Kia,Petrol,BS6,800,7,4,REG19,13/11/2020,11/13/2020
REG100294,17-12-2023,2023,Karnataka,Nashik (MH-15),2W,Scooter,Ather,EV,BS6,0,2,1,REG19,17/12/2023,12/17/2023
REG100295,30-05-2023,2023,Karnataka,Varanasi (UP-65),3W,Auto Rickshaw,Atul Auto,CNG,BS6,200,6,1,REG19,30/05/2023,5/30/2023
REG100296,9/10/2023,2023,Karnataka,Delhi South (DL-09),2W,Scooter,Ola Electric,Hybrid,BS6,400,2,1,REG19,9/10/2023,9/10/2023
REG100297,14-08-2023,2023,Karnataka,Belgaum (KA-22),2W,Moped,Yamaha,EV,BS6,0,2,1,REG19,14/08/2023,8/14/2023
REG100298,18-08-2024,2024,Karnataka,Delhi North (DL-04),2W,Moped,Bajaj,Petrol,BS6,160,2,0,REG19,18/08/2024,8/18/2024
REG100299,19-12-2023,2023,Karnataka,Jaipur (RJ-14),2W,Motorcycle,Bajaj,Petrol,BS6,200,2,1,REG19,19/12/2023,12/19/2023
REG100300,31-01-2023,2023,Karnataka,Kollam (KL-02),4W,Sedan,Skoda,Petrol,BS6,1598,7,1,REG19,31/01/2023,1/31/2023
REG100301,14-12-2022,2022,Karnataka,Patiala (PB-11),2W,Moped,Royal Enfield,Petrol,BS6,110,2,2,REG19,14/12/2022,12/14/2022
REG100302,8/5/2023,2023,Karnataka,Salem (TN-30),HCV,Trailer,MAN,Diesel,BS6,4998,32,1,REG19,8/5/2023,8/5/2023
REG100303,20-08-2023,2023,Karnataka,Delhi North (DL-04),3W,Tempo,Kinetic Green,CNG,BS6,200,7,1,REG19,20/08/2023,8/20/2023
REG100304,17-06-2022,2022,Karnataka,Mangalore (KA-19),3W,E-Rickshaw,Kinetic Green,Diesel,BS6,200,7,2,REG19,17/06/2022,6/17/2022
REG100305,19-04-2021,2021,Karnataka,Mangalore (KA-19),4W,SUV,Hyundai,Diesel,BS6,2179,7,3,REG19,19/04/2021,4/19/2021
REG100306,15-12-2024,2024,Karnataka,Kota (RJ-20),2W,Moped,TVS,EV,BS6,0,2,0,REG19,15/12/2024,12/15/2024
REG100307,13-08-2024,2024,Karnataka,Mumbai Central (MH-01),4W,MUV,Maruti Suzuki,Petrol,BS6,2179,5,0,REG19,13/08/2024,8/13/2024
REG100308,17-02-2024,2024,Karnataka,Kanpur (UP-78),OTH,Tractor,John Deere,Diesel,BS6,5660,32,0,REG19,17/02/2024,2/17/2024
REG100309,25-12-2023,2023,Karnataka,Hubli (KA-25),4W,Sedan,Maruti Suzuki,Diesel,BS6,1462,8,1,REG19,25/12/2023,12/25/2023
REG100310,26-04-2019,2019,Karnataka,Bhopal (MP-04),4W,Hatchback,Mahindra,Diesel,BS4,0,8,5,REG19,26/04/2019,4/26/2019
REG100311,28-04-2019,2019,Karnataka,Mumbai Central (MH-01),4W,Hatchback,Honda,EV,BS4,0,5,5,REG19,28/04/2019,4/28/2019
REG100312,10/3/2021,2021,Karnataka,Thiruvananthapuram (KL-01),2W,Scooter,Royal Enfield,Petrol,BS4,125,2,3,REG19,10/3/2021,10/3/2021
REG100313,19-03-2023,2023,Karnataka,Belgaum (KA-22),4W,Sedan,MG,Diesel,BS6,1968,8,1,REG19,19/03/2023,3/19/2023
REG100314,8/8/2023,2023,Karnataka,Delhi Central (DL-01),LCV,Mini Truck,Tata Motors,CNG,BS6,3298,9,1,REG19,8/8/2023,8/8/2023
REG100315,26-05-2022,2022,Karnataka,Delhi West (DL-08),4W,Sedan,Renault,CNG,BS6,800,7,2,REG19,26/05/2022,5/26/2022
REG100316,11/9/2023,2023,Karnataka,Delhi South (DL-09),4W,Sedan,Honda,Petrol,BS6,1968,5,1,REG19,11/9/2023,11/9/2023
REG100317,8/3/2024,2024,Karnataka,Delhi North (DL-04),4W,Hatchback,Renault,Petrol,BS6,1968,8,0,REG19,8/3/2024,8/3/2024
REG100318,15-05-2022,2022,Karnataka,Ajmer (RJ-01),4W,MUV,Hyundai,Petrol,BS6,1462,5,2,REG19,15/05/2022,5/15/2022
REG100319,26-12-2023,2023,Karnataka,Nashik (MH-15),3W,Tempo,Kinetic Green,Diesel,BS6,0,3,1,REG19,26/12/2023,12/26/2023
REG100320,15-04-2021,2021,Karnataka,Ujjain (MP-13),4W,Sedan,Kia,Petrol,BS6,1197,7,3,REG19,15/04/2021,4/15/2021
REG100321,30-01-2022,2022,Karnataka,Allahabad (UP-70),4W,Hatchback,Kia,EV,BS6,0,5,2,REG19,30/01/2022,1/30/2022
REG100322,31-03-2023,2023,Karnataka,Lucknow (UP-32),3W,Tempo,Bajaj,CNG,BS6,200,3,1,REG19,31/03/2023,3/31/2023
REG100323,13-05-2022,2022,Karnataka,Kochi (KL-07),4W,Sedan,MG,Diesel,BS6,1197,7,2,REG19,13/05/2022,5/13/2022
REG100324,26-09-2023,2023,Karnataka,Madurai (TN-58),4W,Hatchback,Maruti Suzuki,Diesel,BS6,1000,7,1,REG19,26/09/2023,9/26/2023
REG100325,18-10-2021,2021,Karnataka,Kollam (KL-02),4W,MUV,MG,Diesel,BS6,1197,7,3,REG19,18/10/2021,10/18/2021
REG100326,7/1/2022,2022,Karnataka,Madurai (TN-58),4W,Hatchback,Mahindra,Hybrid,BS6,1462,5,2,REG19,7/1/2022,7/1/2022
REG100327,2/12/2022,2022,Karnataka,Durgapur (WB-40),2W,Motorcycle,TVS,Petrol,BS6,250,2,2,REG19,2/12/2022,2/12/2022
REG100328,10/7/2023,2023,Karnataka,Delhi West (DL-08),2W,Moped,Yamaha,Petrol,BS6,110,2,1,REG19,10/7/2023,10/7/2023
REG100329,25-05-2019,2019,Karnataka,Hyderabad (TS-09),2W,Moped,Hero,Petrol,BS4,160,2,5,REG19,25/05/2019,5/25/2019
REG100330,15-11-2021,2021,Karnataka,Jaipur (RJ-14),4W,Hatchback,Toyota,Petrol,BS6,1462,8,3,REG19,15/11/2021,11/15/2021
REG100331,4/1/2023,2023,Karnataka,Ajmer (RJ-01),OTH,Tractor,Escorts,Petrol,BS6,6700,1,1,REG19,4/1/2023,4/1/2023
REG100332,12/7/2018,2018,Karnataka,Delhi South (DL-09),2W,Moped,Hero,Petrol,BS4,160,2,6,REG19,12/7/2018,12/7/2018
REG100333,30-12-2024,2024,Karnataka,Mysore (KA-09),3W,Auto Rickshaw,Mahindra,Diesel,BS6,250,3,0,REG19,30/12/2024,12/30/2024
REG100334,13-02-2024,2024,Karnataka,Pune (MH-12),LCV,Light Bus,Force Motors,CNG,BS6,2523,15,0,REG19,13/02/2024,2/13/2024
REG100335,2/5/2023,2023,Karnataka,Salem (TN-30),2W,Moped,Hero,EV,BS6,0,2,1,REG19,2/5/2023,2/5/2023
REG100336,20-05-2021,2021,Karnataka,Vadodara (GJ-06),HCV,Tanker,MAN,CNG,BS6,4998,1,3,REG19,20/05/2021,5/20/2021
REG100337,9/6/2020,2020,Karnataka,Delhi East (DL-02),4W,Hatchback,Tata Motors,Petrol,BS6,1968,5,4,REG19,9/6/2020,9/6/2020
REG100338,16-02-2022,2022,Karnataka,Nizamabad (TS-05),HCV,Bus,BharatBenz,Diesel,BS6,4998,32,2,REG19,16/02/2022,2/16/2022
REG100339,22-07-2023,2023,Karnataka,Kollam (KL-02),2W,Scooter,TVS,Petrol,BS6,400,2,1,REG19,22/07/2023,7/22/2023
REG100340,8/10/2024,2024,Karnataka,Nagpur (MH-31),2W,Motorcycle,Hero,Petrol,BS6,150,2,0,REG19,8/10/2024,8/10/2024
REG100341,24-04-2019,2019,Karnataka,Mangalore (KA-19),2W,Motorcycle,Honda,Petrol,BS6,125,2,5,REG19,24/04/2019,4/24/2019
REG100342,12/1/2022,2022,Karnataka,Delhi North (DL-04),2W,Moped,Honda,EV,BS6,0,2,2,REG19,12/1/2022,12/1/2022
REG100343,26-01-2018,2018,Karnataka,Delhi North (DL-04),4W,Hatchback,Toyota,Petrol,BS4,1197,8,6,REG19,26/01/2018,1/26/2018
REG100344,5/4/2020,2020,Karnataka,Thrissur (KL-08),3W,E-Rickshaw,Kinetic Green,Diesel,BS6,250,6,4,REG19,5/4/2020,5/4/2020
REG100345,30-07-2023,2023,Karnataka,Howrah (WB-13),2W,Moped,Ola Electric,Petrol,BS6,400,2,1,REG19,30/07/2023,7/30/2023
REG100346,7/5/2020,2020,Karnataka,Kolkata (WB-01),2W,Scooter,TVS,Petrol,BS6,400,2,4,REG19,7/5/2020,7/5/2020
REG100347,17-10-2023,2023,Karnataka,Nashik (MH-15),4W,SUV,MG,Diesel,BS6,0,7,1,REG19,17/10/2023,10/17/2023
REG100348,24-05-2018,2018,Karnataka,Agra (UP-80),2W,Scooter,Ola Electric,Petrol,BS3,100,2,6,REG19,24/05/2018,5/24/2018
REG100349,4/5/2019,2019,Karnataka,Asansol (WB-39),2W,Moped,Bajaj,Petrol,BS4,160,2,5,REG19,4/5/2019,4/5/2019
REG100350,1/4/2021,2021,Karnataka,Hyderabad (TS-09),4W,Sedan,Skoda,Diesel,BS6,1462,7,3,REG19,1/4/2021,1/4/2021
REG100351,16-10-2021,2021,Karnataka,Kozhikode (KL-11),HCV,Truck,MAN,CNG,BS6,4998,52,3,REG19,16/10/2021,10/16/2021
REG100352,5/11/2019,2019,Karnataka,Delhi North (DL-04),4W,Sedan,MG,Petrol,BS4,1462,5,5,REG19,5/11/2019,5/11/2019
REG100353,15-06-2021,2021,Karnataka,Karimnagar (TS-01),2W,Moped,Bajaj,Petrol,BS6,100,2,3,REG19,15/06/2021,6/15/2021
REG100354,10/7/2024,2024,Karnataka,Pune (MH-12),4W,Sedan,Hyundai,Diesel,BS6,1968,5,0,REG19,10/7/2024,10/7/2024
REG100355,11/6/2024,2024,Karnataka,Kota (RJ-20),2W,Motorcycle,Suzuki,EV,BS6,0,2,0,REG19,11/6/2024,11/6/2024
REG100356,13-07-2022,2022,Karnataka,Kollam (KL-02),4W,SUV,Mahindra,EV,BS6,0,7,2,REG19,13/07/2022,7/13/2022
REG100357,9/11/2020,2020,Karnataka,Coimbatore (TN-37),4W,MUV,Skoda,Petrol,BS6,1462,5,4,REG19,9/11/2020,9/11/2020
REG100358,21-11-2024,2024,Karnataka,Howrah (WB-13),2W,Motorcycle,Bajaj,Petrol,BS6,110,2,0,REG19,21/11/2024,11/21/2024
REG100359,12/5/2023,2023,Karnataka,Kozhikode (KL-11),2W,Scooter,Bajaj,Petrol,BS6,110,2,1,REG19,12/5/2023,12/5/2023
REG100360,12/7/2024,2024,Karnataka,Thiruvananthapuram (KL-01),2W,Scooter,Suzuki,Petrol,BS6,200,2,0,REG19,12/7/2024,12/7/2024
REG100361,25-03-2023,2023,Karnataka,Karimnagar (TS-01),2W,Scooter,Ola Electric,EV,BS6,0,2,1,REG19,25/03/2023,3/25/2023
REG100362,12/7/2019,2019,Karnataka,Bangalore Central (KA-01),2W,Scooter,Royal Enfield,Petrol,BS4,125,2,5,REG19,12/7/2019,12/7/2019
REG100363,26-12-2024,2024,Karnataka,Thiruvananthapuram (KL-01),4W,Hatchback,Toyota,CNG,BS6,800,8,0,REG19,26/12/2024,12/26/2024
REG100364,8/4/2019,2019,Karnataka,Indore (MP-09),4W,MUV,Tata Motors,Petrol,BS4,1968,7,5,REG19,8/4/2019,8/4/2019
REG100365,20-03-2022,2022,Karnataka,Gwalior (MP-07),2W,Motorcycle,Hero,Petrol,BS6,100,2,2,REG19,20/03/2022,3/20/2022
REG100366,15-04-2020,2020,Karnataka,Jaipur (RJ-14),2W,Scooter,Ola Electric,EV,BS6,0,2,4,REG19,15/04/2020,4/15/2020
REG100367,8/9/2023,2023,Karnataka,Gwalior (MP-07),OTH,Crane,Mahindra,Diesel,BS6,5660,1,1,REG19,8/9/2023,8/9/2023
REG100368,14-05-2020,2020,Karnataka,Ujjain (MP-13),2W,Scooter,Suzuki,Petrol,BS6,350,2,4,REG19,14/05/2020,5/14/2020
REG100369,7/12/2020,2020,Karnataka,Durgapur (WB-40),2W,Scooter,Ola Electric,Petrol,BS4,110,2,4,REG19,7/12/2020,7/12/2020
REG100370,25-09-2022,2022,Karnataka,Hubli (KA-25),4W,MUV,Skoda,Petrol,BS6,1968,8,2,REG19,25/09/2022,9/25/2022
REG100371,22-09-2018,2018,Karnataka,Ludhiana (PB-10),3W,Auto Rickshaw,Mahindra,Petrol,BS4,225,3,6,REG19,22/09/2018,9/22/2018
REG100372,10/2/2019,2019,Karnataka,Howrah (WB-13),HCV,Bus,Ashok Leyland,Diesel,BS4,6700,2,5,REG19,10/2/2019,10/2/2019
REG100373,14-02-2024,2024,Karnataka,Indore (MP-09),LCV,Pickup Van,Ashok Leyland,EV,BS6,0,15,0,REG19,14/02/2024,2/14/2024
REG100374,24-12-2024,2024,Karnataka,Allahabad (UP-70),2W,Scooter,Ather,EV,BS6,0,2,0,REG19,24/12/2024,12/24/2024
REG100375,25-10-2020,2020,Karnataka,Patiala (PB-11),4W,Hatchback,Honda,Petrol,BS6,1000,5,4,REG19,25/10/2020,10/25/2020
REG100376,20-10-2021,2021,Karnataka,Chandigarh (CH-01),4W,SUV,Honda,Petrol,BS6,2179,5,3,REG19,20/10/2021,10/20/2021
REG100377,22-07-2023,2023,Karnataka,Madurai (TN-58),2W,Moped,Ola Electric,CNG,BS6,200,2,1,REG19,22/07/2023,7/22/2023
REG100378,9/6/2018,2018,Karnataka,Kochi (KL-07),2W,Scooter,Royal Enfield,Petrol,BS4,160,2,6,REG19,9/6/2018,9/6/2018
REG100379,13-06-2024,2024,Karnataka,Kolkata (WB-01),OTH,Tractor,TAFE,Diesel,BS6,5660,45,0,REG19,13/06/2024,6/13/2024
REG100380,11/7/2022,2022,Karnataka,Chandigarh (CH-01),2W,Motorcycle,Suzuki,CNG,BS6,100,2,2,REG19,11/7/2022,11/7/2022
REG100381,19-10-2019,2019,Karnataka,Warangal (TS-03),2W,Moped,Ather,Petrol,BS4,100,2,5,REG19,19/10/2019,10/19/2019
REG100382,4/7/2018,2018,Karnataka,Coimbatore (TN-37),LCV,Mini Truck,Tata Motors,Diesel,BS4,2956,12,6,REG19,4/7/2018,4/7/2018
REG100383,8/9/2018,2018,Karnataka,Udaipur (RJ-27),3W,Tempo,Bajaj,EV,BS4,0,3,6,REG19,8/9/2018,8/9/2018
REG100384,16-02-2023,2023,Karnataka,Asansol (WB-39),4W,SUV,Tata Motors,Petrol,BS6,1498,5,1,REG19,16/02/2023,2/16/2023
REG100385,16-04-2023,2023,Karnataka,Lucknow (UP-32),2W,Moped,Bajaj,Petrol,BS6,160,2,1,REG19,16/04/2023,4/16/2023
REG100386,29-03-2024,2024,Karnataka,Jabalpur (MP-20),3W,Tempo,Bajaj,Diesel,BS6,200,3,0,REG19,29/03/2024,3/29/2024
REG100387,23-08-2024,2024,Karnataka,Gandhinagar (GJ-18),4W,SUV,Kia,Diesel,BS6,1498,6,0,REG19,23/08/2024,8/23/2024
REG100388,11/7/2018,2018,Karnataka,Durgapur (WB-40),4W,MUV,Skoda,Petrol,BS4,0,7,6,REG19,11/7/2018,11/7/2018
REG100389,14-05-2021,2021,Karnataka,Ahmedabad (GJ-01),3W,E-Rickshaw,TVS,EV,BS6,0,3,3,REG19,14/05/2021,5/14/2021
REG100390,13-03-2023,2023,Karnataka,Trichy (TN-45),4W,Hatchback,Skoda,Diesel,BS6,800,8,1,REG19,13/03/2023,3/13/2023
REG100391,20-10-2018,2018,Karnataka,Vadodara (GJ-06),LCV,Pickup Van,Force Motors,EV,BS4,0,12,6,REG19,20/10/2018,10/20/2018
REG100392,3/12/2021,2021,Karnataka,Kochi (KL-07),4W,MUV,Toyota,Diesel,BS6,0,6,3,REG19,3/12/2021,3/12/2021
REG100393,4/4/2023,2023,Karnataka,Ahmedabad (GJ-01),3W,Tempo,TVS,Petrol,BS6,250,7,1,REG19,4/4/2023,4/4/2023
REG100394,10/7/2023,2023,Karnataka,Mysore (KA-09),2W,Moped,Royal Enfield,Petrol,BS6,160,2,1,REG19,10/7/2023,10/7/2023
REG100395,24-10-2024,2024,Karnataka,Amritsar (PB-02),3W,Auto Rickshaw,Mahindra,CNG,BS6,200,6,0,REG19,24/10/2024,10/24/2024
REG100396,19-03-2021,2021,Karnataka,Delhi South (DL-09),2W,Moped,Suzuki,EV,BS6,0,2,3,REG19,19/03/2021,3/19/2021
REG100397,3/4/2021,2021,Karnataka,Delhi West (DL-08),2W,Moped,KTM,Petrol,BS6,110,2,3,REG19,3/4/2021,3/4/2021
REG100398,21-05-2018,2018,Karnataka,Durgapur (WB-40),4W,Sedan,Toyota,EV,BS4,0,6,6,REG19,21/05/2018,5/21/2018
REG100399,26-07-2022,2022,Karnataka,Ludhiana (PB-10),3W,Auto Rickshaw,Piaggio,EV,BS6,0,6,2,REG19,26/07/2022,7/26/2022
REG100400,28-09-2024,2024,Karnataka,Lucknow (UP-32),2W,Motorcycle,Yamaha,Petrol,BS6,150,2,0,REG19,28/09/2024,9/28/2024
REG100401,7/3/2024,2024,Karnataka,Mumbai Central (MH-01),4W,Sedan,Mahindra,EV,BS6,0,8,0,REG19,7/3/2024,7/3/2024
REG100402,23-09-2024,2024,Karnataka,Khammam (TS-07),2W,Motorcycle,Hero,Petrol,BS6,0,2,0,REG19,23/09/2024,9/23/2024
REG100403,2/7/2024,2024,Karnataka,Nizamabad (TS-05),2W,Moped,TVS,Petrol,BS6,150,2,0,REG19,2/7/2024,2/7/2024
REG100404,16-09-2023,2023,Karnataka,Salem (TN-30),2W,Motorcycle,TVS,Petrol,BS6,125,2,1,REG19,16/09/2023,9/16/2023
REG100405,15-11-2020,2020,Karnataka,Hubli (KA-25),4W,Hatchback,Honda,EV,BS6,0,5,4,REG19,15/11/2020,11/15/2020
REG100406,14-07-2019,2019,Karnataka,Bhopal (MP-04),4W,Hatchback,Maruti Suzuki,EV,BS4,0,7,5,REG19,14/07/2019,7/14/2019
REG100407,6/12/2022,2022,Karnataka,Howrah (WB-13),2W,Moped,Hero,Petrol,BS6,400,2,2,REG19,6/12/2022,6/12/2022
REG100408,2/3/2022,2022,Karnataka,Gandhinagar (GJ-18),4W,Sedan,Honda,Petrol,BS6,1498,5,2,REG19,2/3/2022,2/3/2022
REG100409,26-12-2024,2024,Karnataka,Mangalore (KA-19),2W,Motorcycle,Royal Enfield,EV,BS6,0,2,0,REG19,26/12/2024,12/26/2024
REG100410,30-04-2024,2024,Karnataka,Surat (GJ-05),2W,Scooter,Bajaj,CNG,BS6,100,2,0,REG19,30/04/2024,4/30/2024
REG100411,18-09-2024,2024,Karnataka,Mumbai Central (MH-01),LCV,Light Bus,Force Motors,Diesel,BS6,2523,15,0,REG19,18/09/2024,9/18/2024
REG100412,15-05-2024,2024,Karnataka,Thiruvananthapuram (KL-01),LCV,Light Bus,Mahindra,Diesel,BS6,0,9,0,REG19,15/05/2024,5/15/2024
REG100413,1/3/2021,2021,Karnataka,Mysore (KA-09),LCV,Pickup Van,Ashok Leyland,CNG,BS6,2523,9,3,REG19,1/3/2021,1/3/2021
REG100414,17-05-2024,2024,Karnataka,Pune (MH-12),4W,Sedan,Toyota,Diesel,BS6,1000,7,0,REG19,17/05/2024,5/17/2024
REG100415,2/9/2023,2023,Karnataka,Jodhpur (RJ-19),2W,Scooter,KTM,Petrol,BS6,250,2,1,REG19,2/9/2023,2/9/2023
REG100416,5/9/2019,2019,Karnataka,Indore (MP-09),2W,Moped,Hero,Petrol,BS4,0,2,5,REG19,5/9/2019,5/9/2019
REG100417,8/3/2018,2018,Karnataka,Jabalpur (MP-20),2W,Scooter,Yamaha,EV,BS4,0,2,6,REG19,8/3/2018,8/3/2018
REG100418,7/1/2021,2021,Karnataka,Kolkata (WB-01),LCV,Pickup Van,Tata Motors,Diesel,BS6,2956,15,3,REG19,7/1/2021,7/1/2021
REG100419,8/5/2022,2022,Karnataka,Ajmer (RJ-01),3W,Tempo,Atul Auto,CNG,BS6,0,6,2,REG19,8/5/2022,8/5/2022
REG100420,16-09-2018,2018,Karnataka,Jabalpur (MP-20),2W,Moped,Ola Electric,Petrol,BS4,350,2,6,REG19,16/09/2018,9/16/2018
REG100421,26-01-2021,2021,Karnataka,Howrah (WB-13),2W,Scooter,Yamaha,Petrol,BS6,400,2,3,REG19,26/01/2021,1/26/2021
REG100422,18-08-2022,2022,Karnataka,Delhi South (DL-09),4W,MUV,Mahindra,Petrol,BS6,1000,8,2,REG19,18/08/2022,8/18/2022
REG100423,13-10-2021,2021,Karnataka,Durgapur (WB-40),2W,Scooter,Hero,Petrol,BS6,400,2,3,REG19,13/10/2021,10/13/2021
REG100424,21-08-2020,2020,Karnataka,Mumbai Central (MH-01),4W,SUV,Renault,CNG,BS4,1598,7,4,REG19,21/08/2020,8/21/2020
REG100425,3/12/2022,2022,Karnataka,Pune (MH-12),LCV,Pickup Van,Eicher,EV,BS6,0,15,2,REG19,3/12/2022,3/12/2022
REG100426,30-05-2021,2021,Karnataka,Kolkata (WB-01),2W,Moped,Bajaj,Petrol,BS6,400,2,3,REG19,30/05/2021,5/30/2021
REG100427,28-07-2020,2020,Karnataka,Nizamabad (TS-05),4W,Hatchback,Tata Motors,Diesel,BS4,1000,7,4,REG19,28/07/2020,7/28/2020
REG100428,23-06-2023,2023,Karnataka,Ludhiana (PB-10),2W,Scooter,Bajaj,EV,BS6,0,2,1,REG19,23/06/2023,6/23/2023
REG100429,10/3/2023,2023,Karnataka,Lucknow (UP-32),HCV,Truck,BharatBenz,Diesel,BS6,6700,1,1,REG19,10/3/2023,10/3/2023
REG100430,31-03-2024,2024,Karnataka,Hyderabad (TS-09),4W,MUV,Skoda,Diesel,BS6,1197,6,0,REG19,31/03/2024,3/31/2024
REG100431,21-12-2021,2021,Karnataka,Mangalore (KA-19),4W,SUV,Renault,Diesel,BS6,1462,7,3,REG19,21/12/2021,12/21/2021
REG100432,20-09-2021,2021,Karnataka,Agra (UP-80),OTH,Crane,TAFE,Diesel,BS6,5660,52,3,REG19,20/09/2021,9/20/2021
REG100433,26-06-2023,2023,Karnataka,Ajmer (RJ-01),4W,Sedan,Mahindra,CNG,BS6,1197,6,1,REG19,26/06/2023,6/26/2023
REG100434,26-10-2021,2021,Karnataka,Khammam (TS-07),4W,SUV,Hyundai,Hybrid,BS6,1968,7,3,REG19,26/10/2021,10/26/2021
REG100435,13-04-2018,2018,Karnataka,Lucknow (UP-32),3W,Auto Rickshaw,Mahindra,CNG,BS4,250,3,6,REG19,13/04/2018,4/13/2018
REG100436,3/7/2023,2023,Karnataka,Vadodara (GJ-06),2W,Motorcycle,Royal Enfield,Petrol,BS6,350,2,1,REG19,3/7/2023,3/7/2023
REG100437,19-07-2023,2023,Karnataka,Belgaum (KA-22),LCV,Light Bus,Eicher,Diesel,BS6,2956,15,1,REG19,19/07/2023,7/19/2023
REG100438,10/6/2021,2021,Karnataka,Kozhikode (KL-11),4W,Hatchback,Honda,Diesel,BS6,0,5,3,REG19,10/6/2021,10/6/2021
REG100439,8/7/2023,2023,Karnataka,Nagpur (MH-31),2W,Scooter,Bajaj,EV,BS6,0,2,1,REG19,8/7/2023,8/7/2023
REG100440,8/2/2022,2022,Karnataka,Khammam (TS-07),2W,Moped,Bajaj,Petrol,BS6,125,2,2,REG19,8/2/2022,8/2/2022
REG100441,24-03-2022,2022,Karnataka,Trichy (TN-45),2W,Motorcycle,Suzuki,Petrol,BS6,0,2,2,REG19,24/03/2022,3/24/2022
REG100442,1/11/2020,2020,Karnataka,Ahmedabad (GJ-01),2W,Moped,TVS,Petrol,BS6,100,2,4,REG19,1/11/2020,1/11/2020
REG100443,29-12-2022,2022,Karnataka,Ujjain (MP-13),LCV,Pickup Van,Force Motors,CNG,BS6,3298,15,2,REG19,29/12/2022,12/29/2022
REG100444,17-02-2022,2022,Karnataka,Delhi East (DL-02),3W,Tempo,Piaggio,Diesel,BS6,250,3,2,REG19,17/02/2022,2/17/2022
REG100445,15-10-2022,2022,Karnataka,Delhi West (DL-08),2W,Scooter,Bajaj,Hybrid,BS6,100,2,2,REG19,15/10/2022,10/15/2022
REG100446,15-12-2020,2020,Karnataka,Hubli (KA-25),2W,Moped,Ola Electric,EV,BS6,0,2,4,REG19,15/12/2020,12/15/2020
REG100447,10/7/2024,2024,Karnataka,Lucknow (UP-32),2W,Moped,Royal Enfield,Petrol,BS6,400,2,0,REG19,10/7/2024,10/7/2024
REG100448,19-02-2021,2021,Karnataka,Karimnagar (TS-01),3W,E-Rickshaw,Kinetic Green,CNG,BS6,225,7,3,REG19,19/02/2021,2/19/2021
REG100449,16-04-2022,2022,Karnataka,Hyderabad (TS-09),4W,Sedan,Mahindra,EV,BS6,0,8,2,REG19,16/04/2022,4/16/2022
REG100450,14-02-2023,2023,Karnataka,Bhopal (MP-04),4W,Sedan,Maruti Suzuki,Diesel,BS6,1000,5,1,REG19,14/02/2023,2/14/2023
REG100451,27-07-2021,2021,Karnataka,Madurai (TN-58),4W,Sedan,Kia,Diesel,BS6,1968,7,3,REG19,27/07/2021,7/27/2021
REG100452,24-01-2023,2023,Karnataka,Nashik (MH-15),4W,Hatchback,Skoda,Petrol,BS6,1000,7,1,REG19,24/01/2023,1/24/2023
REG100453,13-08-2019,2019,Karnataka,Hyderabad (TS-09),2W,Moped,Royal Enfield,EV,BS6,0,2,5,REG19,13/08/2019,8/13/2019
REG100454,1/6/2023,2023,Karnataka,Lucknow (UP-32),3W,Tempo,Piaggio,CNG,BS6,225,6,1,REG19,1/6/2023,1/6/2023
REG100455,3/1/2020,2020,Karnataka,Gwalior (MP-07),HCV,Truck,Eicher,Diesel,BS6,0,52,4,REG19,3/1/2020,3/1/2020
REG100456,26-06-2023,2023,Karnataka,Allahabad (UP-70),4W,Hatchback,Kia,Petrol,BS6,1462,8,1,REG19,26/06/2023,6/26/2023
REG100457,28-02-2023,2023,Karnataka,Ujjain (MP-13),2W,Motorcycle,Bajaj,EV,BS6,0,2,1,REG19,28/02/2023,2/28/2023
REG100458,10/12/2022,2022,Karnataka,Ujjain (MP-13),LCV,Light Bus,Force Motors,CNG,BS6,2523,12,2,REG19,10/12/2022,10/12/2022
REG100459,1/5/2019,2019,Karnataka,Mysore (KA-09),4W,MUV,Toyota,Diesel,BS4,1000,7,5,REG19,1/5/2019,1/5/2019
REG100460,6/6/2021,2021,Karnataka,Chandigarh (CH-01),LCV,Pickup Van,Force Motors,Diesel,BS6,2956,15,3,REG19,6/6/2021,6/6/2021
REG100461,31-12-2021,2021,Karnataka,Amritsar (PB-02),4W,MUV,Tata Motors,Petrol,BS6,1968,7,3,REG19,31/12/2021,12/31/2021
REG100462,6/6/2022,2022,Karnataka,Jodhpur (RJ-19),4W,SUV,MG,Diesel,BS4,2179,5,2,REG19,6/6/2022,6/6/2022
REG100463,16-11-2020,2020,Karnataka,Trichy (TN-45),2W,Scooter,TVS,EV,BS4,0,2,4,REG19,16/11/2020,11/16/2020
REG100464,30-10-2022,2022,Karnataka,Thiruvananthapuram (KL-01),LCV,Light Bus,Tata Motors,CNG,BS4,2956,9,2,REG19,30/10/2022,10/30/2022
REG100465,29-10-2021,2021,Karnataka,Nizamabad (TS-05),4W,MUV,Tata Motors,Diesel,BS4,1498,6,3,REG19,29/10/2021,10/29/2021
REG100466,11/11/2018,2018,Karnataka,Asansol (WB-39),3W,E-Rickshaw,TVS,Diesel,BS4,225,7,6,REG19,11/11/2018,11/11/2018
REG100467,4/9/2024,2024,Karnataka,Salem (TN-30),2W,Moped,Ola Electric,EV,BS6,0,2,0,REG19,4/9/2024,4/9/2024
REG100468,9/12/2021,2021,Karnataka,Pune (MH-12),4W,Sedan,Hyundai,Petrol,BS6,1462,7,3,REG19,9/12/2021,9/12/2021
REG100469,24-09-2021,2021,Karnataka,Varanasi (UP-65),HCV,Truck,Tata Motors,Diesel,BS6,5660,32,3,REG19,24/09/2021,9/24/2021
REG100470,22-09-2022,2022,Karnataka,Patiala (PB-11),4W,MUV,Honda,Diesel,BS6,1498,8,2,REG19,22/09/2022,9/22/2022
REG100471,13-09-2024,2024,Karnataka,Delhi South (DL-09),2W,Scooter,KTM,EV,BS6,0,2,0,REG19,13/09/2024,9/13/2024
REG100472,4/7/2020,2020,Karnataka,Howrah (WB-13),2W,Moped,Royal Enfield,Petrol,BS6,0,2,4,REG19,4/7/2020,4/7/2020
REG100473,3/9/2019,2019,Karnataka,Thiruvananthapuram (KL-01),4W,MUV,Toyota,Hybrid,BS4,2179,6,5,REG19,3/9/2019,3/9/2019
REG100474,31-10-2018,2018,Karnataka,Ludhiana (PB-10),4W,MUV,Maruti Suzuki,Petrol,BS4,1197,6,6,REG19,31/10/2018,10/31/2018
REG100475,21-09-2020,2020,Karnataka,Ujjain (MP-13),2W,Moped,TVS,Petrol,BS6,250,2,4,REG19,21/09/2020,9/21/2020
REG100476,4/9/2022,2022,Karnataka,Patiala (PB-11),4W,SUV,Hyundai,Petrol,BS6,1197,6,2,REG19,4/9/2022,4/9/2022
REG100477,27-03-2023,2023,Karnataka,Allahabad (UP-70),2W,Moped,TVS,EV,BS6,0,2,1,REG19,27/03/2023,3/27/2023
REG100478,14-04-2019,2019,Karnataka,Asansol (WB-39),4W,Sedan,Honda,Diesel,BS4,0,8,5,REG19,14/04/2019,4/14/2019
REG100479,15-09-2018,2018,Karnataka,Trichy (TN-45),2W,Scooter,Ola Electric,EV,BS4,0,2,6,REG19,15/09/2018,9/15/2018
REG100480,24-12-2022,2022,Karnataka,Mangalore (KA-19),4W,Hatchback,Honda,Diesel,BS6,0,8,2,REG19,24/12/2022,12/24/2022
REG100481,23-12-2023,2023,Karnataka,Delhi North (DL-04),4W,MUV,Toyota,CNG,BS6,1000,8,1,REG19,23/12/2023,12/23/2023
REG100482,29-07-2022,2022,Karnataka,Madurai (TN-58),3W,Auto Rickshaw,Bajaj,CNG,BS6,250,3,2,REG19,29/07/2022,7/29/2022
REG100483,19-12-2021,2021,Karnataka,Mumbai Central (MH-01),4W,Hatchback,Renault,Petrol,BS6,1598,8,3,REG19,19/12/2021,12/19/2021
REG100484,5/8/2021,2021,Karnataka,Jaipur (RJ-14),2W,Moped,Ola Electric,Petrol,BS6,0,2,3,REG19,5/8/2021,5/8/2021
REG100485,12/10/2020,2020,Karnataka,Ajmer (RJ-01),2W,Moped,Suzuki,Hybrid,BS6,350,2,4,REG19,12/10/2020,12/10/2020
REG100486,28-12-2022,2022,Karnataka,Madurai (TN-58),4W,MUV,Kia,Petrol,BS4,1968,6,2,REG19,28/12/2022,12/28/2022
REG100487,22-06-2020,2020,Karnataka,Bhopal (MP-04),4W,MUV,Tata Motors,Petrol,BS6,0,5,4,REG19,22/06/2020,6/22/2020
REG100488,11/8/2022,2022,Karnataka,Salem (TN-30),HCV,Truck,Tata Motors,Diesel,BS6,3760,1,2,REG19,11/8/2022,11/8/2022
REG100489,11/11/2021,2021,Karnataka,Surat (GJ-05),2W,Moped,Hero,CNG,BS6,400,2,3,REG19,11/11/2021,11/11/2021
REG100490,23-09-2018,2018,Karnataka,Gandhinagar (GJ-18),2W,Motorcycle,KTM,EV,BS4,0,2,6,REG19,23/09/2018,9/23/2018
REG100491,3/5/2023,2023,Karnataka,Delhi Central (DL-01),4W,Sedan,Skoda,Petrol,BS6,800,6,1,REG19,3/5/2023,3/5/2023
REG100492,8/1/2022,2022,Karnataka,Hubli (KA-25),4W,SUV,Honda,Diesel,BS6,1000,5,2,REG19,8/1/2022,8/1/2022
REG100493,20-08-2020,2020,Karnataka,Nizamabad (TS-05),4W,SUV,Toyota,Petrol,BS6,1968,5,4,REG19,20/08/2020,8/20/2020
REG100494,1/3/2022,2022,Karnataka,Surat (GJ-05),2W,Motorcycle,Ather,Petrol,BS6,400,2,2,REG19,1/3/2022,1/3/2022
REG100495,5/5/2022,2022,Karnataka,Gandhinagar (GJ-18),4W,SUV,MG,Diesel,BS4,1598,8,2,REG19,5/5/2022,5/5/2022
REG100496,20-11-2020,2020,Karnataka,Jabalpur (MP-20),LCV,Mini Truck,Force Motors,Diesel,BS6,2956,15,4,REG19,20/11/2020,11/20/2020
REG100497,15-05-2022,2022,Karnataka,Kochi (KL-07),4W,MUV,Toyota,Diesel,BS6,1462,7,2,REG19,15/05/2022,5/15/2022
REG100498,9/6/2024,2024,Karnataka,Mangalore (KA-19),4W,SUV,Hyundai,CNG,BS6,1598,6,0,REG19,9/6/2024,9/6/2024
REG100499,4/5/2023,2023,Karnataka,Amritsar (PB-02),2W,Moped,Bajaj,EV,BS6,0,2,1,REG19,4/5/2023,4/5/2023
REG100500,2/3/2020,2020,Karnataka,Delhi East (DL-02),2W,Motorcycle,Ola Electric,Petrol,BS6,110,2,4,REG19,2/3/2020,2/3/2020
REG100501,22-10-2023,2023,Karnataka,Jabalpur (MP-20),4W,Hatchback,MG,Diesel,BS6,1498,8,1,REG19,22/10/2023,10/22/2023
REG100502,2/9/2018,2018,Karnataka,Trichy (TN-45),2W,Motorcycle,Ola Electric,Petrol,BS4,400,2,6,REG19,2/9/2018,2/9/2018
REG100503,22-09-2024,2024,Karnataka,Aurangabad (MH-20),2W,Moped,TVS,EV,BS6,0,2,0,REG19,22/09/2024,9/22/2024
REG100504,10/11/2019,2019,Karnataka,Jaipur (RJ-14),2W,Motorcycle,Suzuki,EV,BS4,0,2,5,REG19,10/11/2019,10/11/2019
REG100505,13-09-2021,2021,Karnataka,Trichy (TN-45),2W,Scooter,KTM,EV,BS6,0,2,3,REG19,13/09/2021,9/13/2021
REG100506,20-10-2021,2021,Karnataka,Delhi North (DL-04),4W,SUV,Toyota,Diesel,BS6,1197,6,3,REG19,20/10/2021,10/20/2021
REG100507,17-03-2020,2020,Karnataka,Hubli (KA-25),4W,MUV,Honda,Petrol,BS4,2179,5,4,REG19,17/03/2020,3/17/2020
REG100508,3/6/2023,2023,Karnataka,Salem (TN-30),3W,Tempo,Atul Auto,EV,BS6,0,7,1,REG19,3/6/2023,3/6/2023
REG100509,31-08-2020,2020,Karnataka,Chandigarh (CH-01),2W,Moped,TVS,Petrol,BS6,110,2,4,REG19,31/08/2020,8/31/2020
REG100510,25-06-2024,2024,Karnataka,Durgapur (WB-40),2W,Scooter,Ather,EV,BS6,0,2,0,REG19,25/06/2024,6/25/2024
REG100511,29-11-2022,2022,Karnataka,Lucknow (UP-32),2W,Moped,Ola Electric,Petrol,BS6,400,2,2,REG19,29/11/2022,11/29/2022
REG100512,10/2/2023,2023,Karnataka,Madurai (TN-58),2W,Moped,Ather,EV,BS6,0,2,1,REG19,10/2/2023,10/2/2023
REG100513,4/8/2023,2023,Karnataka,Amritsar (PB-02),3W,Auto Rickshaw,Piaggio,EV,BS6,0,3,1,REG19,4/8/2023,4/8/2023
REG100514,6/11/2021,2021,Karnataka,Mysore (KA-09),2W,Scooter,Yamaha,EV,BS6,0,2,3,REG19,6/11/2021,6/11/2021
REG100515,26-03-2024,2024,Karnataka,Rajkot (GJ-03),4W,SUV,Skoda,Diesel,BS6,1197,5,0,REG19,26/03/2024,3/26/2024
REG100516,2/2/2021,2021,Karnataka,Coimbatore (TN-37),4W,Hatchback,Mahindra,Petrol,BS6,2179,5,3,REG19,2/2/2021,2/2/2021
REG100517,2/12/2022,2022,Karnataka,Nashik (MH-15),3W,Auto Rickshaw,Bajaj,CNG,BS6,0,6,2,REG19,2/12/2022,2/12/2022
REG100518,15-01-2022,2022,Karnataka,Delhi East (DL-02),4W,MUV,Tata Motors,Petrol,BS6,800,7,2,REG19,15/01/2022,1/15/2022
REG100519,4/10/2022,2022,Karnataka,Udaipur (RJ-27),3W,Tempo,TVS,EV,BS6,0,7,2,REG19,4/10/2022,4/10/2022
REG100520,27-06-2023,2023,Karnataka,Jalandhar (PB-08),4W,MUV,Renault,EV,BS6,0,6,1,REG19,27/06/2023,6/27/2023
REG100521,25-09-2021,2021,Karnataka,Mangalore (KA-19),2W,Scooter,Royal Enfield,Petrol,BS6,125,2,3,REG19,25/09/2021,9/25/2021
REG100522,2/6/2024,2024,Karnataka,Kota (RJ-20),3W,Auto Rickshaw,Kinetic Green,Diesel,BS6,200,6,0,REG19,2/6/2024,2/6/2024
REG100523,11/8/2020,2020,Karnataka,Gandhinagar (GJ-18),2W,Motorcycle,Ather,Petrol,BS6,250,2,4,REG19,11/8/2020,11/8/2020
REG100524,17-11-2021,2021,Karnataka,Delhi East (DL-02),4W,MUV,Honda,Petrol,BS6,1462,7,3,REG19,17/11/2021,11/17/2021
REG100525,26-02-2020,2020,Karnataka,Gandhinagar (GJ-18),4W,MUV,Mahindra,Petrol,BS6,2179,8,4,REG19,26/02/2020,2/26/2020
REG100526,12/1/2018,2018,Karnataka,Gandhinagar (GJ-18),3W,E-Rickshaw,Bajaj,CNG,BS4,225,3,6,REG19,12/1/2018,12/1/2018
REG100527,10/9/2019,2019,Karnataka,Vadodara (GJ-06),2W,Scooter,Hero,Petrol,BS4,150,2,5,REG19,10/9/2019,10/9/2019
REG100528,19-06-2023,2023,Karnataka,Udaipur (RJ-27),2W,Scooter,Yamaha,EV,BS6,0,2,1,REG19,19/06/2023,6/19/2023
REG100529,9/5/2022,2022,Karnataka,Chennai Central (TN-01),2W,Scooter,Honda,EV,BS6,0,2,2,REG19,9/5/2022,9/5/2022
REG100530,7/5/2023,2023,Karnataka,Mumbai Central (MH-01),OTH,Road Roller,TAFE,Diesel,BS6,3760,2,1,REG19,7/5/2023,7/5/2023
REG100531,15-06-2023,2023,Karnataka,Kolkata (WB-01),3W,Auto Rickshaw,Mahindra,Diesel,BS6,225,7,1,REG19,15/06/2023,6/15/2023
REG100532,4/7/2023,2023,Karnataka,Thiruvananthapuram (KL-01),4W,Hatchback,Kia,Diesel,BS6,800,6,1,REG19,4/7/2023,4/7/2023
REG100533,3/3/2023,2023,Karnataka,Mysore (KA-09),4W,SUV,Maruti Suzuki,Petrol,BS6,1968,6,1,REG19,3/3/2023,3/3/2023
REG100534,8/5/2021,2021,Karnataka,Mumbai Central (MH-01),4W,MUV,Skoda,Petrol,BS6,1197,8,3,REG19,8/5/2021,8/5/2021
REG100535,26-12-2021,2021,Karnataka,Belgaum (KA-22),2W,Moped,Hero,Petrol,BS6,400,2,3,REG19,26/12/2021,12/26/2021
REG100536,9/4/2023,2023,Karnataka,Mysore (KA-09),3W,E-Rickshaw,Atul Auto,EV,BS6,0,7,1,REG19,9/4/2023,9/4/2023
REG100537,31-05-2023,2023,Karnataka,Agra (UP-80),4W,SUV,Maruti Suzuki,Diesel,BS6,0,8,1,REG19,31/05/2023,5/31/2023
REG100538,11/10/2022,2022,Karnataka,Delhi South (DL-09),2W,Scooter,Yamaha,CNG,BS6,125,2,2,REG19,11/10/2022,11/10/2022
REG100539,23-11-2021,2021,Karnataka,Belgaum (KA-22),2W,Scooter,Royal Enfield,EV,BS6,0,2,3,REG19,23/11/2021,11/23/2021
REG100540,2/2/2023,2023,Karnataka,Kanpur (UP-78),LCV,Light Bus,Ashok Leyland,EV,BS6,0,9,1,REG19,2/2/2023,2/2/2023
REG100541,14-06-2021,2021,Karnataka,Karimnagar (TS-01),4W,Sedan,Skoda,Petrol,BS6,1000,5,3,REG19,14/06/2021,6/14/2021
REG100542,8/4/2020,2020,Karnataka,Hyderabad (TS-09),2W,Motorcycle,TVS,Petrol,BS6,110,2,4,REG19,8/4/2020,8/4/2020
REG100543,12/5/2023,2023,Karnataka,Aurangabad (MH-20),4W,MUV,MG,Diesel,BS6,800,7,1,REG19,12/5/2023,12/5/2023
REG100544,28-08-2022,2022,Karnataka,Delhi South (DL-09),4W,Hatchback,Mahindra,EV,BS6,0,7,2,REG19,28/08/2022,8/28/2022
REG100545,6/2/2022,2022,Karnataka,Karimnagar (TS-01),4W,Hatchback,Skoda,Petrol,BS6,1498,5,2,REG19,6/2/2022,6/2/2022
REG100546,27-09-2021,2021,Karnataka,Delhi South (DL-09),2W,Moped,Bajaj,EV,BS6,0,2,3,REG19,27/09/2021,9/27/2021
REG100547,12/12/2023,2023,Karnataka,Ludhiana (PB-10),4W,MUV,Hyundai,Hybrid,BS6,2179,8,1,REG19,12/12/2023,12/12/2023
REG100548,4/11/2023,2023,Karnataka,Mysore (KA-09),4W,MUV,Renault,Diesel,BS6,2179,7,1,REG19,4/11/2023,4/11/2023
REG100549,15-06-2023,2023,Karnataka,Ajmer (RJ-01),OTH,Crane,John Deere,Diesel,BS6,0,2,1,REG19,15/06/2023,6/15/2023
REG100550,22-07-2024,2024,Karnataka,Patiala (PB-11),2W,Moped,Royal Enfield,Petrol,BS6,100,2,0,REG19,22/07/2024,7/22/2024
REG100551,4/1/2019,2019,Karnataka,Thiruvananthapuram (KL-01),OTH,Road Roller,Mahindra,Diesel,BS4,5660,2,5,REG19,4/1/2019,4/1/2019
REG100552,20-10-2022,2022,Karnataka,Delhi West (DL-08),2W,Moped,Royal Enfield,EV,BS6,0,2,2,REG19,20/10/2022,10/20/2022
REG100553,8/5/2021,2021,Karnataka,Bangalore Central (KA-01),3W,Auto Rickshaw,Piaggio,CNG,BS6,225,6,3,REG19,8/5/2021,8/5/2021
REG100554,30-03-2021,2021,Karnataka,Ahmedabad (GJ-01),4W,Sedan,Hyundai,Hybrid,BS6,2179,5,3,REG19,30/03/2021,3/30/2021
REG100555,21-06-2023,2023,Karnataka,Amritsar (PB-02),2W,Moped,Suzuki,Petrol,BS6,200,2,1,REG19,21/06/2023,6/21/2023
REG100556,6/1/2023,2023,Karnataka,Varanasi (UP-65),HCV,Truck,Ashok Leyland,EV,BS6,0,1,1,REG19,6/1/2023,6/1/2023
REG100557,24-04-2021,2021,Karnataka,Gandhinagar (GJ-18),2W,Moped,Ola Electric,Petrol,BS6,125,2,3,REG19,24/04/2021,4/24/2021
REG100558,29-05-2019,2019,Karnataka,Nashik (MH-15),OTH,Road Roller,Escorts,Diesel,BS4,6700,2,5,REG19,29/05/2019,5/29/2019
REG100559,24-07-2021,2021,Karnataka,Madurai (TN-58),2W,Moped,Hero,EV,BS6,0,2,3,REG19,24/07/2021,7/24/2021
REG100560,20-10-2022,2022,Karnataka,Kanpur (UP-78),4W,MUV,Renault,Petrol,BS6,1462,6,2,REG19,20/10/2022,10/20/2022
REG100561,27-02-2024,2024,Karnataka,Delhi Central (DL-01),2W,Scooter,Yamaha,CNG,BS6,250,2,0,REG19,27/02/2024,2/27/2024
REG100562,6/6/2023,2023,Karnataka,Agra (UP-80),2W,Scooter,Yamaha,EV,BS6,0,2,1,REG19,6/6/2023,6/6/2023
REG100563,13-04-2022,2022,Karnataka,Ajmer (RJ-01),4W,MUV,Skoda,Petrol,BS6,1598,6,2,REG19,13/04/2022,4/13/2022
REG100564,8/1/2024,2024,Karnataka,Thiruvananthapuram (KL-01),2W,Motorcycle,Bajaj,EV,BS6,0,2,0,REG19,8/1/2024,8/1/2024
REG100565,18-04-2020,2020,Karnataka,Thiruvananthapuram (KL-01),2W,Scooter,Hero,Petrol,BS6,150,2,4,REG19,18/04/2020,4/18/2020
REG100566,23-12-2024,2024,Karnataka,Khammam (TS-07),4W,MUV,Skoda,Hybrid,BS6,800,8,0,REG19,23/12/2024,12/23/2024
REG100567,12/11/2020,2020,Karnataka,Patiala (PB-11),2W,Motorcycle,Hero,Petrol,BS4,160,2,4,REG19,12/11/2020,12/11/2020
REG100568,4/12/2023,2023,Karnataka,Nashik (MH-15),4W,Hatchback,Hyundai,Diesel,BS6,1598,5,1,REG19,4/12/2023,4/12/2023
REG100569,29-12-2024,2024,Karnataka,Nagpur (MH-31),LCV,Light Bus,Force Motors,Diesel,BS6,2523,12,0,REG19,29/12/2024,12/29/2024
REG100570,30-12-2024,2024,Karnataka,Asansol (WB-39),4W,Sedan,Mahindra,Diesel,BS6,800,5,0,REG19,30/12/2024,12/30/2024
REG100571,16-12-2020,2020,Karnataka,Delhi South (DL-09),2W,Scooter,Suzuki,Hybrid,BS6,200,2,4,REG19,16/12/2020,12/16/2020
REG100572,16-01-2023,2023,Karnataka,Kota (RJ-20),2W,Moped,Royal Enfield,Petrol,BS6,400,2,1,REG19,16/01/2023,1/16/2023
REG100573,14-12-2023,2023,Karnataka,Surat (GJ-05),2W,Scooter,TVS,Petrol,BS6,0,2,1,REG19,14/12/2023,12/14/2023
REG100574,17-06-2024,2024,Karnataka,Indore (MP-09),2W,Moped,TVS,Petrol,BS6,350,2,0,REG19,17/06/2024,6/17/2024
REG100575,12/3/2023,2023,Karnataka,Warangal (TS-03),2W,Motorcycle,Ola Electric,EV,BS6,0,2,1,REG19,12/3/2023,12/3/2023
REG100576,11/6/2024,2024,Karnataka,Kollam (KL-02),LCV,Pickup Van,Mahindra,CNG,BS6,2523,15,0,REG19,11/6/2024,11/6/2024
REG100577,30-07-2021,2021,Karnataka,Hyderabad (TS-09),2W,Motorcycle,Hero,Hybrid,BS6,160,2,3,REG19,30/07/2021,7/30/2021
REG100578,9/11/2020,2020,Karnataka,Durgapur (WB-40),2W,Motorcycle,Honda,Petrol,BS4,0,2,4,REG19,9/11/2020,9/11/2020
REG100579,2/7/2020,2020,Karnataka,Gandhinagar (GJ-18),4W,Sedan,Skoda,Petrol,BS6,1000,8,4,REG19,2/7/2020,2/7/2020
REG100580,30-08-2024,2024,Karnataka,Trichy (TN-45),LCV,Pickup Van,Ashok Leyland,Diesel,BS6,2956,9,0,REG19,30/08/2024,8/30/2024
REG100581,13-04-2020,2020,Karnataka,Delhi East (DL-02),2W,Motorcycle,Royal Enfield,Petrol,BS4,150,2,4,REG19,13/04/2020,4/13/2020
REG100582,7/5/2023,2023,Karnataka,Mysore (KA-09),HCV,Tanker,Eicher,Diesel,BS6,6700,45,1,REG19,7/5/2023,7/5/2023
REG100583,20-10-2022,2022,Karnataka,Aurangabad (MH-20),4W,MUV,Toyota,Diesel,BS6,0,5,2,REG19,20/10/2022,10/20/2022
REG100584,21-01-2022,2022,Karnataka,Hyderabad (TS-09),3W,Auto Rickshaw,Piaggio,EV,BS6,0,7,2,REG19,21/01/2022,1/21/2022
REG100585,25-08-2023,2023,Karnataka,Bhopal (MP-04),2W,Scooter,Suzuki,Petrol,BS6,125,2,1,REG19,25/08/2023,8/25/2023
REG100586,20-08-2022,2022,Karnataka,Agra (UP-80),4W,Hatchback,Renault,Petrol,BS6,1000,5,2,REG19,20/08/2022,8/20/2022
REG100587,2/4/2021,2021,Karnataka,Trichy (TN-45),HCV,Bus,BharatBenz,Diesel,BS6,6700,52,3,REG19,2/4/2021,2/4/2021
REG100588,25-03-2023,2023,Karnataka,Kochi (KL-07),LCV,Mini Truck,Ashok Leyland,Diesel,BS6,2523,9,1,REG19,25/03/2023,3/25/2023
REG100589,10/11/2021,2021,Karnataka,Mangalore (KA-19),4W,Hatchback,Renault,EV,BS6,0,8,3,REG19,10/11/2021,10/11/2021
REG100590,24-03-2024,2024,Karnataka,Karimnagar (TS-01),2W,Motorcycle,Yamaha,EV,BS6,0,2,0,REG19,24/03/2024,3/24/2024
REG100591,9/3/2023,2023,Karnataka,Chennai Central (TN-01),2W,Scooter,KTM,Petrol,BS6,150,2,1,REG19,9/3/2023,9/3/2023
REG100592,3/1/2024,2024,Karnataka,Aurangabad (MH-20),4W,Hatchback,MG,Diesel,BS6,2179,6,0,REG19,3/1/2024,3/1/2024
REG100593,4/1/2019,2019,Karnataka,Delhi South (DL-09),4W,MUV,Honda,Diesel,BS4,1462,7,5,REG19,4/1/2019,4/1/2019
REG100594,27-06-2020,2020,Karnataka,Patiala (PB-11),4W,Sedan,Maruti Suzuki,Petrol,BS6,800,6,4,REG19,27/06/2020,6/27/2020
REG100595,2/4/2018,2018,Karnataka,Aurangabad (MH-20),LCV,Pickup Van,Ashok Leyland,Diesel,BS4,2956,15,6,REG19,2/4/2018,2/4/2018
REG100596,17-02-2022,2022,Karnataka,Gandhinagar (GJ-18),4W,Sedan,MG,Hybrid,BS6,1498,7,2,REG19,17/02/2022,2/17/2022
REG100597,4/3/2021,2021,Karnataka,Udaipur (RJ-27),4W,MUV,Renault,Petrol,BS6,1498,7,3,REG19,4/3/2021,4/3/2021
REG100598,19-11-2018,2018,Karnataka,Karimnagar (TS-01),3W,Tempo,Piaggio,EV,BS4,0,6,6,REG19,19/11/2018,11/19/2018
REG100599,26-09-2024,2024,Karnataka,Kollam (KL-02),HCV,Trailer,BharatBenz,Diesel,BS6,0,52,0,REG19,26/09/2024,9/26/2024
REG100600,3/4/2023,2023,Karnataka,Jodhpur (RJ-19),4W,MUV,Renault,Hybrid,BS6,1462,7,1,REG19,3/4/2023,3/4/2023
REG100601,31-07-2024,2024,Karnataka,Delhi Central (DL-01),2W,Scooter,Honda,CNG,BS6,250,2,0,REG19,31/07/2024,7/31/2024
REG100602,25-05-2023,2023,Karnataka,Nagpur (MH-31),2W,Moped,Bajaj,Petrol,BS6,160,2,1,REG19,25/05/2023,5/25/2023
REG100603,20-06-2018,2018,Karnataka,Hubli (KA-25),2W,Moped,Yamaha,Hybrid,BS4,200,2,6,REG19,20/06/2018,6/20/2018
REG100604,11/12/2021,2021,Karnataka,Allahabad (UP-70),4W,Hatchback,Tata Motors,Petrol,BS6,2179,8,3,REG19,11/12/2021,11/12/2021
REG100605,30-07-2024,2024,Karnataka,Pune (MH-12),3W,Tempo,Mahindra,EV,BS6,0,7,0,REG19,30/07/2024,7/30/2024
REG100606,17-12-2018,2018,Karnataka,Gandhinagar (GJ-18),4W,SUV,Renault,Diesel,BS4,1598,7,6,REG19,17/12/2018,12/17/2018
REG100607,20-10-2023,2023,Karnataka,Mysore (KA-09),2W,Motorcycle,Yamaha,Petrol,BS6,0,2,1,REG19,20/10/2023,10/20/2023
REG100608,14-02-2018,2018,Karnataka,Kanpur (UP-78),4W,SUV,Toyota,EV,BS4,0,6,6,REG19,14/02/2018,2/14/2018
REG100609,11/7/2021,2021,Karnataka,Udaipur (RJ-27),4W,SUV,Mahindra,Diesel,BS6,800,6,3,REG19,11/7/2021,11/7/2021
REG100610,25-09-2020,2020,Karnataka,Mangalore (KA-19),3W,E-Rickshaw,Atul Auto,CNG,BS6,250,6,4,REG19,25/09/2020,9/25/2020
REG100611,25-09-2018,2018,Karnataka,Chennai Central (TN-01),4W,Sedan,Mahindra,Hybrid,BS4,1000,5,6,REG19,25/09/2018,9/25/2018
REG100612,23-09-2024,2024,Karnataka,Ahmedabad (GJ-01),4W,Hatchback,Toyota,Diesel,BS6,1498,5,0,REG19,23/09/2024,9/23/2024
REG100613,29-09-2020,2020,Karnataka,Amritsar (PB-02),4W,Sedan,Toyota,Petrol,BS6,1598,8,4,REG19,29/09/2020,9/29/2020
REG100614,14-10-2018,2018,Karnataka,Bhopal (MP-04),2W,Motorcycle,Royal Enfield,Petrol,BS4,400,2,6,REG19,14/10/2018,10/14/2018
REG100615,20-10-2024,2024,Karnataka,Mysore (KA-09),4W,SUV,Kia,Petrol,BS6,1462,6,0,REG19,20/10/2024,10/20/2024
REG100616,30-08-2018,2018,Karnataka,Hubli (KA-25),4W,SUV,Renault,Diesel,BS4,800,5,6,REG19,30/08/2018,8/30/2018
REG100617,19-11-2022,2022,Karnataka,Lucknow (UP-32),2W,Scooter,TVS,CNG,BS6,350,2,2,REG19,19/11/2022,11/19/2022
REG100618,26-08-2024,2024,Karnataka,Amritsar (PB-02),2W,Motorcycle,Ather,Petrol,BS6,0,2,0,REG19,26/08/2024,8/26/2024
REG100619,30-12-2021,2021,Karnataka,Chennai Central (TN-01),4W,MUV,Hyundai,Diesel,BS6,2179,8,3,REG19,30/12/2021,12/30/2021
REG100620,7/12/2021,2021,Karnataka,Delhi East (DL-02),2W,Moped,Royal Enfield,Petrol,BS6,200,2,3,REG19,7/12/2021,7/12/2021
REG100621,29-03-2021,2021,Karnataka,Udaipur (RJ-27),3W,Auto Rickshaw,Mahindra,CNG,BS6,250,6,3,REG19,29/03/2021,3/29/2021
REG100622,12/10/2023,2023,Karnataka,Patiala (PB-11),2W,Motorcycle,Suzuki,CNG,BS6,110,2,1,REG19,12/10/2023,12/10/2023
REG100623,23-03-2023,2023,Karnataka,Gandhinagar (GJ-18),3W,Tempo,Mahindra,CNG,BS6,0,6,1,REG19,23/03/2023,3/23/2023
REG100624,18-10-2023,2023,Karnataka,Hubli (KA-25),2W,Moped,Ola Electric,EV,BS6,0,2,1,REG19,18/10/2023,10/18/2023
REG100625,6/9/2024,2024,Karnataka,Warangal (TS-03),2W,Moped,Honda,CNG,BS6,110,2,0,REG19,6/9/2024,6/9/2024
REG100626,5/2/2020,2020,Karnataka,Patiala (PB-11),3W,Tempo,Bajaj,Diesel,BS6,200,7,4,REG19,5/2/2020,5/2/2020
REG100627,24-10-2020,2020,Karnataka,Jalandhar (PB-08),2W,Moped,Hero,Petrol,BS6,100,2,4,REG19,24/10/2020,10/24/2020
REG100628,16-04-2022,2022,Karnataka,Coimbatore (TN-37),3W,E-Rickshaw,Mahindra,EV,BS6,0,6,2,REG19,16/04/2022,4/16/2022
REG100629,5/1/2024,2024,Karnataka,Amritsar (PB-02),HCV,Tanker,MAN,Diesel,BS6,0,52,0,REG19,5/1/2024,5/1/2024
REG100630,26-12-2024,2024,Karnataka,Kanpur (UP-78),LCV,Mini Truck,Ashok Leyland,CNG,BS6,3298,9,0,REG19,26/12/2024,12/26/2024
REG100631,15-07-2023,2023,Karnataka,Ahmedabad (GJ-01),2W,Moped,Ola Electric,Petrol,BS6,250,2,1,REG19,15/07/2023,7/15/2023
REG100632,3/7/2020,2020,Karnataka,Varanasi (UP-65),4W,Sedan,MG,Petrol,BS6,1968,6,4,REG19,3/7/2020,3/7/2020
REG100633,3/12/2023,2023,Karnataka,Surat (GJ-05),2W,Motorcycle,Hero,Petrol,BS6,250,2,1,REG19,3/12/2023,3/12/2023
REG100634,16-11-2022,2022,Karnataka,Chennai Central (TN-01),2W,Scooter,KTM,CNG,BS6,125,2,2,REG19,16/11/2022,11/16/2022
REG100635,5/11/2020,2020,Karnataka,Asansol (WB-39),2W,Scooter,Suzuki,Petrol,BS6,100,2,4,REG19,5/11/2020,5/11/2020
REG100636,23-10-2021,2021,Karnataka,Jalandhar (PB-08),LCV,Mini Truck,Eicher,Diesel,BS6,3298,9,3,REG19,23/10/2021,10/23/2021
REG100637,10/2/2022,2022,Karnataka,Aurangabad (MH-20),3W,E-Rickshaw,Bajaj,EV,BS6,0,7,2,REG19,10/2/2022,10/2/2022
REG100638,15-02-2019,2019,Karnataka,Kollam (KL-02),OTH,Crane,Sonalika,Diesel,BS4,4998,45,5,REG19,15/02/2019,2/15/2019
REG100639,6/1/2024,2024,Karnataka,Bhopal (MP-04),4W,SUV,Skoda,Petrol,BS6,2179,8,0,REG19,6/1/2024,6/1/2024
REG100640,28-05-2024,2024,Karnataka,Karimnagar (TS-01),4W,SUV,Honda,Diesel,BS6,1197,5,0,REG19,28/05/2024,5/28/2024
REG100641,21-10-2022,2022,Karnataka,Kollam (KL-02),4W,SUV,Maruti Suzuki,EV,BS6,0,7,2,REG19,21/10/2022,10/21/2022
REG100642,10/5/2022,2022,Karnataka,Kollam (KL-02),2W,Scooter,Honda,Petrol,BS6,125,2,2,REG19,10/5/2022,10/5/2022
REG100643,30-10-2019,2019,Karnataka,Amritsar (PB-02),2W,Scooter,Hero,CNG,BS4,125,2,5,REG19,30/10/2019,10/30/2019
REG100644,27-09-2020,2020,Karnataka,Jabalpur (MP-20),2W,Motorcycle,Royal Enfield,CNG,BS6,100,2,4,REG19,27/09/2020,9/27/2020
REG100645,15-07-2024,2024,Karnataka,Jaipur (RJ-14),HCV,Bus,BharatBenz,EV,BS6,0,45,0,REG19,15/07/2024,7/15/2024
REG100646,1/3/2023,2023,Karnataka,Kochi (KL-07),2W,Moped,Yamaha,Petrol,BS6,100,2,1,REG19,1/3/2023,1/3/2023
REG100647,29-04-2024,2024,Karnataka,Salem (TN-30),2W,Scooter,KTM,Hybrid,BS6,250,2,0,REG19,29/04/2024,4/29/2024
REG100648,15-07-2018,2018,Karnataka,Jabalpur (MP-20),3W,Auto Rickshaw,Atul Auto,Diesel,BS4,250,7,6,REG19,15/07/2018,7/15/2018
REG100649,20-05-2022,2022,Karnataka,Bhopal (MP-04),2W,Moped,Yamaha,EV,BS6,0,2,2,REG19,20/05/2022,5/20/2022
REG100650,4/5/2022,2022,Karnataka,Vadodara (GJ-06),4W,SUV,Skoda,Diesel,BS6,1462,7,2,REG19,4/5/2022,4/5/2022
REG100651,26-09-2018,2018,Karnataka,Indore (MP-09),2W,Motorcycle,Hero,Petrol,BS4,110,2,6,REG19,26/09/2018,9/26/2018
REG100652,13-11-2020,2020,Karnataka,Jabalpur (MP-20),2W,Moped,Royal Enfield,Petrol,BS6,110,2,4,REG19,13/11/2020,11/13/2020
REG100653,14-02-2019,2019,Karnataka,Aurangabad (MH-20),4W,Sedan,Skoda,EV,BS4,0,8,5,REG19,14/02/2019,2/14/2019
REG100654,27-08-2020,2020,Karnataka,Ujjain (MP-13),4W,Sedan,Hyundai,EV,BS6,0,8,4,REG19,27/08/2020,8/27/2020
REG100655,1/2/2023,2023,Karnataka,Rajkot (GJ-03),4W,SUV,Kia,Petrol,BS6,1968,8,1,REG19,1/2/2023,1/2/2023
REG100656,9/11/2019,2019,Karnataka,Jaipur (RJ-14),2W,Scooter,TVS,EV,BS4,0,2,5,REG19,9/11/2019,9/11/2019
REG100657,15-08-2022,2022,Karnataka,Salem (TN-30),2W,Moped,Suzuki,Petrol,BS6,160,2,2,REG19,15/08/2022,8/15/2022
REG100658,18-03-2022,2022,Karnataka,Bangalore Central (KA-01),2W,Moped,Royal Enfield,Hybrid,BS6,100,2,2,REG19,18/03/2022,3/18/2022
REG100659,29-12-2022,2022,Karnataka,Nashik (MH-15),2W,Moped,Yamaha,Petrol,BS6,350,2,2,REG19,29/12/2022,12/29/2022
REG100660,18-12-2020,2020,Karnataka,Siliguri (WB-73),2W,Moped,Honda,EV,BS6,0,2,4,REG19,18/12/2020,12/18/2020
REG100661,20-11-2021,2021,Karnataka,Belgaum (KA-22),4W,SUV,Toyota,EV,BS6,0,7,3,REG19,20/11/2021,11/20/2021
REG100662,21-01-2020,2020,Karnataka,Nizamabad (TS-05),2W,Scooter,Royal Enfield,EV,BS6,0,2,4,REG19,21/01/2020,1/21/2020
REG100663,13-02-2023,2023,Karnataka,Indore (MP-09),2W,Scooter,Honda,EV,BS6,0,2,1,REG19,13/02/2023,2/13/2023
REG100664,7/9/2024,2024,Karnataka,Kochi (KL-07),2W,Motorcycle,Hero,CNG,BS6,250,2,0,REG19,7/9/2024,7/9/2024
REG100665,19-01-2024,2024,Karnataka,Belgaum (KA-22),4W,MUV,Renault,Diesel,BS6,1598,5,0,REG19,19/01/2024,1/19/2024
REG100666,17-03-2024,2024,Karnataka,Jaipur (RJ-14),2W,Motorcycle,Ather,EV,BS6,0,2,0,REG19,17/03/2024,3/17/2024
REG100667,24-01-2018,2018,Karnataka,Delhi Central (DL-01),2W,Motorcycle,KTM,EV,BS4,0,2,6,REG19,24/01/2018,1/24/2018
REG100668,22-08-2023,2023,Karnataka,Kochi (KL-07),2W,Moped,Hero,Petrol,BS6,0,2,1,REG19,22/08/2023,8/22/2023
REG100669,23-04-2022,2022,Karnataka,Trichy (TN-45),2W,Motorcycle,Honda,EV,BS6,0,2,2,REG19,23/04/2022,4/23/2022
REG100670,22-10-2019,2019,Karnataka,Delhi North (DL-04),2W,Moped,Suzuki,Petrol,BS4,400,2,5,REG19,22/10/2019,10/22/2019
REG100671,2/3/2020,2020,Karnataka,Madurai (TN-58),LCV,Mini Truck,Tata Motors,CNG,BS6,3298,9,4,REG19,2/3/2020,2/3/2020
REG100672,9/3/2024,2024,Karnataka,Kanpur (UP-78),4W,Sedan,MG,Petrol,BS6,1000,8,0,REG19,9/3/2024,9/3/2024
REG100673,27-12-2020,2020,Karnataka,Chennai Central (TN-01),LCV,Mini Truck,Tata Motors,Diesel,BS6,3298,12,4,REG19,27/12/2020,12/27/2020
REG100674,30-07-2021,2021,Karnataka,Thrissur (KL-08),4W,Sedan,Tata Motors,EV,BS6,0,6,3,REG19,30/07/2021,7/30/2021
REG100675,28-06-2023,2023,Karnataka,Chandigarh (CH-01),4W,MUV,Skoda,Petrol,BS6,1968,5,1,REG19,28/06/2023,6/28/2023
REG100676,4/10/2021,2021,Karnataka,Warangal (TS-03),2W,Moped,Honda,EV,BS4,0,2,3,REG19,4/10/2021,4/10/2021
REG100677,16-12-2020,2020,Karnataka,Delhi North (DL-04),4W,Sedan,Kia,Petrol,BS6,2179,8,4,REG19,16/12/2020,12/16/2020
REG100678,11/8/2021,2021,Karnataka,Coimbatore (TN-37),4W,Hatchback,Maruti Suzuki,EV,BS6,0,7,3,REG19,11/8/2021,11/8/2021
REG100679,5/9/2020,2020,Karnataka,Jalandhar (PB-08),2W,Moped,Hero,EV,BS6,0,2,4,REG19,5/9/2020,5/9/2020
REG100680,12/4/2022,2022,Karnataka,Bangalore Central (KA-01),LCV,Light Bus,Force Motors,CNG,BS6,3298,9,2,REG19,12/4/2022,12/4/2022
REG100681,7/2/2021,2021,Karnataka,Hubli (KA-25),2W,Motorcycle,Suzuki,Petrol,BS6,350,2,3,REG19,7/2/2021,7/2/2021
REG100682,1/4/2024,2024,Karnataka,Jalandhar (PB-08),2W,Scooter,TVS,Petrol,BS6,250,2,0,REG19,1/4/2024,1/4/2024
REG100683,20-06-2024,2024,Karnataka,Jodhpur (RJ-19),3W,Auto Rickshaw,Kinetic Green,Diesel,BS6,225,3,0,REG19,20/06/2024,6/20/2024
REG100684,25-06-2022,2022,Karnataka,Kollam (KL-02),2W,Motorcycle,Honda,EV,BS6,0,2,2,REG19,25/06/2022,6/25/2022
REG100685,28-04-2022,2022,Karnataka,Gandhinagar (GJ-18),2W,Moped,Ola Electric,Petrol,BS6,110,2,2,REG19,28/04/2022,4/28/2022
REG100686,8/1/2023,2023,Karnataka,Allahabad (UP-70),3W,Auto Rickshaw,Atul Auto,Diesel,BS6,0,7,1,REG19,8/1/2023,8/1/2023
REG100687,3/1/2024,2024,Karnataka,Delhi East (DL-02),2W,Moped,Bajaj,EV,BS6,0,2,0,REG19,3/1/2024,3/1/2024
REG100688,3/9/2022,2022,Karnataka,Mumbai Central (MH-01),OTH,Road Roller,Escorts,Diesel,BS6,3760,45,2,REG19,3/9/2022,3/9/2022
REG100689,3/5/2019,2019,Karnataka,Howrah (WB-13),2W,Motorcycle,Suzuki,Petrol,BS4,110,2,5,REG19,3/5/2019,3/5/2019
REG100690,21-08-2023,2023,Karnataka,Nashik (MH-15),4W,Sedan,MG,CNG,BS6,2179,6,1,REG19,21/08/2023,8/21/2023
REG100691,6/2/2023,2023,Karnataka,Thrissur (KL-08),2W,Scooter,KTM,CNG,BS6,250,2,1,REG19,6/2/2023,6/2/2023
REG100692,5/10/2021,2021,Karnataka,Kozhikode (KL-11),4W,SUV,Honda,Hybrid,BS6,1462,5,3,REG19,5/10/2021,5/10/2021
REG100693,26-02-2021,2021,Karnataka,Amritsar (PB-02),4W,Hatchback,Renault,EV,BS6,0,7,3,REG19,26/02/2021,2/26/2021
REG100694,15-10-2022,2022,Karnataka,Asansol (WB-39),2W,Scooter,TVS,EV,BS6,0,2,2,REG19,15/10/2022,10/15/2022
REG100695,25-12-2024,2024,Karnataka,Madurai (TN-58),2W,Motorcycle,KTM,CNG,BS6,150,2,0,REG19,25/12/2024,12/25/2024
REG100696,2/2/2022,2022,Karnataka,Kochi (KL-07),2W,Scooter,Ather,CNG,BS6,200,2,2,REG19,2/2/2022,2/2/2022
REG100697,30-09-2023,2023,Karnataka,Udaipur (RJ-27),3W,Tempo,Bajaj,Diesel,BS6,250,6,1,REG19,30/09/2023,9/30/2023
REG100698,2/4/2019,2019,Karnataka,Amritsar (PB-02),4W,Hatchback,Mahindra,Diesel,BS4,1498,5,5,REG19,2/4/2019,2/4/2019
REG100699,23-09-2020,2020,Karnataka,Mysore (KA-09),2W,Moped,TVS,EV,BS6,0,2,4,REG19,23/09/2020,9/23/2020
REG100700,27-11-2022,2022,Gujarat,Rajkot (GJ-03),HCV,Bus,BharatBenz,Diesel,BS6,3760,32,2,REG19,27/11/2022,11/27/2022
REG100701,25-06-2021,2021,Delhi,Delhi Central (DL-01),2W,Motorcycle,Ather,EV,BS6,0,2,3,REG19,25/06/2021,6/25/2021
REG100702,29-03-2022,2022,West Bengal,Asansol (WB-39),4W,MUV,MG,Petrol,BS6,1498,6,2,REG19,29/03/2022,3/29/2022
REG100703,13-11-2021,2021,West Bengal,Durgapur (WB-40),OTH,Tractor,TAFE,Diesel,BS6,4998,52,3,REG19,13/11/2021,11/13/2021
REG100704,11/6/2020,2020,Gujarat,Surat (GJ-05),OTH,Road Roller,TAFE,Diesel,BS6,0,2,4,REG19,11/6/2020,11/6/2020
REG100705,26-06-2018,2018,West Bengal,Durgapur (WB-40),2W,Motorcycle,Ather,CNG,BS4,125,2,6,REG19,26/06/2018,6/26/2018
REG100706,27-07-2019,2019,Rajasthan,Udaipur (RJ-27),4W,Sedan,Renault,Petrol,BS4,2179,6,5,REG19,27/07/2019,7/27/2019
REG100707,1/6/2021,2021,West Bengal,Durgapur (WB-40),2W,Moped,Ather,EV,BS6,0,2,3,REG19,1/6/2021,1/6/2021
REG100708,21-01-2019,2019,Gujarat,Gandhinagar (GJ-18),4W,MUV,Toyota,EV,BS4,0,5,5,REG19,21/01/2019,1/21/2019
REG100709,8/11/2019,2019,Gujarat,Ahmedabad (GJ-01),2W,Motorcycle,KTM,Petrol,BS4,150,2,5,REG19,8/11/2019,8/11/2019
REG100710,13-12-2019,2019,Punjab,Patiala (PB-11),2W,Scooter,Bajaj,Petrol,BS4,110,2,5,REG19,13/12/2019,12/13/2019
REG100711,8/12/2022,2022,Telangana,Karimnagar (TS-01),2W,Scooter,Ola Electric,EV,BS6,0,2,2,REG19,8/12/2022,8/12/2022
REG100712,26-06-2021,2021,Uttar Pradesh,Kanpur (UP-78),4W,MUV,Toyota,Diesel,BS6,1598,7,3,REG19,26/06/2021,6/26/2021
REG100713,27-05-2024,2024,West Bengal,Asansol (WB-39),2W,Moped,KTM,CNG,BS6,125,2,0,REG19,27/05/2024,5/27/2024
REG100714,17-04-2022,2022,Kerala,Thrissur (KL-08),4W,MUV,Tata Motors,CNG,BS6,1498,8,2,REG19,17/04/2022,4/17/2022
REG100715,20-05-2018,2018,Telangana,Nizamabad (TS-05),2W,Moped,Suzuki,Petrol,BS4,250,2,6,REG19,20/05/2018,5/20/2018
REG100716,28-05-2020,2020,Tamil Nadu,Trichy (TN-45),3W,Tempo,Piaggio,CNG,BS6,0,3,4,REG19,28/05/2020,5/28/2020
REG100717,20-03-2018,2018,Gujarat,Gandhinagar (GJ-18),2W,Moped,KTM,Petrol,BS4,160,2,6,REG19,20/03/2018,3/20/2018
REG100718,26-11-2020,2020,Gujarat,Rajkot (GJ-03),2W,Moped,Royal Enfield,Petrol,BS4,150,2,4,REG19,26/11/2020,11/26/2020
REG100719,4/9/2023,2023,Maharashtra,Mumbai Central (MH-01),4W,MUV,Hyundai,CNG,BS6,1968,7,1,REG19,4/9/2023,4/9/2023
REG100720,13-05-2023,2023,Madhya Pradesh,Jabalpur (MP-20),OTH,Tractor,John Deere,Diesel,BS6,4998,52,1,REG19,13/05/2023,5/13/2023
REG100721,3/7/2020,2020,Maharashtra,Pune (MH-12),2W,Moped,TVS,Petrol,BS6,250,2,4,REG19,3/7/2020,3/7/2020
REG100722,9/4/2024,2024,Madhya Pradesh,Gwalior (MP-07),2W,Scooter,Ather,EV,BS6,0,2,0,REG19,9/4/2024,9/4/2024
REG100723,17-12-2023,2023,Karnataka,Belgaum (KA-22),4W,SUV,Toyota,EV,BS6,0,5,1,REG19,17/12/2023,12/17/2023
REG100724,6/9/2022,2022,Telangana,Khammam (TS-07),2W,Motorcycle,Hero,Petrol,BS6,250,2,2,REG19,6/9/2022,6/9/2022
REG100725,11/11/2023,2023,Rajasthan,Jodhpur (RJ-19),2W,Motorcycle,Ather,Petrol,BS6,400,2,1,REG19,11/11/2023,11/11/2023
REG100726,8/3/2024,2024,Telangana,Khammam (TS-07),4W,Hatchback,Honda,Diesel,BS6,800,8,0,REG19,8/3/2024,8/3/2024
REG100727,30-03-2022,2022,Rajasthan,Kota (RJ-20),4W,Sedan,MG,CNG,BS6,1498,5,2,REG19,30/03/2022,3/30/2022
REG100728,17-04-2020,2020,Kerala,Thiruvananthapuram (KL-01),2W,Moped,TVS,CNG,BS6,125,2,4,REG19,17/04/2020,4/17/2020
REG100729,9/8/2023,2023,Karnataka,Mangalore (KA-19),4W,Hatchback,Hyundai,Petrol,BS6,800,6,1,REG19,9/8/2023,9/8/2023
REG100730,3/2/2024,2024,Karnataka,Bangalore Central (KA-01),4W,Hatchback,MG,Petrol,BS6,1498,5,0,REG19,3/2/2024,3/2/2024
REG100731,15-01-2020,2020,Karnataka,Bangalore Central (KA-01),HCV,Bus,Eicher,Diesel,BS6,3760,2,4,REG19,15/01/2020,1/15/2020
REG100732,9/11/2024,2024,Kerala,Kozhikode (KL-11),HCV,Trailer,Volvo,Diesel,BS6,4998,52,0,REG19,9/11/2024,9/11/2024
REG100733,24-05-2020,2020,Punjab,Chandigarh (CH-01),2W,Moped,Hero,EV,BS6,0,2,4,REG19,24/05/2020,5/24/2020
REG100734,6/7/2024,2024,Telangana,Hyderabad (TS-09),OTH,Tractor,TAFE,Diesel,BS6,0,2,0,REG19,6/7/2024,6/7/2024
REG100735,27-07-2020,2020,West Bengal,Kolkata (WB-01),2W,Scooter,Suzuki,Petrol,BS6,110,2,4,REG19,27/07/2020,7/27/2020
REG100736,28-05-2023,2023,Rajasthan,Jaipur (RJ-14),3W,Tempo,Piaggio,Diesel,BS6,200,3,1,REG19,28/05/2023,5/28/2023
REG100737,16-08-2023,2023,Rajasthan,Udaipur (RJ-27),2W,Scooter,KTM,EV,BS6,0,2,1,REG19,16/08/2023,8/16/2023
REG100738,13-12-2024,2024,Telangana,Karimnagar (TS-01),2W,Scooter,Bajaj,Petrol,BS6,200,2,0,REG19,13/12/2024,12/13/2024
REG100739,13-12-2022,2022,Tamil Nadu,Chennai Central (TN-01),OTH,Crane,Mahindra,Diesel,BS6,3760,1,2,REG19,13/12/2022,12/13/2022
REG100740,3/2/2024,2024,Tamil Nadu,Salem (TN-30),2W,Moped,Honda,CNG,BS6,200,2,0,REG19,3/2/2024,3/2/2024
REG100741,13-09-2023,2023,Delhi,Delhi West (DL-08),2W,Scooter,Honda,Petrol,BS6,160,2,1,REG19,13/09/2023,9/13/2023
REG100742,6/9/2023,2023,Kerala,Kollam (KL-02),4W,MUV,Toyota,Diesel,BS6,0,7,1,REG19,6/9/2023,6/9/2023
REG100743,16-01-2020,2020,Tamil Nadu,Salem (TN-30),2W,Scooter,KTM,EV,BS6,0,2,4,REG19,16/01/2020,1/16/2020
REG100744,17-06-2021,2021,Kerala,Thiruvananthapuram (KL-01),LCV,Pickup Van,Tata Motors,Diesel,BS6,2956,12,3,REG19,17/06/2021,6/17/2021
REG100745,14-04-2022,2022,Punjab,Patiala (PB-11),2W,Motorcycle,Ather,Hybrid,BS6,160,2,2,REG19,14/04/2022,4/14/2022
REG100746,7/10/2023,2023,Madhya Pradesh,Jabalpur (MP-20),3W,E-Rickshaw,Atul Auto,CNG,BS6,200,3,1,REG19,7/10/2023,7/10/2023
REG100747,1/4/2022,2022,Uttar Pradesh,Lucknow (UP-32),2W,Scooter,Suzuki,EV,BS6,0,2,2,REG19,1/4/2022,1/4/2022
REG100748,19-07-2019,2019,Madhya Pradesh,Gwalior (MP-07),LCV,Mini Truck,Force Motors,Diesel,BS6,0,9,5,REG19,19/07/2019,7/19/2019
REG100749,29-01-2024,2024,Punjab,Jalandhar (PB-08),4W,MUV,MG,CNG,BS6,1968,7,0,REG19,29/01/2024,1/29/2024
REG100750,1/2/2024,2024,West Bengal,Asansol (WB-39),OTH,Road Roller,John Deere,Petrol,BS6,3760,52,0,REG19,1/2/2024,1/2/2024
REG100751,24-06-2023,2023,Maharashtra,Pune (MH-12),LCV,Pickup Van,Eicher,Diesel,BS6,0,9,1,REG19,24/06/2023,6/24/2023
REG100752,1/5/2023,2023,Uttar Pradesh,Agra (UP-80),OTH,Crane,John Deere,Diesel,BS6,5660,52,1,REG19,1/5/2023,1/5/2023
REG100753,20-01-2018,2018,Karnataka,Bangalore Central (KA-01),LCV,Mini Truck,Ashok Leyland,Diesel,BS4,0,15,6,REG19,20/01/2018,1/20/2018
REG100754,12/1/2023,2023,Uttar Pradesh,Allahabad (UP-70),3W,E-Rickshaw,TVS,CNG,BS6,250,6,1,REG19,12/1/2023,12/1/2023
REG100755,22-06-2023,2023,Punjab,Jalandhar (PB-08),2W,Motorcycle,KTM,Petrol,BS6,350,2,1,REG19,22/06/2023,6/22/2023
REG100756,8/2/2020,2020,Telangana,Nizamabad (TS-05),2W,Scooter,Yamaha,EV,BS6,0,2,4,REG19,8/2/2020,8/2/2020
REG100757,17-02-2023,2023,Delhi,Delhi West (DL-08),2W,Scooter,Ola Electric,Petrol,BS6,0,2,1,REG19,17/02/2023,2/17/2023
REG100758,27-06-2022,2022,Karnataka,Belgaum (KA-22),2W,Motorcycle,Ola Electric,EV,BS6,0,2,2,REG19,27/06/2022,6/27/2022
REG100759,1/8/2022,2022,Madhya Pradesh,Gwalior (MP-07),3W,E-Rickshaw,Mahindra,EV,BS6,0,6,2,REG19,1/8/2022,1/8/2022
REG100760,6/4/2023,2023,Punjab,Patiala (PB-11),3W,Tempo,Piaggio,CNG,BS6,0,3,1,REG19,6/4/2023,6/4/2023
REG100761,16-10-2024,2024,Madhya Pradesh,Jabalpur (MP-20),2W,Moped,Ather,EV,BS6,0,2,0,REG19,16/10/2024,10/16/2024
REG100762,3/6/2023,2023,Telangana,Warangal (TS-03),2W,Motorcycle,Bajaj,Petrol,BS6,250,2,1,REG19,3/6/2023,3/6/2023
REG100763,27-11-2021,2021,Uttar Pradesh,Agra (UP-80),LCV,Mini Truck,Mahindra,Diesel,BS6,2956,12,3,REG19,27/11/2021,11/27/2021
REG100764,7/6/2020,2020,Madhya Pradesh,Ujjain (MP-13),2W,Motorcycle,Honda,Petrol,BS6,350,2,4,REG19,7/6/2020,7/6/2020
REG100765,15-01-2020,2020,West Bengal,Asansol (WB-39),OTH,Crane,Mahindra,Diesel,BS6,5660,32,4,REG19,15/01/2020,1/15/2020
REG100766,10/6/2018,2018,Madhya Pradesh,Ujjain (MP-13),2W,Motorcycle,KTM,Petrol,BS4,0,2,6,REG19,10/6/2018,10/6/2018
REG100767,23-07-2023,2023,Gujarat,Ahmedabad (GJ-01),LCV,Pickup Van,Ashok Leyland,CNG,BS6,2956,9,1,REG19,23/07/2023,7/23/2023
REG100768,26-09-2023,2023,Karnataka,Belgaum (KA-22),4W,Hatchback,Renault,EV,BS4,0,8,1,REG19,26/09/2023,9/26/2023
REG100769,1/5/2023,2023,Karnataka,Mysore (KA-09),4W,SUV,Toyota,CNG,BS6,1968,6,1,REG19,1/5/2023,1/5/2023
REG100770,29-01-2020,2020,Tamil Nadu,Chennai Central (TN-01),2W,Scooter,KTM,Petrol,BS6,350,2,4,REG19,29/01/2020,1/29/2020
REG100771,7/5/2022,2022,Telangana,Nizamabad (TS-05),4W,Hatchback,Toyota,Diesel,BS6,1498,6,2,REG19,7/5/2022,7/5/2022
REG100772,18-01-2024,2024,Rajasthan,Udaipur (RJ-27),4W,SUV,Maruti Suzuki,EV,BS6,0,6,0,REG19,18/01/2024,1/18/2024
REG100773,15-08-2019,2019,Gujarat,Gandhinagar (GJ-18),2W,Moped,Yamaha,CNG,BS4,250,2,5,REG19,15/08/2019,8/15/2019
REG100774,30-04-2024,2024,Maharashtra,Nashik (MH-15),HCV,Trailer,Volvo,Diesel,BS6,5660,2,0,REG19,30/04/2024,4/30/2024
REG100775,8/9/2024,2024,Tamil Nadu,Salem (TN-30),4W,MUV,Maruti Suzuki,Petrol,BS6,2179,8,0,REG19,8/9/2024,8/9/2024
REG100776,30-06-2021,2021,Rajasthan,Udaipur (RJ-27),LCV,Mini Truck,Mahindra,CNG,BS6,0,15,3,REG19,30/06/2021,6/30/2021
REG100777,5/4/2018,2018,Kerala,Kollam (KL-02),4W,MUV,Maruti Suzuki,Hybrid,BS4,2179,6,6,REG19,5/4/2018,5/4/2018
REG100778,8/5/2019,2019,Maharashtra,Nashik (MH-15),2W,Scooter,Yamaha,EV,BS4,0,2,5,REG19,8/5/2019,8/5/2019
REG100779,10/3/2022,2022,Kerala,Kochi (KL-07),LCV,Light Bus,Force Motors,Diesel,BS6,3298,9,2,REG19,10/3/2022,10/3/2022
REG100780,21-07-2021,2021,Madhya Pradesh,Ujjain (MP-13),4W,SUV,Mahindra,Petrol,BS6,1968,6,3,REG19,21/07/2021,7/21/2021
REG100781,27-03-2020,2020,Maharashtra,Mumbai Central (MH-01),HCV,Bus,Tata Motors,Diesel,BS4,3760,45,4,REG19,27/03/2020,3/27/2020
REG100782,1/3/2020,2020,Punjab,Jalandhar (PB-08),4W,Sedan,Hyundai,Diesel,BS6,800,8,4,REG19,1/3/2020,1/3/2020
REG100783,27-05-2024,2024,West Bengal,Siliguri (WB-73),2W,Moped,Bajaj,Petrol,BS6,350,2,0,REG19,27/05/2024,5/27/2024
REG100784,12/12/2024,2024,Uttar Pradesh,Kanpur (UP-78),2W,Motorcycle,Ola Electric,Petrol,BS6,150,2,0,REG19,12/12/2024,12/12/2024
REG100785,12/11/2024,2024,Uttar Pradesh,Kanpur (UP-78),2W,Motorcycle,Hero,Petrol,BS6,350,2,0,REG19,12/11/2024,12/11/2024
REG100786,21-12-2022,2022,Delhi,Delhi West (DL-08),4W,MUV,Hyundai,Petrol,BS6,1968,6,2,REG19,21/12/2022,12/21/2022
REG100787,20-06-2022,2022,Kerala,Thrissur (KL-08),4W,SUV,Hyundai,Petrol,BS6,1462,8,2,REG19,20/06/2022,6/20/2022
REG100788,4/6/2022,2022,Rajasthan,Ajmer (RJ-01),HCV,Truck,Tata Motors,Diesel,BS6,6700,32,2,REG19,4/6/2022,4/6/2022
REG100789,28-08-2022,2022,Tamil Nadu,Trichy (TN-45),2W,Motorcycle,Royal Enfield,Petrol,BS6,125,2,2,REG19,28/08/2022,8/28/2022
REG100790,7/3/2019,2019,Karnataka,Hubli (KA-25),4W,MUV,Tata Motors,Petrol,BS4,2179,7,5,REG19,7/3/2019,7/3/2019
REG100791,22-09-2023,2023,Kerala,Kozhikode (KL-11),HCV,Trailer,Volvo,Diesel,BS6,5660,45,1,REG19,22/09/2023,9/22/2023
REG100792,21-11-2024,2024,Tamil Nadu,Madurai (TN-58),4W,MUV,Tata Motors,CNG,BS6,2179,5,0,REG19,21/11/2024,11/21/2024
REG100793,28-08-2021,2021,Delhi,Delhi East (DL-02),2W,Motorcycle,Hero,EV,BS6,0,2,3,REG19,28/08/2021,8/28/2021
REG100794,17-03-2022,2022,Karnataka,Mangalore (KA-19),2W,Scooter,Ather,EV,BS6,0,2,2,REG19,17/03/2022,3/17/2022
REG100795,16-10-2023,2023,Rajasthan,Jaipur (RJ-14),2W,Scooter,TVS,Petrol,BS6,0,2,1,REG19,16/10/2023,10/16/2023
REG100796,9/2/2022,2022,Delhi,Delhi South (DL-09),OTH,Tractor,Escorts,Petrol,BS6,4998,45,2,REG19,9/2/2022,9/2/2022
REG100797,20-07-2024,2024,Madhya Pradesh,Bhopal (MP-04),LCV,Mini Truck,Ashok Leyland,CNG,BS6,3298,15,0,REG19,20/07/2024,7/20/2024
REG100798,18-11-2023,2023,Karnataka,Hubli (KA-25),2W,Motorcycle,KTM,CNG,BS6,160,2,1,REG19,18/11/2023,11/18/2023
REG100799,19-10-2021,2021,Punjab,Chandigarh (CH-01),2W,Motorcycle,Ola Electric,EV,BS6,0,2,3,REG19,19/10/2021,10/19/2021
REG100800,5/11/2023,2023,Delhi,Delhi Central (DL-01),4W,SUV,Toyota,Petrol,BS6,1968,5,1,REG19,5/11/2023,5/11/2023
REG100801,17-07-2024,2024,Uttar Pradesh,Agra (UP-80),2W,Scooter,Honda,Petrol,BS6,250,2,0,REG19,17/07/2024,7/17/2024
REG100802,17-12-2023,2023,Gujarat,Surat (GJ-05),2W,Scooter,Suzuki,CNG,BS6,0,2,1,REG19,17/12/2023,12/17/2023
REG100803,1/9/2022,2022,Tamil Nadu,Madurai (TN-58),4W,SUV,Renault,Petrol,BS6,1498,8,2,REG19,1/9/2022,1/9/2022
REG100804,20-09-2022,2022,Karnataka,Mangalore (KA-19),4W,Sedan,Honda,EV,BS6,0,8,2,REG19,20/09/2022,9/20/2022
REG100805,12/2/2023,2023,Madhya Pradesh,Indore (MP-09),4W,Sedan,MG,Diesel,BS6,1498,8,1,REG19,12/2/2023,12/2/2023
REG100806,2/6/2024,2024,Uttar Pradesh,Lucknow (UP-32),LCV,Pickup Van,Ashok Leyland,Diesel,BS6,2956,15,0,REG19,2/6/2024,2/6/2024
REG100807,31-07-2019,2019,Uttar Pradesh,Agra (UP-80),4W,Hatchback,Maruti Suzuki,Diesel,BS4,1000,8,5,REG19,31/07/2019,7/31/2019
REG100808,9/1/2019,2019,Madhya Pradesh,Ujjain (MP-13),4W,SUV,Kia,CNG,BS4,1000,8,5,REG19,9/1/2019,9/1/2019
REG100809,9/6/2024,2024,Tamil Nadu,Coimbatore (TN-37),LCV,Mini Truck,Tata Motors,Diesel,BS6,0,15,0,REG19,9/6/2024,9/6/2024
REG100810,5/11/2020,2020,West Bengal,Asansol (WB-39),4W,SUV,Tata Motors,Petrol,BS4,1498,5,4,REG19,5/11/2020,5/11/2020
REG100811,23-08-2020,2020,Uttar Pradesh,Allahabad (UP-70),2W,Scooter,Honda,Petrol,BS6,250,2,4,REG19,23/08/2020,8/23/2020
REG100812,20-12-2021,2021,Madhya Pradesh,Ujjain (MP-13),4W,SUV,Skoda,CNG,BS6,1968,7,3,REG19,20/12/2021,12/20/2021
REG100813,14-01-2023,2023,Karnataka,Mysore (KA-09),2W,Motorcycle,Honda,Petrol,BS6,150,2,1,REG19,14/01/2023,1/14/2023
REG100814,26-08-2019,2019,West Bengal,Howrah (WB-13),4W,MUV,Renault,Petrol,BS6,1197,8,5,REG19,26/08/2019,8/26/2019
REG100815,27-10-2022,2022,Uttar Pradesh,Lucknow (UP-32),2W,Motorcycle,KTM,EV,BS6,0,2,2,REG19,27/10/2022,10/27/2022
REG100816,10/8/2018,2018,Delhi,Delhi West (DL-08),4W,MUV,Maruti Suzuki,Diesel,BS4,1968,8,6,REG19,10/8/2018,10/8/2018
REG100817,30-10-2021,2021,Kerala,Kollam (KL-02),4W,SUV,Maruti Suzuki,Diesel,BS6,2179,6,3,REG19,30/10/2021,10/30/2021
REG100818,28-11-2022,2022,Kerala,Thiruvananthapuram (KL-01),3W,E-Rickshaw,Atul Auto,CNG,BS6,0,6,2,REG19,28/11/2022,11/28/2022
REG100819,28-05-2022,2022,Karnataka,Mangalore (KA-19),4W,SUV,MG,EV,BS6,0,8,2,REG19,28/05/2022,5/28/2022
REG100820,3/12/2021,2021,Rajasthan,Udaipur (RJ-27),2W,Motorcycle,Ola Electric,CNG,BS6,350,2,3,REG19,3/12/2021,3/12/2021
REG100821,30-08-2023,2023,Tamil Nadu,Madurai (TN-58),4W,MUV,Honda,EV,BS6,0,6,1,REG19,30/08/2023,8/30/2023
REG100822,21-02-2020,2020,Gujarat,Ahmedabad (GJ-01),4W,Sedan,Tata Motors,Petrol,BS6,1968,8,4,REG19,21/02/2020,2/21/2020
REG100823,12/12/2024,2024,Gujarat,Surat (GJ-05),2W,Motorcycle,Hero,Petrol,BS6,125,2,0,REG19,12/12/2024,12/12/2024
REG100824,3/3/2019,2019,Tamil Nadu,Trichy (TN-45),2W,Motorcycle,Yamaha,EV,BS4,0,2,5,REG19,3/3/2019,3/3/2019
REG100825,17-05-2018,2018,Delhi,Delhi North (DL-04),2W,Scooter,Yamaha,Hybrid,BS4,125,2,6,REG19,17/05/2018,5/17/2018
REG100826,26-02-2023,2023,Kerala,Kollam (KL-02),4W,Hatchback,Maruti Suzuki,Diesel,BS6,1000,5,1,REG19,26/02/2023,2/26/2023
REG100827,21-03-2024,2024,Telangana,Hyderabad (TS-09),3W,Auto Rickshaw,Kinetic Green,CNG,BS6,250,7,0,REG19,21/03/2024,3/21/2024
REG100828,4/3/2021,2021,West Bengal,Asansol (WB-39),3W,Auto Rickshaw,Piaggio,EV,BS6,0,6,3,REG19,4/3/2021,4/3/2021
REG100829,17-05-2022,2022,Uttar Pradesh,Lucknow (UP-32),2W,Scooter,Yamaha,Petrol,BS6,200,2,2,REG19,17/05/2022,5/17/2022
REG100830,4/8/2023,2023,Kerala,Thrissur (KL-08),2W,Moped,Bajaj,Petrol,BS6,150,2,1,REG19,4/8/2023,4/8/2023
REG100831,16-01-2023,2023,Tamil Nadu,Salem (TN-30),2W,Scooter,KTM,EV,BS6,0,2,1,REG19,16/01/2023,1/16/2023
REG100832,26-03-2021,2021,Tamil Nadu,Chennai Central (TN-01),4W,Hatchback,Hyundai,Diesel,BS4,1968,5,3,REG19,26/03/2021,3/26/2021
REG100833,4/12/2024,2024,Uttar Pradesh,Lucknow (UP-32),4W,Sedan,Skoda,Petrol,BS6,0,7,0,REG19,4/12/2024,4/12/2024
REG100834,26-06-2023,2023,Uttar Pradesh,Varanasi (UP-65),LCV,Light Bus,Eicher,Diesel,BS6,2523,12,1,REG19,26/06/2023,6/26/2023
REG100835,15-11-2020,2020,Telangana,Khammam (TS-07),HCV,Tanker,BharatBenz,Diesel,BS6,0,45,4,REG19,15/11/2020,11/15/2020
REG100836,13-02-2020,2020,Kerala,Kozhikode (KL-11),LCV,Light Bus,Force Motors,EV,BS6,0,15,4,REG19,13/02/2020,2/13/2020
REG100837,19-09-2021,2021,Rajasthan,Udaipur (RJ-27),4W,Sedan,Renault,Diesel,BS6,0,7,3,REG19,19/09/2021,9/19/2021
REG100838,30-10-2024,2024,Telangana,Nizamabad (TS-05),4W,Sedan,Maruti Suzuki,Petrol,BS6,1498,6,0,REG19,30/10/2024,10/30/2024
REG100839,30-06-2020,2020,Gujarat,Rajkot (GJ-03),OTH,Tractor,Mahindra,Diesel,BS6,3760,1,4,REG19,30/06/2020,6/30/2020
REG100840,25-10-2021,2021,Madhya Pradesh,Bhopal (MP-04),2W,Moped,Hero,EV,BS6,0,2,3,REG19,25/10/2021,10/25/2021
REG100841,21-10-2021,2021,Kerala,Kollam (KL-02),LCV,Mini Truck,Ashok Leyland,Diesel,BS6,2956,15,3,REG19,21/10/2021,10/21/2021
REG100842,4/7/2022,2022,Uttar Pradesh,Allahabad (UP-70),4W,Hatchback,Toyota,Diesel,BS4,2179,5,2,REG19,4/7/2022,4/7/2022
REG100843,1/9/2022,2022,Tamil Nadu,Salem (TN-30),4W,Hatchback,Hyundai,Petrol,BS6,1462,8,2,REG19,1/9/2022,1/9/2022
REG100844,16-05-2022,2022,Karnataka,Hubli (KA-25),4W,MUV,Skoda,CNG,BS6,2179,8,2,REG19,16/05/2022,5/16/2022
REG100845,31-12-2022,2022,West Bengal,Siliguri (WB-73),4W,MUV,Tata Motors,Petrol,BS6,2179,6,2,REG19,31/12/2022,12/31/2022
REG100846,22-03-2022,2022,Kerala,Kollam (KL-02),LCV,Mini Truck,Mahindra,Diesel,BS6,3298,9,2,REG19,22/03/2022,3/22/2022
REG100847,2/3/2018,2018,Punjab,Jalandhar (PB-08),2W,Scooter,Ola Electric,Petrol,BS4,200,2,6,REG19,2/3/2018,2/3/2018
REG100848,3/8/2020,2020,Gujarat,Vadodara (GJ-06),2W,Scooter,Hero,Petrol,BS6,100,2,4,REG19,3/8/2020,3/8/2020
REG100849,4/2/2019,2019,Gujarat,Vadodara (GJ-06),2W,Moped,KTM,Petrol,BS4,100,2,5,REG19,4/2/2019,4/2/2019
REG100850,7/11/2022,2022,Uttar Pradesh,Varanasi (UP-65),4W,MUV,Toyota,Diesel,BS6,1197,6,2,REG19,7/11/2022,7/11/2022
REG100851,7/12/2021,2021,Telangana,Karimnagar (TS-01),4W,MUV,Tata Motors,Hybrid,BS6,1968,8,3,REG19,7/12/2021,7/12/2021
REG100852,26-03-2021,2021,Delhi,Delhi North (DL-04),2W,Motorcycle,KTM,CNG,BS6,100,2,3,REG19,26/03/2021,3/26/2021
REG100853,4/10/2020,2020,Punjab,Amritsar (PB-02),4W,Hatchback,Renault,Petrol,BS6,800,6,4,REG19,4/10/2020,4/10/2020
REG100854,15-04-2024,2024,West Bengal,Asansol (WB-39),LCV,Mini Truck,Eicher,Diesel,BS6,2956,15,0,REG19,15/04/2024,4/15/2024
REG100855,9/9/2021,2021,Punjab,Jalandhar (PB-08),2W,Moped,Ola Electric,Petrol,BS6,100,2,3,REG19,9/9/2021,9/9/2021
REG100856,28-02-2021,2021,Rajasthan,Udaipur (RJ-27),2W,Motorcycle,Ather,Petrol,BS6,110,2,3,REG19,28/02/2021,2/28/2021
REG100857,28-07-2019,2019,Telangana,Warangal (TS-03),2W,Motorcycle,Royal Enfield,Hybrid,BS4,125,2,5,REG19,28/07/2019,7/28/2019
REG100858,20-02-2018,2018,Maharashtra,Aurangabad (MH-20),HCV,Bus,Tata Motors,CNG,BS4,5660,2,6,REG19,20/02/2018,2/20/2018
REG100859,27-10-2020,2020,Uttar Pradesh,Agra (UP-80),2W,Motorcycle,Hero,Petrol,BS6,150,2,4,REG19,27/10/2020,10/27/2020
REG100860,11/10/2019,2019,West Bengal,Asansol (WB-39),4W,MUV,Hyundai,Petrol,BS4,1968,5,5,REG19,11/10/2019,11/10/2019
REG100861,12/12/2022,2022,West Bengal,Kolkata (WB-01),2W,Motorcycle,Hero,Petrol,BS6,110,2,2,REG19,12/12/2022,12/12/2022
REG100862,22-11-2021,2021,Delhi,Delhi South (DL-09),4W,Sedan,Kia,CNG,BS6,0,6,3,REG19,22/11/2021,11/22/2021
REG100863,19-08-2024,2024,Tamil Nadu,Madurai (TN-58),4W,Sedan,Mahindra,Diesel,BS6,800,5,0,REG19,19/08/2024,8/19/2024
REG100864,19-05-2024,2024,West Bengal,Asansol (WB-39),2W,Motorcycle,Hero,Petrol,BS6,0,2,0,REG19,19/05/2024,5/19/2024
REG100865,24-01-2024,2024,Gujarat,Rajkot (GJ-03),OTH,Road Roller,TAFE,Diesel,BS6,4998,52,0,REG19,24/01/2024,1/24/2024
REG100866,10/8/2023,2023,Punjab,Chandigarh (CH-01),2W,Scooter,Honda,Petrol,BS6,150,2,1,REG19,10/8/2023,10/8/2023
REG100867,29-12-2023,2023,Punjab,Patiala (PB-11),HCV,Trailer,MAN,Diesel,BS6,6700,32,1,REG19,29/12/2023,12/29/2023
REG100868,10/3/2018,2018,Delhi,Delhi West (DL-08),2W,Scooter,Ola Electric,Petrol,BS4,100,2,6,REG19,10/3/2018,10/3/2018
REG100869,27-12-2022,2022,Punjab,Jalandhar (PB-08),2W,Motorcycle,TVS,Petrol,BS6,350,2,2,REG19,27/12/2022,12/27/2022
REG100870,16-08-2018,2018,Uttar Pradesh,Allahabad (UP-70),2W,Moped,Honda,EV,BS4,0,2,6,REG19,16/08/2018,8/16/2018
REG100871,5/1/2023,2023,Rajasthan,Udaipur (RJ-27),4W,SUV,Honda,Petrol,BS6,1000,8,1,REG19,5/1/2023,5/1/2023
REG100872,3/7/2021,2021,Rajasthan,Jodhpur (RJ-19),2W,Motorcycle,Hero,Hybrid,BS6,150,2,3,REG19,3/7/2021,3/7/2021
REG100873,23-05-2024,2024,Karnataka,Belgaum (KA-22),4W,Sedan,Mahindra,Diesel,BS6,2179,6,0,REG19,23/05/2024,5/23/2024
REG100874,13-09-2024,2024,Maharashtra,Pune (MH-12),OTH,Road Roller,Sonalika,Diesel,BS6,6700,2,0,REG19,13/09/2024,9/13/2024
REG100875,7/3/2019,2019,Telangana,Warangal (TS-03),4W,Sedan,Hyundai,CNG,BS4,1498,6,5,REG19,7/3/2019,7/3/2019
REG100876,10/5/2023,2023,Telangana,Nizamabad (TS-05),2W,Moped,Hero,CNG,BS6,400,2,1,REG19,10/5/2023,10/5/2023
REG100877,20-05-2024,2024,West Bengal,Kolkata (WB-01),HCV,Truck,Volvo,Diesel,BS6,3760,52,0,REG19,20/05/2024,5/20/2024
REG100878,30-09-2021,2021,West Bengal,Siliguri (WB-73),2W,Motorcycle,Bajaj,Petrol,BS6,350,2,3,REG19,30/09/2021,9/30/2021
REG100879,26-04-2023,2023,Rajasthan,Jaipur (RJ-14),2W,Scooter,Honda,EV,BS6,0,2,1,REG19,26/04/2023,4/26/2023
REG100880,15-01-2023,2023,Karnataka,Mysore (KA-09),2W,Scooter,Royal Enfield,Petrol,BS6,350,2,1,REG19,15/01/2023,1/15/2023
REG100881,24-06-2019,2019,Uttar Pradesh,Lucknow (UP-32),4W,SUV,Kia,Petrol,BS4,800,7,5,REG19,24/06/2019,6/24/2019
REG100882,13-02-2022,2022,Telangana,Warangal (TS-03),HCV,Tanker,Tata Motors,Diesel,BS6,3760,1,2,REG19,13/02/2022,2/13/2022
REG100883,29-01-2019,2019,Uttar Pradesh,Agra (UP-80),LCV,Light Bus,Tata Motors,Diesel,BS4,3298,15,5,REG19,29/01/2019,1/29/2019
REG100884,25-07-2018,2018,Madhya Pradesh,Jabalpur (MP-20),2W,Moped,Hero,EV,BS4,0,2,6,REG19,25/07/2018,7/25/2018
REG100885,8/8/2022,2022,Punjab,Jalandhar (PB-08),2W,Moped,Ola Electric,Petrol,BS6,0,2,2,REG19,8/8/2022,8/8/2022
REG100886,9/4/2022,2022,Punjab,Chandigarh (CH-01),2W,Moped,Hero,EV,BS6,0,2,2,REG19,9/4/2022,9/4/2022
REG100887,22-11-2024,2024,Karnataka,Bangalore Central (KA-01),4W,Hatchback,Skoda,Petrol,BS6,0,7,0,REG19,22/11/2024,11/22/2024
REG100888,31-01-2020,2020,Rajasthan,Udaipur (RJ-27),3W,Tempo,Mahindra,CNG,BS6,225,6,4,REG19,31/01/2020,1/31/2020
REG100889,16-03-2022,2022,Punjab,Jalandhar (PB-08),3W,Tempo,TVS,CNG,BS6,225,6,2,REG19,16/03/2022,3/16/2022
REG100890,16-03-2022,2022,Gujarat,Gandhinagar (GJ-18),2W,Scooter,Hero,EV,BS6,0,2,2,REG19,16/03/2022,3/16/2022
REG100891,23-11-2020,2020,Delhi,Delhi South (DL-09),4W,Hatchback,Honda,Diesel,BS6,1462,5,4,REG19,23/11/2020,11/23/2020
REG100892,17-10-2021,2021,Rajasthan,Jodhpur (RJ-19),4W,MUV,Skoda,EV,BS6,0,7,3,REG19,17/10/2021,10/17/2021
REG100893,23-11-2020,2020,Uttar Pradesh,Agra (UP-80),2W,Scooter,Hero,EV,BS6,0,2,4,REG19,23/11/2020,11/23/2020
REG100894,12/7/2023,2023,Kerala,Kochi (KL-07),3W,Auto Rickshaw,Piaggio,Diesel,BS6,225,6,1,REG19,12/7/2023,12/7/2023
REG100895,29-05-2022,2022,Tamil Nadu,Chennai Central (TN-01),2W,Motorcycle,Yamaha,Petrol,BS6,350,2,2,REG19,29/05/2022,5/29/2022
REG100896,30-03-2020,2020,Delhi,Delhi South (DL-09),HCV,Trailer,Tata Motors,Diesel,BS6,4998,32,4,REG19,30/03/2020,3/30/2020
REG100897,14-05-2020,2020,Kerala,Kochi (KL-07),2W,Moped,Bajaj,Petrol,BS6,110,2,4,REG19,14/05/2020,5/14/2020
REG100898,9/7/2021,2021,Maharashtra,Pune (MH-12),2W,Motorcycle,Yamaha,Petrol,BS6,200,2,3,REG19,9/7/2021,9/7/2021
REG100899,8/4/2019,2019,Madhya Pradesh,Indore (MP-09),HCV,Tanker,MAN,Diesel,BS4,4998,52,5,REG19,8/4/2019,8/4/2019
REG100900,7/4/2023,2023,Uttar Pradesh,Agra (UP-80),2W,Scooter,Bajaj,Petrol,BS6,400,2,1,REG19,7/4/2023,7/4/2023
REG100901,7/9/2024,2024,Gujarat,Surat (GJ-05),2W,Motorcycle,Royal Enfield,Petrol,BS6,150,2,0,REG19,7/9/2024,7/9/2024
REG100902,18-09-2021,2021,Kerala,Thiruvananthapuram (KL-01),4W,Hatchback,Tata Motors,Diesel,BS6,1598,8,3,REG19,18/09/2021,9/18/2021
REG100903,11/9/2023,2023,Telangana,Karimnagar (TS-01),2W,Moped,Yamaha,EV,BS6,0,2,1,REG19,11/9/2023,11/9/2023
REG100904,19-08-2020,2020,Gujarat,Gandhinagar (GJ-18),2W,Moped,Hero,Petrol,BS6,150,2,4,REG19,19/08/2020,8/19/2020
REG100905,10/5/2024,2024,Uttar Pradesh,Kanpur (UP-78),2W,Scooter,Ola Electric,Petrol,BS6,400,2,0,REG19,10/5/2024,10/5/2024
REG100906,22-01-2021,2021,Karnataka,Mysore (KA-09),4W,SUV,MG,Diesel,BS6,2179,7,3,REG19,22/01/2021,1/22/2021
REG100907,13-01-2021,2021,Uttar Pradesh,Varanasi (UP-65),3W,E-Rickshaw,TVS,Diesel,BS6,225,6,3,REG19,13/01/2021,1/13/2021
REG100908,6/10/2024,2024,Delhi,Delhi West (DL-08),4W,SUV,Hyundai,Petrol,BS6,1000,7,0,REG19,6/10/2024,6/10/2024
REG100909,11/12/2020,2020,Delhi,Delhi Central (DL-01),2W,Scooter,Hero,EV,BS6,0,2,4,REG19,11/12/2020,11/12/2020
REG100910,6/10/2022,2022,Gujarat,Vadodara (GJ-06),4W,SUV,Mahindra,EV,BS6,0,5,2,REG19,6/10/2022,6/10/2022
REG100911,30-08-2023,2023,Gujarat,Vadodara (GJ-06),4W,MUV,Honda,CNG,BS6,0,6,1,REG19,30/08/2023,8/30/2023
REG100912,9/10/2020,2020,Uttar Pradesh,Kanpur (UP-78),2W,Moped,Bajaj,EV,BS6,0,2,4,REG19,9/10/2020,9/10/2020
REG100913,2/8/2022,2022,Kerala,Thrissur (KL-08),2W,Motorcycle,Yamaha,Petrol,BS6,150,2,2,REG19,2/8/2022,2/8/2022
REG100914,6/6/2022,2022,West Bengal,Siliguri (WB-73),LCV,Mini Truck,Ashok Leyland,Diesel,BS6,2523,12,2,REG19,6/6/2022,6/6/2022
REG100915,20-12-2023,2023,Madhya Pradesh,Gwalior (MP-07),2W,Scooter,Suzuki,CNG,BS6,400,2,1,REG19,20/12/2023,12/20/2023
REG100916,17-10-2024,2024,Gujarat,Vadodara (GJ-06),4W,Hatchback,Tata Motors,Petrol,BS6,1968,8,0,REG19,17/10/2024,10/17/2024
REG100917,20-08-2019,2019,Delhi,Delhi North (DL-04),2W,Scooter,Bajaj,EV,BS4,0,2,5,REG19,20/08/2019,8/20/2019
REG100918,8/9/2023,2023,Karnataka,Mysore (KA-09),2W,Moped,TVS,Petrol,BS6,100,2,1,REG19,8/9/2023,8/9/2023
REG100919,25-09-2020,2020,Tamil Nadu,Coimbatore (TN-37),2W,Scooter,Royal Enfield,Petrol,BS6,110,2,4,REG19,25/09/2020,9/25/2020
REG100920,19-07-2024,2024,West Bengal,Kolkata (WB-01),2W,Motorcycle,TVS,Petrol,BS6,125,2,0,REG19,19/07/2024,7/19/2024
REG100921,7/3/2024,2024,Karnataka,Mysore (KA-09),4W,MUV,Hyundai,Diesel,BS6,1462,7,0,REG19,7/3/2024,7/3/2024
REG100922,16-12-2020,2020,Uttar Pradesh,Varanasi (UP-65),2W,Moped,Royal Enfield,EV,BS4,0,2,4,REG19,16/12/2020,12/16/2020
REG100923,7/5/2023,2023,Gujarat,Surat (GJ-05),2W,Motorcycle,KTM,Petrol,BS6,400,2,1,REG19,7/5/2023,7/5/2023
REG100924,28-05-2018,2018,Rajasthan,Ajmer (RJ-01),LCV,Pickup Van,Force Motors,CNG,BS4,0,12,6,REG19,28/05/2018,5/28/2018
REG100925,9/8/2020,2020,Kerala,Kozhikode (KL-11),2W,Motorcycle,Suzuki,Petrol,BS6,350,2,4,REG19,9/8/2020,9/8/2020
REG100926,21-03-2024,2024,Uttar Pradesh,Kanpur (UP-78),4W,Hatchback,Honda,EV,BS6,0,7,0,REG19,21/03/2024,3/21/2024
REG100927,3/3/2024,2024,Madhya Pradesh,Bhopal (MP-04),4W,Sedan,MG,Diesel,BS6,1598,5,0,REG19,3/3/2024,3/3/2024
REG100928,16-09-2020,2020,Karnataka,Belgaum (KA-22),4W,SUV,Honda,Diesel,BS6,800,8,4,REG19,16/09/2020,9/16/2020
REG100929,23-07-2023,2023,Maharashtra,Mumbai Central (MH-01),4W,MUV,Honda,Diesel,BS6,800,5,1,REG19,23/07/2023,7/23/2023
REG100930,25-08-2023,2023,Gujarat,Ahmedabad (GJ-01),4W,Sedan,Toyota,EV,BS6,0,5,1,REG19,25/08/2023,8/25/2023
REG100931,29-03-2023,2023,Telangana,Warangal (TS-03),4W,MUV,Tata Motors,Diesel,BS6,800,5,1,REG19,29/03/2023,3/29/2023
REG100932,6/1/2019,2019,Tamil Nadu,Madurai (TN-58),2W,Moped,Suzuki,Petrol,BS6,160,2,5,REG19,6/1/2019,6/1/2019
REG100933,23-12-2022,2022,Tamil Nadu,Salem (TN-30),2W,Motorcycle,Hero,CNG,BS6,100,2,2,REG19,23/12/2022,12/23/2022
REG100934,3/11/2021,2021,Madhya Pradesh,Ujjain (MP-13),4W,Hatchback,Honda,EV,BS6,0,5,3,REG19,3/11/2021,3/11/2021
REG100935,15-01-2019,2019,Uttar Pradesh,Kanpur (UP-78),HCV,Trailer,Ashok Leyland,Diesel,BS4,3760,32,5,REG19,15/01/2019,1/15/2019
REG100936,19-09-2020,2020,Delhi,Delhi Central (DL-01),2W,Motorcycle,TVS,CNG,BS6,110,2,4,REG19,19/09/2020,9/19/2020
REG100937,7/8/2024,2024,Rajasthan,Kota (RJ-20),4W,Sedan,Skoda,Petrol,BS6,1000,6,0,REG19,7/8/2024,7/8/2024
REG100938,19-07-2023,2023,Delhi,Delhi Central (DL-01),2W,Motorcycle,Hero,Petrol,BS6,150,2,1,REG19,19/07/2023,7/19/2023
REG100939,30-07-2018,2018,West Bengal,Howrah (WB-13),2W,Scooter,Ola Electric,Petrol,BS4,160,2,6,REG19,30/07/2018,7/30/2018
REG100940,3/11/2020,2020,Punjab,Jalandhar (PB-08),OTH,Tractor,Escorts,Diesel,BS6,5660,45,4,REG19,3/11/2020,3/11/2020
REG100941,10/1/2022,2022,Madhya Pradesh,Indore (MP-09),2W,Moped,Yamaha,CNG,BS6,0,2,2,REG19,10/1/2022,10/1/2022
REG100942,30-04-2022,2022,Punjab,Jalandhar (PB-08),2W,Moped,Bajaj,EV,BS6,0,2,2,REG19,30/04/2022,4/30/2022
REG100943,31-01-2020,2020,Punjab,Chandigarh (CH-01),2W,Moped,Suzuki,Hybrid,BS6,125,2,4,REG19,31/01/2020,1/31/2020
REG100944,3/11/2023,2023,Rajasthan,Udaipur (RJ-27),2W,Motorcycle,Suzuki,Petrol,BS6,350,2,1,REG19,3/11/2023,3/11/2023
REG100945,28-11-2023,2023,Kerala,Kozhikode (KL-11),2W,Scooter,Hero,EV,BS6,0,2,1,REG19,28/11/2023,11/28/2023
REG100946,6/12/2020,2020,Maharashtra,Pune (MH-12),LCV,Pickup Van,Ashok Leyland,Diesel,BS6,2956,15,4,REG19,6/12/2020,6/12/2020
REG100947,4/1/2020,2020,Kerala,Kochi (KL-07),4W,MUV,Renault,Diesel,BS6,1000,8,4,REG19,4/1/2020,4/1/2020
REG100948,9/10/2019,2019,Karnataka,Mysore (KA-09),2W,Motorcycle,Bajaj,Petrol,BS4,150,2,5,REG19,9/10/2019,9/10/2019
REG100949,5/5/2020,2020,Delhi,Delhi South (DL-09),2W,Moped,KTM,Petrol,BS6,250,2,4,REG19,5/5/2020,5/5/2020
REG100950,19-05-2024,2024,Tamil Nadu,Trichy (TN-45),2W,Scooter,Ola Electric,EV,BS6,0,2,0,REG19,19/05/2024,5/19/2024
REG100951,10/8/2022,2022,Karnataka,Hubli (KA-25),2W,Motorcycle,KTM,EV,BS6,0,2,2,REG19,10/8/2022,10/8/2022
REG100952,31-10-2024,2024,West Bengal,Kolkata (WB-01),4W,MUV,Hyundai,Hybrid,BS6,0,6,0,REG19,31/10/2024,10/31/2024
REG100953,7/11/2021,2021,Telangana,Warangal (TS-03),2W,Scooter,Royal Enfield,EV,BS6,0,2,3,REG19,7/11/2021,7/11/2021
REG100954,7/1/2024,2024,Karnataka,Hubli (KA-25),2W,Scooter,Bajaj,Petrol,BS6,400,2,0,REG19,7/1/2024,7/1/2024
REG100955,7/6/2021,2021,Kerala,Kozhikode (KL-11),3W,E-Rickshaw,Mahindra,Petrol,BS6,200,6,3,REG19,7/6/2021,7/6/2021
REG100956,28-06-2023,2023,Maharashtra,Mumbai Central (MH-01),2W,Moped,TVS,Petrol,BS6,400,2,1,REG19,28/06/2023,6/28/2023
REG100957,7/5/2021,2021,Kerala,Thrissur (KL-08),4W,SUV,Maruti Suzuki,EV,BS6,0,8,3,REG19,7/5/2021,7/5/2021
REG100958,17-03-2022,2022,Maharashtra,Nagpur (MH-31),4W,Hatchback,Tata Motors,Petrol,BS6,1498,6,2,REG19,17/03/2022,3/17/2022
REG100959,31-12-2023,2023,Punjab,Patiala (PB-11),HCV,Bus,Tata Motors,Diesel,BS6,6700,45,1,REG19,31/12/2023,12/31/2023
REG100960,6/8/2024,2024,Kerala,Kollam (KL-02),OTH,Tractor,Escorts,Diesel,BS6,5660,32,0,REG19,6/8/2024,6/8/2024
REG100961,15-02-2023,2023,Telangana,Khammam (TS-07),4W,MUV,Skoda,Petrol,BS6,1000,7,1,REG19,15/02/2023,2/15/2023
REG100962,1/1/2024,2024,Tamil Nadu,Madurai (TN-58),4W,MUV,Kia,Petrol,BS6,1000,5,0,REG19,1/1/2024,1/1/2024
REG100963,11/7/2022,2022,Kerala,Thrissur (KL-08),3W,Tempo,TVS,Petrol,BS6,225,7,2,REG19,11/7/2022,11/7/2022
REG100964,6/4/2022,2022,Tamil Nadu,Coimbatore (TN-37),3W,Tempo,Bajaj,Diesel,BS6,225,3,2,REG19,6/4/2022,6/4/2022
REG100965,25-02-2022,2022,Kerala,Kochi (KL-07),4W,Sedan,Kia,Diesel,BS6,1197,5,2,REG19,25/02/2022,2/25/2022
REG100966,2/9/2018,2018,Gujarat,Ahmedabad (GJ-01),2W,Scooter,Honda,Petrol,BS4,350,2,6,REG19,2/9/2018,2/9/2018
REG100967,19-02-2022,2022,Madhya Pradesh,Bhopal (MP-04),2W,Scooter,Hero,CNG,BS6,150,2,2,REG19,19/02/2022,2/19/2022
REG100968,6/11/2022,2022,Telangana,Hyderabad (TS-09),2W,Moped,Royal Enfield,EV,BS6,0,2,2,REG19,6/11/2022,6/11/2022
REG100969,23-07-2024,2024,Rajasthan,Kota (RJ-20),4W,SUV,Toyota,Petrol,BS6,1968,5,0,REG19,23/07/2024,7/23/2024
REG100970,14-01-2021,2021,Rajasthan,Kota (RJ-20),4W,Hatchback,MG,EV,BS6,0,7,3,REG19,14/01/2021,1/14/2021
REG100971,2/1/2021,2021,Kerala,Kochi (KL-07),2W,Moped,KTM,EV,BS6,0,2,3,REG19,2/1/2021,2/1/2021
REG100972,6/9/2022,2022,Maharashtra,Nagpur (MH-31),LCV,Light Bus,Ashok Leyland,CNG,BS6,0,15,2,REG19,6/9/2022,6/9/2022
REG100973,10/4/2021,2021,Punjab,Chandigarh (CH-01),2W,Scooter,Honda,CNG,BS6,125,2,3,REG19,10/4/2021,10/4/2021
REG100974,11/12/2023,2023,Telangana,Khammam (TS-07),4W,Hatchback,Tata Motors,Diesel,BS6,0,8,1,REG19,11/12/2023,11/12/2023
REG100975,28-03-2020,2020,Tamil Nadu,Salem (TN-30),HCV,Tanker,MAN,Diesel,BS6,3760,1,4,REG19,28/03/2020,3/28/2020
REG100976,12/5/2021,2021,Uttar Pradesh,Lucknow (UP-32),2W,Scooter,Suzuki,Hybrid,BS6,350,2,3,REG19,12/5/2021,12/5/2021
REG100977,22-10-2021,2021,Madhya Pradesh,Bhopal (MP-04),4W,MUV,Hyundai,EV,BS6,0,7,3,REG19,22/10/2021,10/22/2021
REG100978,14-02-2020,2020,Uttar Pradesh,Varanasi (UP-65),4W,MUV,Mahindra,Petrol,BS6,1000,5,4,REG19,14/02/2020,2/14/2020
REG100979,14-07-2019,2019,Rajasthan,Ajmer (RJ-01),HCV,Truck,Eicher,Diesel,BS4,0,1,5,REG19,14/07/2019,7/14/2019
REG100980,14-12-2021,2021,Gujarat,Ahmedabad (GJ-01),4W,Sedan,Honda,Diesel,BS6,1197,6,3,REG19,14/12/2021,12/14/2021
REG100981,23-04-2023,2023,Karnataka,Mangalore (KA-19),2W,Scooter,Yamaha,Petrol,BS6,350,2,1,REG19,23/04/2023,4/23/2023
REG100982,18-01-2023,2023,Madhya Pradesh,Jabalpur (MP-20),2W,Scooter,TVS,Hybrid,BS6,0,2,1,REG19,18/01/2023,1/18/2023
REG100983,20-10-2024,2024,Rajasthan,Kota (RJ-20),3W,Tempo,Bajaj,CNG,BS6,0,7,0,REG19,20/10/2024,10/20/2024
REG100984,17-04-2020,2020,Delhi,Delhi North (DL-04),2W,Scooter,Hero,Petrol,BS4,150,2,4,REG19,17/04/2020,4/17/2020
REG100985,23-03-2021,2021,Kerala,Thiruvananthapuram (KL-01),HCV,Bus,BharatBenz,CNG,BS6,3760,52,3,REG19,23/03/2021,3/23/2021
REG100986,28-09-2021,2021,Uttar Pradesh,Agra (UP-80),2W,Scooter,Yamaha,Hybrid,BS6,160,2,3,REG19,28/09/2021,9/28/2021
REG100987,28-01-2021,2021,Gujarat,Surat (GJ-05),4W,MUV,Hyundai,Petrol,BS6,1498,8,3,REG19,28/01/2021,1/28/2021
REG100988,21-04-2024,2024,Madhya Pradesh,Indore (MP-09),4W,MUV,MG,Petrol,BS6,1462,5,0,REG19,21/04/2024,4/21/2024
REG100989,29-01-2023,2023,Rajasthan,Ajmer (RJ-01),2W,Motorcycle,Suzuki,Petrol,BS6,110,2,1,REG19,29/01/2023,1/29/2023
REG100990,11/8/2023,2023,Rajasthan,Udaipur (RJ-27),2W,Motorcycle,Honda,EV,BS6,0,2,1,REG19,11/8/2023,11/8/2023
REG100991,2/11/2022,2022,Madhya Pradesh,Jabalpur (MP-20),2W,Motorcycle,Bajaj,Petrol,BS6,125,2,2,REG19,2/11/2022,2/11/2022
REG100992,1/12/2021,2021,Madhya Pradesh,Jabalpur (MP-20),4W,Hatchback,MG,EV,BS6,0,7,3,REG19,1/12/2021,1/12/2021
REG100993,26-04-2023,2023,Maharashtra,Mumbai Central (MH-01),2W,Motorcycle,KTM,EV,BS6,0,2,1,REG19,26/04/2023,4/26/2023
REG100994,3/4/2023,2023,Punjab,Patiala (PB-11),OTH,Crane,John Deere,Diesel,BS6,6700,45,1,REG19,3/4/2023,3/4/2023
REG100995,5/4/2019,2019,Madhya Pradesh,Jabalpur (MP-20),2W,Motorcycle,Honda,Petrol,BS4,250,2,5,REG19,5/4/2019,5/4/2019
REG100996,3/10/2019,2019,Kerala,Thiruvananthapuram (KL-01),2W,Moped,Ather,EV,BS4,0,2,5,REG19,3/10/2019,3/10/2019
REG100997,4/3/2022,2022,Delhi,Delhi Central (DL-01),2W,Moped,TVS,Petrol,BS6,100,2,2,REG19,4/3/2022,4/3/2022
REG100998,18-01-2020,2020,Tamil Nadu,Trichy (TN-45),2W,Motorcycle,Honda,EV,BS4,0,2,4,REG19,18/01/2020,1/18/2020
REG100999,1/1/2024,2024,Karnataka,Belgaum (KA-22),2W,Moped,TVS,Petrol,BS6,150,2,0,REG19,1/1/2024,1/1/2024
REG101000,9/9/2022,2022,Gujarat,Ahmedabad (GJ-01),HCV,Trailer,MAN,Diesel,BS6,5660,52,2,REG19,9/9/2022,9/9/2022
REG101001,19-01-2023,2023,Rajasthan,Ajmer (RJ-01),4W,Sedan,Hyundai,EV,BS6,0,6,1,REG19,19/01/2023,1/19/2023
REG101002,15-11-2021,2021,Gujarat,Surat (GJ-05),HCV,Bus,Eicher,Diesel,BS6,6700,1,3,REG19,15/11/2021,11/15/2021
REG101003,13-12-2022,2022,Telangana,Nizamabad (TS-05),2W,Moped,TVS,Petrol,BS6,250,2,2,REG19,13/12/2022,12/13/2022
REG101004,10/7/2023,2023,Kerala,Kochi (KL-07),4W,Hatchback,Kia,EV,BS6,0,6,1,REG19,10/7/2023,10/7/2023
REG101005,9/2/2024,2024,Uttar Pradesh,Kanpur (UP-78),2W,Scooter,Suzuki,Petrol,BS6,160,2,0,REG19,9/2/2024,9/2/2024
REG101006,5/7/2021,2021,Karnataka,Belgaum (KA-22),2W,Moped,Suzuki,Petrol,BS6,200,2,3,REG19,5/7/2021,5/7/2021
REG101007,13-07-2019,2019,Gujarat,Surat (GJ-05),LCV,Mini Truck,Ashok Leyland,Diesel,BS4,2523,9,5,REG19,13/07/2019,7/13/2019
REG101008,25-12-2019,2019,Tamil Nadu,Trichy (TN-45),4W,SUV,Skoda,Diesel,BS4,1498,7,5,REG19,25/12/2019,12/25/2019
REG101009,14-12-2021,2021,Punjab,Chandigarh (CH-01),LCV,Mini Truck,Ashok Leyland,EV,BS6,0,12,3,REG19,14/12/2021,12/14/2021
REG101010,14-03-2020,2020,Punjab,Ludhiana (PB-10),2W,Moped,Ather,CNG,BS6,250,2,4,REG19,14/03/2020,3/14/2020
REG101011,8/11/2023,2023,Punjab,Amritsar (PB-02),2W,Moped,Yamaha,CNG,BS6,250,2,1,REG19,8/11/2023,8/11/2023
REG101012,24-09-2021,2021,Kerala,Thrissur (KL-08),2W,Scooter,KTM,EV,BS6,0,2,3,REG19,24/09/2021,9/24/2021
REG101013,3/5/2023,2023,Gujarat,Ahmedabad (GJ-01),HCV,Tanker,Volvo,Diesel,BS6,3760,2,1,REG19,3/5/2023,3/5/2023
REG101014,6/8/2023,2023,Punjab,Chandigarh (CH-01),2W,Scooter,Ather,EV,BS6,0,2,1,REG19,6/8/2023,6/8/2023
REG101015,4/3/2024,2024,Kerala,Kochi (KL-07),3W,Tempo,Kinetic Green,EV,BS6,0,3,0,REG19,4/3/2024,4/3/2024
REG101016,26-06-2023,2023,Punjab,Ludhiana (PB-10),HCV,Truck,MAN,Diesel,BS6,4998,52,1,REG19,26/06/2023,6/26/2023
REG101017,25-09-2024,2024,Madhya Pradesh,Ujjain (MP-13),2W,Scooter,TVS,CNG,BS6,150,2,0,REG19,25/09/2024,9/25/2024
REG101018,10/9/2024,2024,Tamil Nadu,Chennai Central (TN-01),2W,Motorcycle,Ather,Petrol,BS6,250,2,0,REG19,10/9/2024,10/9/2024
REG101019,2/3/2023,2023,Tamil Nadu,Madurai (TN-58),HCV,Trailer,MAN,Diesel,BS6,5660,32,1,REG19,2/3/2023,2/3/2023
REG101020,25-11-2020,2020,West Bengal,Durgapur (WB-40),2W,Motorcycle,Ola Electric,Petrol,BS6,400,2,4,REG19,25/11/2020,11/25/2020
REG101021,18-06-2018,2018,Maharashtra,Nashik (MH-15),LCV,Pickup Van,Tata Motors,Diesel,BS4,3298,12,6,REG19,18/06/2018,6/18/2018
REG101022,9/8/2021,2021,Karnataka,Bangalore Central (KA-01),2W,Moped,TVS,Petrol,BS6,350,2,3,REG19,9/8/2021,9/8/2021
REG101023,20-03-2024,2024,Delhi,Delhi Central (DL-01),3W,Auto Rickshaw,Mahindra,CNG,BS6,250,3,0,REG19,20/03/2024,3/20/2024
REG101024,25-02-2022,2022,West Bengal,Siliguri (WB-73),2W,Scooter,Suzuki,Petrol,BS6,350,2,2,REG19,25/02/2022,2/25/2022
REG101025,12/4/2021,2021,Madhya Pradesh,Jabalpur (MP-20),2W,Scooter,Suzuki,Petrol,BS6,110,2,3,REG19,12/4/2021,12/4/2021
REG101026,24-03-2021,2021,Delhi,Delhi West (DL-08),2W,Scooter,Suzuki,Hybrid,BS6,150,2,3,REG19,24/03/2021,3/24/2021
REG101027,7/3/2023,2023,West Bengal,Durgapur (WB-40),2W,Scooter,Ather,EV,BS6,0,2,1,REG19,7/3/2023,7/3/2023
REG101028,5/3/2024,2024,Uttar Pradesh,Allahabad (UP-70),4W,MUV,Tata Motors,Petrol,BS6,1197,7,0,REG19,5/3/2024,5/3/2024
REG101029,2/11/2023,2023,Telangana,Hyderabad (TS-09),4W,Sedan,Maruti Suzuki,EV,BS6,0,8,1,REG19,2/11/2023,2/11/2023
REG101030,19-09-2022,2022,West Bengal,Durgapur (WB-40),2W,Motorcycle,Suzuki,Petrol,BS6,125,2,2,REG19,19/09/2022,9/19/2022
REG101031,31-08-2023,2023,Delhi,Delhi West (DL-08),4W,SUV,Mahindra,EV,BS6,0,6,1,REG19,31/08/2023,8/31/2023
REG101032,21-05-2019,2019,Delhi,Delhi South (DL-09),4W,Sedan,Mahindra,Petrol,BS4,1462,6,5,REG19,21/05/2019,5/21/2019
REG101033,25-12-2021,2021,Uttar Pradesh,Lucknow (UP-32),4W,Hatchback,Maruti Suzuki,Diesel,BS6,1462,6,3,REG19,25/12/2021,12/25/2021
REG101034,18-05-2018,2018,Rajasthan,Udaipur (RJ-27),3W,Tempo,Mahindra,EV,BS4,0,6,6,REG19,18/05/2018,5/18/2018
REG101035,14-06-2018,2018,Rajasthan,Udaipur (RJ-27),2W,Motorcycle,TVS,Petrol,BS4,150,2,6,REG19,14/06/2018,6/14/2018
REG101036,5/7/2020,2020,Gujarat,Rajkot (GJ-03),2W,Moped,Honda,EV,BS6,0,2,4,REG19,5/7/2020,5/7/2020
REG101037,3/7/2024,2024,Gujarat,Ahmedabad (GJ-01),2W,Motorcycle,Ather,Hybrid,BS6,200,2,0,REG19,3/7/2024,3/7/2024
REG101038,16-07-2021,2021,Kerala,Kollam (KL-02),3W,E-Rickshaw,Piaggio,EV,BS6,0,3,3,REG19,16/07/2021,7/16/2021
REG101039,8/2/2023,2023,Tamil Nadu,Trichy (TN-45),2W,Moped,Bajaj,Petrol,BS6,400,2,1,REG19,8/2/2023,8/2/2023
REG101040,7/3/2023,2023,Punjab,Amritsar (PB-02),2W,Scooter,Bajaj,EV,BS6,0,2,1,REG19,7/3/2023,7/3/2023
REG101041,12/8/2023,2023,Uttar Pradesh,Allahabad (UP-70),4W,SUV,Toyota,Diesel,BS6,1000,8,1,REG19,12/8/2023,12/8/2023
REG101042,29-05-2021,2021,Uttar Pradesh,Allahabad (UP-70),HCV,Truck,Ashok Leyland,Diesel,BS6,3760,52,3,REG19,29/05/2021,5/29/2021
REG101043,8/2/2022,2022,Maharashtra,Pune (MH-12),4W,MUV,MG,EV,BS6,0,8,2,REG19,8/2/2022,8/2/2022
REG101044,2/1/2021,2021,Telangana,Karimnagar (TS-01),4W,MUV,Honda,CNG,BS6,1197,6,3,REG19,2/1/2021,2/1/2021
REG101045,13-05-2023,2023,Punjab,Chandigarh (CH-01),LCV,Light Bus,Force Motors,Diesel,BS6,3298,9,1,REG19,13/05/2023,5/13/2023
REG101046,21-01-2022,2022,Gujarat,Vadodara (GJ-06),4W,Sedan,Mahindra,Petrol,BS6,1197,7,2,REG19,21/01/2022,1/21/2022
REG101047,29-11-2022,2022,Tamil Nadu,Madurai (TN-58),LCV,Mini Truck,Mahindra,Diesel,BS6,3298,15,2,REG19,29/11/2022,11/29/2022
REG101048,10/11/2023,2023,Punjab,Amritsar (PB-02),2W,Moped,Ather,Petrol,BS6,160,2,1,REG19,10/11/2023,10/11/2023
REG101049,1/4/2023,2023,Rajasthan,Jaipur (RJ-14),4W,Hatchback,Toyota,Petrol,BS6,1498,5,1,REG19,1/4/2023,1/4/2023
REG101050,20-11-2020,2020,Telangana,Khammam (TS-07),2W,Moped,Suzuki,EV,BS6,0,2,4,REG19,20/11/2020,11/20/2020
REG101051,21-07-2020,2020,Telangana,Warangal (TS-03),4W,Sedan,Toyota,Petrol,BS6,1197,8,4,REG19,21/07/2020,7/21/2020
REG101052,31-03-2020,2020,Delhi,Delhi North (DL-04),2W,Scooter,Honda,EV,BS6,0,2,4,REG19,31/03/2020,3/31/2020
REG101053,1/4/2018,2018,Punjab,Jalandhar (PB-08),HCV,Bus,MAN,Diesel,BS4,6700,52,6,REG19,1/4/2018,1/4/2018
REG101054,21-02-2024,2024,Delhi,Delhi Central (DL-01),2W,Scooter,Bajaj,EV,BS6,0,2,0,REG19,21/02/2024,2/21/2024
REG101055,26-11-2019,2019,Tamil Nadu,Chennai Central (TN-01),4W,MUV,Honda,Petrol,BS4,800,6,5,REG19,26/11/2019,11/26/2019
REG101056,24-02-2023,2023,Delhi,Delhi Central (DL-01),2W,Moped,Ola Electric,Petrol,BS6,400,2,1,REG19,24/02/2023,2/24/2023
REG101057,16-08-2022,2022,Kerala,Kozhikode (KL-11),LCV,Mini Truck,Mahindra,Diesel,BS6,2956,12,2,REG19,16/08/2022,8/16/2022
REG101058,5/3/2021,2021,Rajasthan,Udaipur (RJ-27),2W,Motorcycle,Ather,CNG,BS6,100,2,3,REG19,5/3/2021,5/3/2021
REG101059,13-01-2020,2020,Maharashtra,Mumbai Central (MH-01),4W,Hatchback,Renault,Diesel,BS6,1462,8,4,REG19,13/01/2020,1/13/2020
REG101060,27-02-2021,2021,Uttar Pradesh,Kanpur (UP-78),2W,Scooter,Bajaj,CNG,BS6,350,2,3,REG19,27/02/2021,2/27/2021
REG101061,4/7/2022,2022,Tamil Nadu,Chennai Central (TN-01),2W,Scooter,Yamaha,Petrol,BS6,110,2,2,REG19,4/7/2022,4/7/2022
REG101062,6/8/2022,2022,Maharashtra,Aurangabad (MH-20),2W,Scooter,Ather,Petrol,BS6,125,2,2,REG19,6/8/2022,6/8/2022
REG101063,5/12/2021,2021,Madhya Pradesh,Gwalior (MP-07),4W,SUV,Toyota,Petrol,BS6,1598,7,3,REG19,5/12/2021,5/12/2021
REG101064,1/9/2020,2020,Kerala,Thiruvananthapuram (KL-01),4W,Sedan,Tata Motors,Diesel,BS6,1000,5,4,REG19,1/9/2020,1/9/2020
REG101065,4/4/2021,2021,Punjab,Jalandhar (PB-08),HCV,Trailer,Ashok Leyland,Diesel,BS6,6700,32,3,REG19,4/4/2021,4/4/2021
REG101066,12/3/2023,2023,Rajasthan,Udaipur (RJ-27),2W,Moped,Suzuki,EV,BS6,0,2,1,REG19,12/3/2023,12/3/2023
REG101067,12/2/2023,2023,Uttar Pradesh,Varanasi (UP-65),4W,MUV,Renault,Diesel,BS6,1968,6,1,REG19,12/2/2023,12/2/2023
REG101068,10/3/2021,2021,Kerala,Thiruvananthapuram (KL-01),2W,Motorcycle,Bajaj,Petrol,BS6,110,2,3,REG19,10/3/2021,10/3/2021
REG101069,3/8/2020,2020,Maharashtra,Nagpur (MH-31),2W,Motorcycle,Royal Enfield,EV,BS6,0,2,4,REG19,3/8/2020,3/8/2020
REG101070,14-01-2023,2023,Delhi,Delhi East (DL-02),2W,Motorcycle,Honda,CNG,BS6,250,2,1,REG19,14/01/2023,1/14/2023
REG101071,16-03-2024,2024,Rajasthan,Jaipur (RJ-14),4W,Hatchback,MG,CNG,BS6,1598,6,0,REG19,16/03/2024,3/16/2024
REG101072,13-03-2023,2023,Karnataka,Mysore (KA-09),2W,Moped,Suzuki,Petrol,BS6,400,2,1,REG19,13/03/2023,3/13/2023
REG101073,7/1/2023,2023,Kerala,Kozhikode (KL-11),3W,Tempo,TVS,Diesel,BS6,250,3,1,REG19,7/1/2023,7/1/2023
REG101074,6/1/2020,2020,Tamil Nadu,Chennai Central (TN-01),LCV,Mini Truck,Eicher,EV,BS6,0,12,4,REG19,6/1/2020,6/1/2020
REG101075,5/8/2021,2021,Madhya Pradesh,Jabalpur (MP-20),4W,SUV,Skoda,Diesel,BS6,1197,7,3,REG19,5/8/2021,5/8/2021
REG101076,20-07-2022,2022,Karnataka,Belgaum (KA-22),2W,Motorcycle,Bajaj,Petrol,BS6,125,2,2,REG19,20/07/2022,7/20/2022
REG101077,27-07-2021,2021,Kerala,Kollam (KL-02),4W,Hatchback,MG,Diesel,BS6,1968,6,3,REG19,27/07/2021,7/27/2021
REG101078,5/11/2019,2019,Maharashtra,Nagpur (MH-31),4W,Sedan,Kia,Petrol,BS4,1598,5,5,REG19,5/11/2019,5/11/2019
REG101079,8/6/2022,2022,Delhi,Delhi West (DL-08),2W,Motorcycle,Honda,Petrol,BS6,150,2,2,REG19,8/6/2022,8/6/2022
REG101080,17-10-2019,2019,Telangana,Warangal (TS-03),4W,Hatchback,Mahindra,Petrol,BS4,800,8,5,REG19,17/10/2019,10/17/2019
REG101081,14-09-2023,2023,Maharashtra,Mumbai Central (MH-01),2W,Scooter,Hero,Petrol,BS6,150,2,1,REG19,14/09/2023,9/14/2023
REG101082,15-09-2021,2021,Rajasthan,Udaipur (RJ-27),4W,Sedan,Hyundai,Diesel,BS6,1000,6,3,REG19,15/09/2021,9/15/2021
REG101083,16-12-2021,2021,Maharashtra,Aurangabad (MH-20),4W,MUV,Skoda,Petrol,BS6,2179,5,3,REG19,16/12/2021,12/16/2021
REG101084,24-03-2023,2023,Madhya Pradesh,Bhopal (MP-04),HCV,Bus,Ashok Leyland,CNG,BS6,0,52,1,REG19,24/03/2023,3/24/2023
REG101085,16-11-2021,2021,Kerala,Kollam (KL-02),4W,SUV,MG,Petrol,BS6,1968,5,3,REG19,16/11/2021,11/16/2021
REG101086,17-11-2024,2024,Kerala,Thrissur (KL-08),2W,Moped,Ola Electric,Petrol,BS6,350,2,0,REG19,17/11/2024,11/17/2024
REG101087,10/6/2022,2022,Karnataka,Bangalore Central (KA-01),2W,Scooter,Ather,Petrol,BS6,125,2,2,REG19,10/6/2022,10/6/2022
REG101088,30-12-2019,2019,Gujarat,Surat (GJ-05),2W,Moped,Yamaha,Petrol,BS4,350,2,5,REG19,30/12/2019,12/30/2019
REG101089,21-01-2024,2024,Gujarat,Rajkot (GJ-03),OTH,Crane,TAFE,Diesel,BS6,5660,32,0,REG19,21/01/2024,1/21/2024
REG101090,10/6/2021,2021,Uttar Pradesh,Varanasi (UP-65),LCV,Light Bus,Mahindra,Diesel,BS6,3298,9,3,REG19,10/6/2021,10/6/2021
REG101091,30-01-2023,2023,Madhya Pradesh,Jabalpur (MP-20),3W,E-Rickshaw,Kinetic Green,CNG,BS6,225,7,1,REG19,30/01/2023,1/30/2023
REG101092,7/2/2020,2020,Telangana,Hyderabad (TS-09),2W,Motorcycle,Royal Enfield,Petrol,BS6,150,2,4,REG19,7/2/2020,7/2/2020
REG101093,25-02-2023,2023,Uttar Pradesh,Varanasi (UP-65),4W,SUV,MG,Diesel,BS6,1000,6,1,REG19,25/02/2023,2/25/2023
REG101094,12/6/2021,2021,Kerala,Thiruvananthapuram (KL-01),HCV,Tanker,BharatBenz,Diesel,BS6,5660,52,3,REG19,12/6/2021,12/6/2021
REG101095,21-03-2022,2022,West Bengal,Howrah (WB-13),4W,MUV,Hyundai,Petrol,BS6,2179,6,2,REG19,21/03/2022,3/21/2022
REG101096,9/8/2021,2021,Madhya Pradesh,Indore (MP-09),2W,Motorcycle,Ola Electric,Hybrid,BS6,350,2,3,REG19,9/8/2021,9/8/2021
REG101097,12/2/2020,2020,Delhi,Delhi Central (DL-01),2W,Motorcycle,Suzuki,Petrol,BS6,125,2,4,REG19,12/2/2020,12/2/2020
REG101098,13-05-2022,2022,Karnataka,Hubli (KA-25),2W,Scooter,KTM,Petrol,BS6,125,2,2,REG19,13/05/2022,5/13/2022
REG101099,28-06-2021,2021,Maharashtra,Mumbai Central (MH-01),LCV,Pickup Van,Ashok Leyland,EV,BS6,0,12,3,REG19,28/06/2021,6/28/2021
REG101100,18-07-2024,2024,West Bengal,Asansol (WB-39),4W,Sedan,Honda,Diesel,BS6,800,6,0,REG19,18/07/2024,7/18/2024
REG101101,16-03-2020,2020,Karnataka,Belgaum (KA-22),4W,SUV,Toyota,Petrol,BS6,2179,7,4,REG19,16/03/2020,3/16/2020
REG101102,20-11-2024,2024,Karnataka,Mangalore (KA-19),2W,Moped,Hero,EV,BS6,0,2,0,REG19,20/11/2024,11/20/2024
REG101103,27-03-2023,2023,Madhya Pradesh,Ujjain (MP-13),2W,Motorcycle,Bajaj,Petrol,BS4,0,2,1,REG19,27/03/2023,3/27/2023
REG101104,9/1/2021,2021,Uttar Pradesh,Kanpur (UP-78),2W,Motorcycle,Ola Electric,Petrol,BS6,160,2,3,REG19,9/1/2021,9/1/2021
REG101105,29-07-2024,2024,Gujarat,Gandhinagar (GJ-18),4W,Hatchback,MG,EV,BS6,0,7,0,REG19,29/07/2024,7/29/2024
REG101106,1/4/2022,2022,Telangana,Karimnagar (TS-01),3W,E-Rickshaw,Bajaj,CNG,BS6,225,7,2,REG19,1/4/2022,1/4/2022
REG101107,20-02-2021,2021,Uttar Pradesh,Varanasi (UP-65),2W,Moped,Suzuki,EV,BS6,0,2,3,REG19,20/02/2021,2/20/2021
REG101108,6/10/2023,2023,Karnataka,Bangalore Central (KA-01),4W,MUV,Hyundai,Diesel,BS6,1000,8,1,REG19,6/10/2023,6/10/2023
REG101109,9/10/2020,2020,Telangana,Khammam (TS-07),4W,SUV,Honda,Petrol,BS6,1968,5,4,REG19,9/10/2020,9/10/2020
REG101110,26-12-2024,2024,Delhi,Delhi North (DL-04),HCV,Trailer,BharatBenz,Diesel,BS6,6700,1,0,REG19,26/12/2024,12/26/2024
REG101111,11/12/2021,2021,Rajasthan,Jodhpur (RJ-19),3W,E-Rickshaw,Kinetic Green,CNG,BS6,225,3,3,REG19,11/12/2021,11/12/2021
REG101112,12/6/2023,2023,Uttar Pradesh,Lucknow (UP-32),2W,Motorcycle,Yamaha,EV,BS6,0,2,1,REG19,12/6/2023,12/6/2023
REG101113,20-07-2020,2020,Tamil Nadu,Trichy (TN-45),OTH,Tractor,Escorts,Diesel,BS6,3760,52,4,REG19,20/07/2020,7/20/2020
REG101114,22-09-2021,2021,Uttar Pradesh,Kanpur (UP-78),HCV,Tanker,MAN,Diesel,BS6,4998,45,3,REG19,22/09/2021,9/22/2021
REG101115,18-11-2023,2023,Delhi,Delhi Central (DL-01),4W,Sedan,Renault,Petrol,BS6,1498,6,1,REG19,18/11/2023,11/18/2023
REG101116,20-03-2023,2023,Rajasthan,Jodhpur (RJ-19),2W,Motorcycle,Suzuki,Petrol,BS6,100,2,1,REG19,20/03/2023,3/20/2023
REG101117,8/3/2018,2018,Punjab,Patiala (PB-11),HCV,Truck,Eicher,Diesel,BS4,6700,32,6,REG19,8/3/2018,8/3/2018
REG101118,13-07-2022,2022,Tamil Nadu,Coimbatore (TN-37),4W,Sedan,Kia,Petrol,BS6,1498,5,2,REG19,13/07/2022,7/13/2022
REG101119,23-08-2024,2024,Gujarat,Ahmedabad (GJ-01),HCV,Truck,MAN,Diesel,BS6,0,1,0,REG19,23/08/2024,8/23/2024
REG101120,17-04-2022,2022,Karnataka,Mysore (KA-09),2W,Motorcycle,Honda,Petrol,BS6,250,2,2,REG19,17/04/2022,4/17/2022
REG101121,17-04-2024,2024,Karnataka,Mangalore (KA-19),4W,MUV,Hyundai,Diesel,BS6,1968,8,0,REG19,17/04/2024,4/17/2024
REG101122,17-10-2024,2024,Rajasthan,Udaipur (RJ-27),4W,Sedan,Kia,Petrol,BS6,800,5,0,REG19,17/10/2024,10/17/2024
REG101123,11/5/2018,2018,Rajasthan,Kota (RJ-20),3W,Tempo,Atul Auto,EV,BS4,0,3,6,REG19,11/5/2018,11/5/2018
REG101124,16-01-2019,2019,Punjab,Chandigarh (CH-01),4W,Sedan,Mahindra,Diesel,BS4,1598,6,5,REG19,16/01/2019,1/16/2019
REG101125,28-06-2022,2022,Delhi,Delhi Central (DL-01),4W,Sedan,Kia,Petrol,BS6,0,7,2,REG19,28/06/2022,6/28/2022
REG101126,23-05-2020,2020,West Bengal,Siliguri (WB-73),2W,Scooter,Bajaj,Petrol,BS4,250,2,4,REG19,23/05/2020,5/23/2020
REG101127,9/8/2024,2024,Karnataka,Belgaum (KA-22),4W,SUV,Tata Motors,Petrol,BS6,2179,8,0,REG19,9/8/2024,9/8/2024
REG101128,30-06-2022,2022,Punjab,Amritsar (PB-02),4W,Hatchback,Skoda,Diesel,BS6,1598,5,2,REG19,30/06/2022,6/30/2022
REG101129,27-11-2021,2021,West Bengal,Howrah (WB-13),LCV,Light Bus,Ashok Leyland,CNG,BS6,3298,12,3,REG19,27/11/2021,11/27/2021
REG101130,21-04-2021,2021,Maharashtra,Mumbai Central (MH-01),2W,Scooter,Suzuki,Petrol,BS6,200,2,3,REG19,21/04/2021,4/21/2021
REG101131,18-06-2023,2023,Rajasthan,Jodhpur (RJ-19),4W,Hatchback,Maruti Suzuki,Diesel,BS6,1462,8,1,REG19,18/06/2023,6/18/2023
REG101132,27-09-2021,2021,Punjab,Amritsar (PB-02),LCV,Light Bus,Tata Motors,Diesel,BS6,2956,9,3,REG19,27/09/2021,9/27/2021
REG101133,11/8/2022,2022,Telangana,Nizamabad (TS-05),4W,Hatchback,Skoda,EV,BS6,0,7,2,REG19,11/8/2022,11/8/2022
REG101134,2/3/2024,2024,Delhi,Delhi East (DL-02),2W,Scooter,KTM,Petrol,BS6,110,2,0,REG19,2/3/2024,2/3/2024
REG101135,26-11-2018,2018,West Bengal,Howrah (WB-13),4W,MUV,Mahindra,CNG,BS4,800,8,6,REG19,26/11/2018,11/26/2018
REG101136,21-06-2024,2024,Gujarat,Surat (GJ-05),LCV,Pickup Van,Tata Motors,Diesel,BS6,2523,9,0,REG19,21/06/2024,6/21/2024
REG101137,24-07-2021,2021,West Bengal,Kolkata (WB-01),4W,MUV,Kia,Petrol,BS6,1000,7,3,REG19,24/07/2021,7/24/2021
REG101138,10/7/2024,2024,West Bengal,Asansol (WB-39),2W,Scooter,KTM,EV,BS6,0,2,0,REG19,10/7/2024,10/7/2024
REG101139,11/8/2024,2024,Karnataka,Bangalore Central (KA-01),2W,Motorcycle,TVS,Petrol,BS6,150,2,0,REG19,11/8/2024,11/8/2024
REG101140,12/5/2024,2024,Tamil Nadu,Chennai Central (TN-01),2W,Scooter,Ather,Petrol,BS6,100,2,0,REG19,12/5/2024,12/5/2024
REG101141,19-05-2023,2023,Karnataka,Bangalore Central (KA-01),HCV,Truck,Volvo,Diesel,BS6,4998,2,1,REG19,19/05/2023,5/19/2023
REG101142,23-11-2022,2022,Punjab,Jalandhar (PB-08),2W,Scooter,TVS,Hybrid,BS6,350,2,2,REG19,23/11/2022,11/23/2022
REG101143,14-06-2023,2023,Madhya Pradesh,Bhopal (MP-04),3W,Auto Rickshaw,Atul Auto,Diesel,BS6,0,3,1,REG19,14/06/2023,6/14/2023
REG101144,4/12/2023,2023,Karnataka,Hubli (KA-25),4W,Hatchback,Toyota,CNG,BS6,1462,5,1,REG19,4/12/2023,4/12/2023
REG101145,7/9/2023,2023,Karnataka,Mangalore (KA-19),2W,Motorcycle,Bajaj,EV,BS6,0,2,1,REG19,7/9/2023,7/9/2023
REG101146,16-09-2022,2022,Rajasthan,Jodhpur (RJ-19),4W,SUV,Kia,EV,BS6,0,6,2,REG19,16/09/2022,9/16/2022
REG101147,6/4/2020,2020,Delhi,Delhi West (DL-08),2W,Scooter,Ola Electric,EV,BS6,0,2,4,REG19,6/4/2020,6/4/2020
REG101148,24-02-2019,2019,Gujarat,Rajkot (GJ-03),2W,Scooter,Ola Electric,EV,BS4,0,2,5,REG19,24/02/2019,2/24/2019
REG101149,20-08-2022,2022,Delhi,Delhi Central (DL-01),LCV,Mini Truck,Ashok Leyland,Diesel,BS6,3298,12,2,REG19,20/08/2022,8/20/2022
REG101150,18-09-2021,2021,Karnataka,Belgaum (KA-22),2W,Scooter,Bajaj,Petrol,BS6,200,2,3,REG19,18/09/2021,9/18/2021
REG101151,10/4/2021,2021,Maharashtra,Nashik (MH-15),2W,Motorcycle,Hero,EV,BS6,0,2,3,REG19,10/4/2021,10/4/2021
REG101152,25-02-2022,2022,Delhi,Delhi North (DL-04),2W,Scooter,Ather,EV,BS6,0,2,2,REG19,25/02/2022,2/25/2022
REG101153,16-05-2024,2024,Madhya Pradesh,Indore (MP-09),HCV,Bus,Tata Motors,Diesel,BS6,4998,1,0,REG19,16/05/2024,5/16/2024
REG101154,21-12-2021,2021,Telangana,Hyderabad (TS-09),2W,Moped,Suzuki,Petrol,BS6,160,2,3,REG19,21/12/2021,12/21/2021
REG101155,28-05-2021,2021,West Bengal,Howrah (WB-13),2W,Motorcycle,Yamaha,EV,BS6,0,2,3,REG19,28/05/2021,5/28/2021
REG101156,3/5/2023,2023,Karnataka,Mysore (KA-09),3W,Tempo,Atul Auto,Diesel,BS6,225,6,1,REG19,3/5/2023,3/5/2023
REG101157,30-08-2024,2024,Madhya Pradesh,Bhopal (MP-04),2W,Scooter,KTM,Petrol,BS6,250,2,0,REG19,30/08/2024,8/30/2024
REG101158,1/11/2023,2023,Rajasthan,Jaipur (RJ-14),2W,Scooter,Honda,Petrol,BS6,200,2,1,REG19,1/11/2023,1/11/2023
REG101159,18-10-2018,2018,West Bengal,Asansol (WB-39),2W,Motorcycle,KTM,Petrol,BS4,160,2,6,REG19,18/10/2018,10/18/2018
REG101160,21-06-2021,2021,Delhi,Delhi South (DL-09),3W,Auto Rickshaw,Bajaj,CNG,BS6,0,6,3,REG19,21/06/2021,6/21/2021
REG101161,30-06-2021,2021,Kerala,Kozhikode (KL-11),OTH,Crane,Sonalika,Diesel,BS6,5660,32,3,REG19,30/06/2021,6/30/2021
REG101162,17-03-2023,2023,Telangana,Khammam (TS-07),3W,E-Rickshaw,Kinetic Green,EV,BS6,0,3,1,REG19,17/03/2023,3/17/2023
REG101163,4/7/2023,2023,Madhya Pradesh,Indore (MP-09),2W,Motorcycle,Bajaj,EV,BS6,0,2,1,REG19,4/7/2023,4/7/2023
REG101164,5/10/2024,2024,Kerala,Thiruvananthapuram (KL-01),2W,Scooter,Honda,Petrol,BS6,350,2,0,REG19,5/10/2024,5/10/2024
REG101165,22-05-2021,2021,Telangana,Warangal (TS-03),2W,Moped,Yamaha,Petrol,BS6,160,2,3,REG19,22/05/2021,5/22/2021
REG101166,18-10-2022,2022,Delhi,Delhi Central (DL-01),4W,SUV,Skoda,Petrol,BS6,1598,7,2,REG19,18/10/2022,10/18/2022
REG101167,29-05-2023,2023,Karnataka,Bangalore Central (KA-01),3W,Tempo,Piaggio,Diesel,BS6,225,6,1,REG19,29/05/2023,5/29/2023
REG101168,31-10-2018,2018,West Bengal,Durgapur (WB-40),2W,Scooter,Hero,EV,BS4,0,2,6,REG19,31/10/2018,10/31/2018
REG101169,9/5/2023,2023,Maharashtra,Nashik (MH-15),2W,Scooter,Yamaha,EV,BS6,0,2,1,REG19,9/5/2023,9/5/2023
REG101170,11/4/2021,2021,Rajasthan,Kota (RJ-20),4W,Sedan,Hyundai,EV,BS6,0,5,3,REG19,11/4/2021,11/4/2021
REG101171,24-07-2023,2023,Gujarat,Surat (GJ-05),2W,Scooter,Bajaj,CNG,BS6,110,2,1,REG19,24/07/2023,7/24/2023
REG101172,24-10-2023,2023,Gujarat,Vadodara (GJ-06),4W,Sedan,Skoda,Diesel,BS6,1197,6,1,REG19,24/10/2023,10/24/2023
REG101173,18-11-2019,2019,Gujarat,Surat (GJ-05),2W,Motorcycle,Royal Enfield,Petrol,BS4,350,2,5,REG19,18/11/2019,11/18/2019
REG101174,10/6/2022,2022,Telangana,Warangal (TS-03),2W,Scooter,Honda,Petrol,BS6,400,2,2,REG19,10/6/2022,10/6/2022
REG101175,15-01-2024,2024,Madhya Pradesh,Gwalior (MP-07),3W,E-Rickshaw,Mahindra,Diesel,BS6,200,6,0,REG19,15/01/2024,1/15/2024
REG101176,14-11-2022,2022,Karnataka,Mysore (KA-09),4W,SUV,Mahindra,CNG,BS6,0,7,2,REG19,14/11/2022,11/14/2022
REG101177,24-08-2023,2023,Maharashtra,Nashik (MH-15),2W,Moped,Hero,EV,BS6,0,2,1,REG19,24/08/2023,8/24/2023
REG101178,17-10-2022,2022,Karnataka,Bangalore Central (KA-01),2W,Moped,Honda,Petrol,BS6,350,2,2,REG19,17/10/2022,10/17/2022
REG101179,28-01-2022,2022,Kerala,Kozhikode (KL-11),LCV,Mini Truck,Eicher,CNG,BS6,2956,15,2,REG19,28/01/2022,1/28/2022
REG101180,20-03-2024,2024,Tamil Nadu,Trichy (TN-45),4W,MUV,Tata Motors,Petrol,BS6,1498,7,0,REG19,20/03/2024,3/20/2024
REG101181,3/3/2018,2018,Kerala,Thiruvananthapuram (KL-01),4W,Sedan,Hyundai,Petrol,BS4,0,5,6,REG19,3/3/2018,3/3/2018
REG101182,3/6/2021,2021,Delhi,Delhi East (DL-02),2W,Motorcycle,Ather,EV,BS6,0,2,3,REG19,3/6/2021,3/6/2021
REG101183,12/11/2022,2022,West Bengal,Howrah (WB-13),4W,SUV,Skoda,EV,BS6,0,8,2,REG19,12/11/2022,12/11/2022
REG101184,7/10/2022,2022,Tamil Nadu,Chennai Central (TN-01),2W,Moped,Bajaj,Petrol,BS6,150,2,2,REG19,7/10/2022,7/10/2022
REG101185,21-05-2022,2022,West Bengal,Siliguri (WB-73),2W,Moped,Honda,EV,BS6,0,2,2,REG19,21/05/2022,5/21/2022
REG101186,16-10-2021,2021,Uttar Pradesh,Lucknow (UP-32),3W,E-Rickshaw,Piaggio,CNG,BS6,0,3,3,REG19,16/10/2021,10/16/2021
REG101187,13-03-2018,2018,Punjab,Amritsar (PB-02),2W,Moped,Ola Electric,EV,BS4,0,2,6,REG19,13/03/2018,3/13/2018
REG101188,17-04-2024,2024,Kerala,Thrissur (KL-08),2W,Motorcycle,Yamaha,EV,BS6,0,2,0,REG19,17/04/2024,4/17/2024
REG101189,15-10-2020,2020,Kerala,Kollam (KL-02),2W,Motorcycle,TVS,EV,BS6,0,2,4,REG19,15/10/2020,10/15/2020
REG101190,5/9/2019,2019,West Bengal,Howrah (WB-13),2W,Moped,Royal Enfield,Petrol,BS4,250,2,5,REG19,5/9/2019,5/9/2019
REG101191,28-06-2021,2021,West Bengal,Asansol (WB-39),4W,SUV,Tata Motors,EV,BS6,0,5,3,REG19,28/06/2021,6/28/2021
REG101192,14-12-2023,2023,Maharashtra,Mumbai Central (MH-01),LCV,Mini Truck,Mahindra,Diesel,BS6,0,12,1,REG19,14/12/2023,12/14/2023
REG101193,1/2/2024,2024,Delhi,Delhi East (DL-02),2W,Motorcycle,Suzuki,Hybrid,BS6,0,2,0,REG19,1/2/2024,1/2/2024
REG101194,20-11-2023,2023,Gujarat,Ahmedabad (GJ-01),2W,Moped,Honda,EV,BS6,0,2,1,REG19,20/11/2023,11/20/2023
REG101195,11/10/2024,2024,Tamil Nadu,Madurai (TN-58),2W,Scooter,Suzuki,Petrol,BS6,150,2,0,REG19,11/10/2024,11/10/2024
REG101196,10/8/2020,2020,Delhi,Delhi West (DL-08),3W,Tempo,TVS,CNG,BS6,225,3,4,REG19,10/8/2020,10/8/2020
REG101197,4/7/2023,2023,Punjab,Chandigarh (CH-01),4W,Hatchback,Mahindra,Petrol,BS6,1968,5,1,REG19,4/7/2023,4/7/2023
REG101198,14-09-2022,2022,Rajasthan,Jodhpur (RJ-19),4W,MUV,Mahindra,Petrol,BS6,1598,7,2,REG19,14/09/2022,9/14/2022
REG101199,19-10-2023,2023,Punjab,Patiala (PB-11),LCV,Mini Truck,Force Motors,Diesel,BS6,2523,9,1,REG19,19/10/2023,10/19/2023
REG101200,12/1/2022,2022,Telangana,Nizamabad (TS-05),2W,Scooter,Bajaj,Petrol,BS6,150,2,2,REG19,12/1/2022,12/1/2022
REG101201,30-09-2024,2024,Gujarat,Vadodara (GJ-06),2W,Scooter,Honda,Petrol,BS6,0,2,0,REG19,30/09/2024,9/30/2024
REG101202,26-02-2018,2018,Delhi,Delhi South (DL-09),HCV,Trailer,BharatBenz,Diesel,BS4,0,45,6,REG19,26/02/2018,2/26/2018
REG101203,31-01-2021,2021,Gujarat,Ahmedabad (GJ-01),2W,Scooter,Royal Enfield,Petrol,BS4,125,2,3,REG19,31/01/2021,1/31/2021
REG101204,9/11/2022,2022,Delhi,Delhi South (DL-09),4W,SUV,Maruti Suzuki,Petrol,BS6,800,7,2,REG19,9/11/2022,9/11/2022
REG101205,22-01-2024,2024,Karnataka,Mangalore (KA-19),4W,Hatchback,Renault,Diesel,BS6,1000,5,0,REG19,22/01/2024,1/22/2024
REG101206,11/1/2021,2021,West Bengal,Asansol (WB-39),2W,Scooter,Suzuki,EV,BS6,0,2,3,REG19,11/1/2021,11/1/2021
REG101207,13-07-2022,2022,Maharashtra,Pune (MH-12),4W,MUV,Maruti Suzuki,CNG,BS6,1197,8,2,REG19,13/07/2022,7/13/2022
REG101208,29-06-2024,2024,Kerala,Thrissur (KL-08),4W,Hatchback,MG,Petrol,BS6,1462,7,0,REG19,29/06/2024,6/29/2024
REG101209,1/10/2020,2020,Uttar Pradesh,Lucknow (UP-32),2W,Motorcycle,Ola Electric,Petrol,BS4,0,2,4,REG19,1/10/2020,1/10/2020
REG101210,3/4/2018,2018,Maharashtra,Mumbai Central (MH-01),LCV,Mini Truck,Tata Motors,Diesel,BS4,3298,9,6,REG19,3/4/2018,3/4/2018
REG101211,3/12/2022,2022,Rajasthan,Kota (RJ-20),4W,Sedan,Kia,Petrol,BS6,1000,5,2,REG19,3/12/2022,3/12/2022
REG101212,23-04-2023,2023,Karnataka,Hubli (KA-25),HCV,Bus,BharatBenz,CNG,BS6,6700,32,1,REG19,23/04/2023,4/23/2023
REG101213,23-12-2024,2024,Rajasthan,Ajmer (RJ-01),2W,Moped,Bajaj,EV,BS6,0,2,0,REG19,23/12/2024,12/23/2024
REG101214,12/3/2021,2021,Telangana,Hyderabad (TS-09),2W,Scooter,Ola Electric,EV,BS6,0,2,3,REG19,12/3/2021,12/3/2021
REG101215,19-01-2023,2023,Delhi,Delhi West (DL-08),4W,Sedan,Hyundai,Diesel,BS6,1462,8,1,REG19,19/01/2023,1/19/2023
REG101216,16-07-2021,2021,Madhya Pradesh,Jabalpur (MP-20),HCV,Truck,BharatBenz,Diesel,BS6,5660,1,3,REG19,16/07/2021,7/16/2021
REG101217,15-08-2024,2024,Maharashtra,Nagpur (MH-31),LCV,Pickup Van,Force Motors,Diesel,BS6,2523,9,0,REG19,15/08/2024,8/15/2024
REG101218,5/10/2023,2023,Delhi,Delhi North (DL-04),2W,Scooter,Ather,Petrol,BS6,200,2,1,REG19,5/10/2023,5/10/2023
REG101219,15-01-2022,2022,Maharashtra,Aurangabad (MH-20),4W,SUV,Kia,Hybrid,BS6,1598,8,2,REG19,15/01/2022,1/15/2022
REG101220,18-10-2022,2022,Uttar Pradesh,Lucknow (UP-32),4W,MUV,Kia,Diesel,BS6,0,7,2,REG19,18/10/2022,10/18/2022
REG101221,21-05-2021,2021,Tamil Nadu,Salem (TN-30),3W,Auto Rickshaw,Piaggio,CNG,BS6,200,3,3,REG19,21/05/2021,5/21/2021
REG101222,4/12/2021,2021,Telangana,Nizamabad (TS-05),2W,Scooter,Hero,EV,BS6,0,2,3,REG19,4/12/2021,4/12/2021
REG101223,2/4/2021,2021,Madhya Pradesh,Ujjain (MP-13),2W,Scooter,Ola Electric,EV,BS6,0,2,3,REG19,2/4/2021,2/4/2021
REG101224,22-04-2022,2022,West Bengal,Kolkata (WB-01),2W,Scooter,Hero,Petrol,BS6,250,2,2,REG19,22/04/2022,4/22/2022
REG101225,14-08-2021,2021,Maharashtra,Aurangabad (MH-20),HCV,Trailer,Eicher,Diesel,BS6,4998,32,3,REG19,14/08/2021,8/14/2021
REG101226,1/12/2020,2020,Gujarat,Vadodara (GJ-06),LCV,Mini Truck,Mahindra,CNG,BS6,2523,9,4,REG19,1/12/2020,1/12/2020
REG101227,27-04-2021,2021,Karnataka,Bangalore Central (KA-01),2W,Moped,KTM,EV,BS6,0,2,3,REG19,27/04/2021,4/27/2021
REG101228,1/5/2023,2023,Kerala,Kozhikode (KL-11),OTH,Tractor,John Deere,Diesel,BS6,5660,1,1,REG19,1/5/2023,1/5/2023
REG101229,9/7/2020,2020,Karnataka,Belgaum (KA-22),2W,Moped,Honda,Petrol,BS6,250,2,4,REG19,9/7/2020,9/7/2020
REG101230,21-06-2022,2022,Karnataka,Mangalore (KA-19),LCV,Mini Truck,Tata Motors,Diesel,BS6,0,15,2,REG19,21/06/2022,6/21/2022
REG101231,28-05-2020,2020,Rajasthan,Udaipur (RJ-27),HCV,Trailer,Eicher,Diesel,BS6,4998,52,4,REG19,28/05/2020,5/28/2020
REG101232,25-10-2023,2023,Maharashtra,Mumbai Central (MH-01),4W,SUV,Renault,EV,BS6,0,6,1,REG19,25/10/2023,10/25/2023
REG101233,10/2/2023,2023,Uttar Pradesh,Allahabad (UP-70),2W,Moped,TVS,Petrol,BS6,110,2,1,REG19,10/2/2023,10/2/2023
REG101234,4/3/2023,2023,Delhi,Delhi South (DL-09),3W,Tempo,Kinetic Green,EV,BS6,0,7,1,REG19,4/3/2023,4/3/2023
REG101235,5/5/2023,2023,West Bengal,Asansol (WB-39),3W,E-Rickshaw,TVS,CNG,BS6,250,3,1,REG19,5/5/2023,5/5/2023
REG101236,28-07-2020,2020,Rajasthan,Jodhpur (RJ-19),3W,Tempo,Bajaj,EV,BS4,0,3,4,REG19,28/07/2020,7/28/2020
REG101237,3/8/2022,2022,Rajasthan,Ajmer (RJ-01),3W,E-Rickshaw,Kinetic Green,Diesel,BS6,225,7,2,REG19,3/8/2022,3/8/2022
REG101238,27-05-2019,2019,Tamil Nadu,Trichy (TN-45),2W,Scooter,Ola Electric,CNG,BS4,200,2,5,REG19,27/05/2019,5/27/2019
REG101239,12/4/2022,2022,Rajasthan,Jaipur (RJ-14),2W,Scooter,Ather,Petrol,BS6,125,2,2,REG19,12/4/2022,12/4/2022
REG101240,21-02-2022,2022,West Bengal,Kolkata (WB-01),2W,Scooter,Royal Enfield,Hybrid,BS6,125,2,2,REG19,21/02/2022,2/21/2022
REG101241,18-07-2022,2022,Maharashtra,Nashik (MH-15),2W,Motorcycle,Honda,Petrol,BS6,250,2,2,REG19,18/07/2022,7/18/2022
REG101242,22-06-2021,2021,Rajasthan,Jodhpur (RJ-19),2W,Moped,Bajaj,CNG,BS6,0,2,3,REG19,22/06/2021,6/22/2021
REG101243,18-08-2023,2023,Punjab,Patiala (PB-11),2W,Moped,Hero,Petrol,BS6,250,2,1,REG19,18/08/2023,8/18/2023
REG101244,4/4/2022,2022,Madhya Pradesh,Jabalpur (MP-20),4W,MUV,Kia,Hybrid,BS6,0,5,2,REG19,4/4/2022,4/4/2022
REG101245,18-09-2021,2021,Tamil Nadu,Chennai Central (TN-01),4W,SUV,MG,Diesel,BS6,1498,5,3,REG19,18/09/2021,9/18/2021
REG101246,17-09-2024,2024,Delhi,Delhi West (DL-08),3W,Auto Rickshaw,Atul Auto,EV,BS6,0,6,0,REG19,17/09/2024,9/17/2024
REG101247,18-04-2023,2023,Rajasthan,Udaipur (RJ-27),2W,Motorcycle,TVS,Petrol,BS6,250,2,1,REG19,18/04/2023,4/18/2023
REG101248,28-05-2021,2021,Telangana,Nizamabad (TS-05),4W,SUV,Hyundai,Diesel,BS6,1498,8,3,REG19,28/05/2021,5/28/2021
REG101249,8/12/2023,2023,West Bengal,Howrah (WB-13),LCV,Pickup Van,Ashok Leyland,CNG,BS6,3298,9,1,REG19,8/12/2023,8/12/2023
REG101250,2/10/2024,2024,Karnataka,Mysore (KA-09),4W,Sedan,Maruti Suzuki,CNG,BS6,1462,5,0,REG19,2/10/2024,2/10/2024
REG101251,6/3/2023,2023,West Bengal,Kolkata (WB-01),2W,Scooter,Ola Electric,Petrol,BS6,350,2,1,REG19,6/3/2023,6/3/2023
REG101252,12/3/2022,2022,Gujarat,Ahmedabad (GJ-01),4W,Hatchback,MG,Diesel,BS6,1498,5,2,REG19,12/3/2022,12/3/2022
REG101253,21-05-2020,2020,Rajasthan,Jaipur (RJ-14),4W,Sedan,Hyundai,Diesel,BS6,2179,5,4,REG19,21/05/2020,5/21/2020
REG101254,11/6/2024,2024,Kerala,Kozhikode (KL-11),LCV,Mini Truck,Force Motors,Diesel,BS6,2956,15,0,REG19,11/6/2024,11/6/2024
REG101255,11/12/2022,2022,Madhya Pradesh,Bhopal (MP-04),HCV,Truck,Ashok Leyland,Diesel,BS6,4998,32,2,REG19,11/12/2022,11/12/2022
REG101256,22-11-2021,2021,West Bengal,Howrah (WB-13),3W,Auto Rickshaw,Kinetic Green,Diesel,BS6,200,7,3,REG19,22/11/2021,11/22/2021
REG101257,2/4/2022,2022,Kerala,Kochi (KL-07),2W,Motorcycle,KTM,EV,BS6,0,2,2,REG19,2/4/2022,2/4/2022
REG101258,3/6/2022,2022,Uttar Pradesh,Agra (UP-80),4W,Sedan,Toyota,Diesel,BS6,1462,7,2,REG19,3/6/2022,3/6/2022
REG101259,1/6/2021,2021,Madhya Pradesh,Jabalpur (MP-20),3W,Tempo,Mahindra,EV,BS6,0,3,3,REG19,1/6/2021,1/6/2021
REG101260,1/4/2023,2023,Karnataka,Hubli (KA-25),2W,Scooter,Yamaha,Petrol,BS6,350,2,1,REG19,1/4/2023,1/4/2023
REG101261,3/11/2024,2024,Rajasthan,Jaipur (RJ-14),2W,Scooter,TVS,Hybrid,BS6,250,2,0,REG19,3/11/2024,3/11/2024
REG101262,1/2/2024,2024,Madhya Pradesh,Indore (MP-09),2W,Scooter,Ather,Petrol,BS6,400,2,0,REG19,1/2/2024,1/2/2024
REG101263,28-01-2022,2022,Rajasthan,Kota (RJ-20),4W,MUV,Honda,Diesel,BS6,1498,8,2,REG19,28/01/2022,1/28/2022
REG101264,27-03-2021,2021,Kerala,Kochi (KL-07),2W,Motorcycle,Royal Enfield,EV,BS6,0,2,3,REG19,27/03/2021,3/27/2021
REG101265,11/1/2022,2022,Delhi,Delhi Central (DL-01),HCV,Trailer,Ashok Leyland,Diesel,BS6,6700,1,2,REG19,11/1/2022,11/1/2022
REG101266,2/10/2022,2022,Kerala,Kozhikode (KL-11),HCV,Truck,MAN,Diesel,BS6,4998,2,2,REG19,2/10/2022,2/10/2022
REG101267,30-07-2024,2024,Telangana,Karimnagar (TS-01),LCV,Mini Truck,Ashok Leyland,Diesel,BS6,2956,15,0,REG19,30/07/2024,7/30/2024
REG101268,13-09-2024,2024,Kerala,Kochi (KL-07),HCV,Truck,Tata Motors,EV,BS6,0,45,0,REG19,13/09/2024,9/13/2024
REG101269,18-01-2023,2023,Maharashtra,Pune (MH-12),2W,Motorcycle,Bajaj,EV,BS6,0,2,1,REG19,18/01/2023,1/18/2023
REG101270,13-02-2023,2023,Kerala,Thiruvananthapuram (KL-01),4W,MUV,Honda,Petrol,BS6,1000,5,1,REG19,13/02/2023,2/13/2023
REG101271,28-10-2024,2024,Telangana,Karimnagar (TS-01),2W,Moped,Ather,EV,BS6,0,2,0,REG19,28/10/2024,10/28/2024
REG101272,21-05-2023,2023,Delhi,Delhi South (DL-09),LCV,Pickup Van,Force Motors,Diesel,BS6,0,9,1,REG19,21/05/2023,5/21/2023
REG101273,28-07-2022,2022,Karnataka,Hubli (KA-25),HCV,Tanker,BharatBenz,Diesel,BS6,0,32,2,REG19,28/07/2022,7/28/2022
REG101274,21-07-2021,2021,West Bengal,Durgapur (WB-40),LCV,Light Bus,Eicher,Diesel,BS6,3298,15,3,REG19,21/07/2021,7/21/2021
REG101275,9/7/2023,2023,Kerala,Thiruvananthapuram (KL-01),3W,Tempo,Bajaj,Diesel,BS6,0,7,1,REG19,9/7/2023,9/7/2023
REG101276,8/9/2022,2022,Karnataka,Hubli (KA-25),2W,Moped,Honda,Petrol,BS6,0,2,2,REG19,8/9/2022,8/9/2022
REG101277,30-04-2023,2023,Delhi,Delhi Central (DL-01),2W,Moped,KTM,EV,BS6,0,2,1,REG19,30/04/2023,4/30/2023
REG101278,17-10-2018,2018,West Bengal,Durgapur (WB-40),2W,Moped,Yamaha,Petrol,BS4,0,2,6,REG19,17/10/2018,10/17/2018
REG101279,30-11-2022,2022,Uttar Pradesh,Lucknow (UP-32),2W,Motorcycle,Ather,EV,BS6,0,2,2,REG19,30/11/2022,11/30/2022
REG101280,7/3/2023,2023,Rajasthan,Udaipur (RJ-27),4W,Hatchback,Hyundai,Diesel,BS6,800,6,1,REG19,7/3/2023,7/3/2023
REG101281,28-03-2024,2024,Telangana,Hyderabad (TS-09),2W,Scooter,Honda,Petrol,BS6,400,2,0,REG19,28/03/2024,3/28/2024
REG101282,31-05-2021,2021,West Bengal,Howrah (WB-13),4W,MUV,Honda,Petrol,BS6,1498,7,3,REG19,31/05/2021,5/31/2021
REG101283,11/11/2022,2022,Punjab,Amritsar (PB-02),4W,Sedan,Tata Motors,Petrol,BS6,1598,7,2,REG19,11/11/2022,11/11/2022
REG101284,6/1/2022,2022,West Bengal,Siliguri (WB-73),2W,Scooter,TVS,Petrol,BS6,200,2,2,REG19,6/1/2022,6/1/2022
REG101285,22-12-2023,2023,Uttar Pradesh,Kanpur (UP-78),2W,Motorcycle,Hero,Petrol,BS6,110,2,1,REG19,22/12/2023,12/22/2023
REG101286,29-06-2022,2022,Telangana,Karimnagar (TS-01),2W,Motorcycle,Ola Electric,EV,BS6,0,2,2,REG19,29/06/2022,6/29/2022
REG101287,27-10-2023,2023,Delhi,Delhi West (DL-08),4W,Sedan,Kia,Petrol,BS6,1498,7,1,REG19,27/10/2023,10/27/2023
REG101288,20-04-2020,2020,Punjab,Jalandhar (PB-08),HCV,Bus,Tata Motors,Diesel,BS4,5660,2,4,REG19,20/04/2020,4/20/2020
REG101289,22-10-2023,2023,Gujarat,Gandhinagar (GJ-18),2W,Moped,Ola Electric,EV,BS6,0,2,1,REG19,22/10/2023,10/22/2023
REG101290,21-04-2018,2018,Punjab,Amritsar (PB-02),HCV,Tanker,Ashok Leyland,Diesel,BS4,3760,52,6,REG19,21/04/2018,4/21/2018
REG101291,11/3/2024,2024,Tamil Nadu,Coimbatore (TN-37),2W,Motorcycle,Yamaha,Petrol,BS6,400,2,0,REG19,11/3/2024,11/3/2024
REG101292,14-10-2023,2023,West Bengal,Siliguri (WB-73),4W,SUV,Kia,Diesel,BS6,1968,8,1,REG19,14/10/2023,10/14/2023
REG101293,20-04-2019,2019,Uttar Pradesh,Varanasi (UP-65),2W,Moped,Yamaha,EV,BS4,0,2,5,REG19,20/04/2019,4/20/2019
REG101294,17-12-2022,2022,Madhya Pradesh,Gwalior (MP-07),4W,MUV,Renault,Diesel,BS6,1000,8,2,REG19,17/12/2022,12/17/2022
REG101295,6/8/2023,2023,Madhya Pradesh,Gwalior (MP-07),2W,Scooter,KTM,Hybrid,BS6,150,2,1,REG19,6/8/2023,6/8/2023
REG101296,6/1/2020,2020,Punjab,Patiala (PB-11),LCV,Mini Truck,Force Motors,Diesel,BS4,2956,12,4,REG19,6/1/2020,6/1/2020
REG101297,10/5/2019,2019,Rajasthan,Ajmer (RJ-01),2W,Moped,Royal Enfield,Petrol,BS4,400,2,5,REG19,10/5/2019,10/5/2019
REG101298,23-12-2022,2022,Maharashtra,Aurangabad (MH-20),2W,Moped,Royal Enfield,EV,BS6,0,2,2,REG19,23/12/2022,12/23/2022
REG101299,30-03-2023,2023,Gujarat,Ahmedabad (GJ-01),OTH,Tractor,Sonalika,Diesel,BS6,6700,52,1,REG19,30/03/2023,3/30/2023
REG101300,12/2/2023,2023,Karnataka,Bangalore Central (KA-01),2W,Moped,TVS,CNG,BS6,250,2,1,REG19,12/2/2023,12/2/2023
REG101301,23-05-2019,2019,Karnataka,Bangalore Central (KA-01),2W,Moped,Hero,Petrol,BS4,150,2,5,REG19,23/05/2019,5/23/2019
REG101302,6/7/2020,2020,Madhya Pradesh,Ujjain (MP-13),4W,SUV,Toyota,EV,BS6,0,5,4,REG19,6/7/2020,6/7/2020
REG101303,13-09-2020,2020,Madhya Pradesh,Jabalpur (MP-20),2W,Moped,Hero,Petrol,BS4,125,2,4,REG19,13/09/2020,9/13/2020
REG101304,16-09-2022,2022,Kerala,Kozhikode (KL-11),2W,Scooter,Hero,Petrol,BS6,250,2,2,REG19,16/09/2022,9/16/2022
REG101305,23-12-2021,2021,Tamil Nadu,Chennai Central (TN-01),2W,Moped,Yamaha,Petrol,BS6,110,2,3,REG19,23/12/2021,12/23/2021
REG101306,30-10-2019,2019,Punjab,Jalandhar (PB-08),2W,Motorcycle,TVS,CNG,BS4,100,2,5,REG19,30/10/2019,10/30/2019
REG101307,6/6/2024,2024,Tamil Nadu,Chennai Central (TN-01),2W,Scooter,KTM,Petrol,BS6,150,2,0,REG19,6/6/2024,6/6/2024
REG101308,11/6/2021,2021,Kerala,Kochi (KL-07),2W,Scooter,Royal Enfield,Petrol,BS6,250,2,3,REG19,11/6/2021,11/6/2021
REG101309,15-05-2020,2020,Delhi,Delhi East (DL-02),2W,Motorcycle,TVS,Petrol,BS6,110,2,4,REG19,15/05/2020,5/15/2020
REG101310,29-03-2023,2023,West Bengal,Durgapur (WB-40),4W,SUV,Renault,Diesel,BS6,800,8,1,REG19,29/03/2023,3/29/2023
REG101311,17-04-2023,2023,Tamil Nadu,Trichy (TN-45),4W,MUV,Toyota,EV,BS6,0,7,1,REG19,17/04/2023,4/17/2023
REG101312,22-09-2021,2021,Karnataka,Belgaum (KA-22),4W,SUV,Mahindra,Diesel,BS6,1197,8,3,REG19,22/09/2021,9/22/2021
REG101313,15-06-2023,2023,Tamil Nadu,Salem (TN-30),4W,SUV,Skoda,Diesel,BS6,1000,7,1,REG19,15/06/2023,6/15/2023
REG101314,2/7/2024,2024,Maharashtra,Pune (MH-12),2W,Scooter,Yamaha,EV,BS6,0,2,0,REG19,2/7/2024,2/7/2024
REG101315,22-12-2022,2022,Tamil Nadu,Salem (TN-30),4W,Hatchback,MG,CNG,BS6,1968,8,2,REG19,22/12/2022,12/22/2022
REG101316,3/6/2022,2022,West Bengal,Howrah (WB-13),2W,Scooter,Ola Electric,Petrol,BS6,100,2,2,REG19,3/6/2022,3/6/2022
REG101317,25-03-2021,2021,Delhi,Delhi South (DL-09),2W,Scooter,Royal Enfield,EV,BS6,0,2,3,REG19,25/03/2021,3/25/2021
REG101318,12/3/2024,2024,Tamil Nadu,Madurai (TN-58),LCV,Light Bus,Eicher,Diesel,BS6,2956,15,0,REG19,12/3/2024,12/3/2024
REG101319,24-08-2022,2022,Rajasthan,Jaipur (RJ-14),OTH,Crane,TAFE,Diesel,BS6,3760,2,2,REG19,24/08/2022,8/24/2022
REG101320,16-02-2024,2024,Delhi,Delhi East (DL-02),2W,Motorcycle,TVS,Petrol,BS6,150,2,0,REG19,16/02/2024,2/16/2024
REG101321,29-08-2020,2020,Tamil Nadu,Trichy (TN-45),LCV,Pickup Van,Tata Motors,Diesel,BS6,0,15,4,REG19,29/08/2020,8/29/2020
REG101322,6/3/2024,2024,Delhi,Delhi North (DL-04),4W,MUV,Mahindra,Hybrid,BS6,1598,6,0,REG19,6/3/2024,6/3/2024
REG101323,27-06-2021,2021,Uttar Pradesh,Agra (UP-80),LCV,Light Bus,Force Motors,CNG,BS6,0,15,3,REG19,27/06/2021,6/27/2021
REG101324,23-06-2020,2020,Kerala,Kollam (KL-02),2W,Moped,TVS,Hybrid,BS6,400,2,4,REG19,23/06/2020,6/23/2020
REG101325,6/4/2020,2020,Maharashtra,Aurangabad (MH-20),4W,MUV,Hyundai,EV,BS6,0,6,4,REG19,6/4/2020,6/4/2020
REG101326,17-07-2020,2020,Gujarat,Rajkot (GJ-03),2W,Scooter,TVS,Petrol,BS6,350,2,4,REG19,17/07/2020,7/17/2020
REG101327,24-02-2021,2021,Maharashtra,Nagpur (MH-31),HCV,Tanker,Ashok Leyland,Diesel,BS6,6700,1,3,REG19,24/02/2021,2/24/2021
REG101328,17-09-2021,2021,Rajasthan,Jaipur (RJ-14),4W,MUV,Maruti Suzuki,Petrol,BS6,1968,8,3,REG19,17/09/2021,9/17/2021
REG101329,13-05-2018,2018,Maharashtra,Nashik (MH-15),4W,MUV,Honda,Hybrid,BS4,1000,8,6,REG19,13/05/2018,5/13/2018
REG101330,6/8/2019,2019,Telangana,Nizamabad (TS-05),4W,SUV,Renault,Diesel,BS4,0,8,5,REG19,6/8/2019,6/8/2019
REG101331,20-08-2020,2020,Madhya Pradesh,Bhopal (MP-04),2W,Scooter,Ola Electric,Petrol,BS6,250,2,4,REG19,20/08/2020,8/20/2020
REG101332,18-12-2021,2021,Maharashtra,Nashik (MH-15),2W,Motorcycle,KTM,EV,BS6,0,2,3,REG19,18/12/2021,12/18/2021
REG101333,2/7/2021,2021,Gujarat,Rajkot (GJ-03),2W,Scooter,Hero,EV,BS6,0,2,3,REG19,2/7/2021,2/7/2021
REG101334,19-01-2019,2019,Maharashtra,Nashik (MH-15),2W,Moped,Hero,EV,BS6,0,2,5,REG19,19/01/2019,1/19/2019
REG101335,21-11-2019,2019,Kerala,Thrissur (KL-08),2W,Motorcycle,Ather,Petrol,BS4,350,2,5,REG19,21/11/2019,11/21/2019
REG101336,25-09-2024,2024,Uttar Pradesh,Agra (UP-80),2W,Scooter,Ola Electric,Petrol,BS6,0,2,0,REG19,25/09/2024,9/25/2024
REG101337,23-11-2022,2022,West Bengal,Kolkata (WB-01),2W,Scooter,Hero,Petrol,BS6,110,2,2,REG19,23/11/2022,11/23/2022
REG101338,25-07-2023,2023,Uttar Pradesh,Allahabad (UP-70),OTH,Tractor,John Deere,Diesel,BS6,3760,2,1,REG19,25/07/2023,7/25/2023
REG101339,14-05-2023,2023,Kerala,Kozhikode (KL-11),4W,Hatchback,Honda,Petrol,BS6,1498,6,1,REG19,14/05/2023,5/14/2023
REG101340,18-12-2024,2024,Kerala,Thiruvananthapuram (KL-01),2W,Scooter,Bajaj,Hybrid,BS6,125,2,0,REG19,18/12/2024,12/18/2024
REG101341,28-07-2021,2021,Gujarat,Gandhinagar (GJ-18),4W,MUV,Tata Motors,EV,BS6,0,5,3,REG19,28/07/2021,7/28/2021
REG101342,26-04-2021,2021,Uttar Pradesh,Kanpur (UP-78),2W,Scooter,Ola Electric,EV,BS6,0,2,3,REG19,26/04/2021,4/26/2021
REG101343,29-10-2023,2023,Kerala,Kozhikode (KL-11),2W,Moped,Royal Enfield,CNG,BS6,250,2,1,REG19,29/10/2023,10/29/2023
REG101344,13-06-2018,2018,Madhya Pradesh,Ujjain (MP-13),2W,Scooter,KTM,EV,BS4,0,2,6,REG19,13/06/2018,6/13/2018
REG101345,11/12/2022,2022,West Bengal,Howrah (WB-13),3W,Tempo,Mahindra,CNG,BS6,0,6,2,REG19,11/12/2022,11/12/2022
REG101346,16-04-2024,2024,Uttar Pradesh,Lucknow (UP-32),4W,Hatchback,MG,CNG,BS6,0,7,0,REG19,16/04/2024,4/16/2024
REG101347,26-03-2020,2020,Gujarat,Vadodara (GJ-06),4W,MUV,MG,Petrol,BS6,1598,8,4,REG19,26/03/2020,3/26/2020
REG101348,12/7/2022,2022,Uttar Pradesh,Lucknow (UP-32),4W,SUV,Renault,Hybrid,BS6,0,6,2,REG19,12/7/2022,12/7/2022
REG101349,19-10-2020,2020,Uttar Pradesh,Allahabad (UP-70),HCV,Truck,Tata Motors,Diesel,BS6,5660,2,4,REG19,19/10/2020,10/19/2020
REG101350,12/6/2024,2024,Tamil Nadu,Salem (TN-30),4W,SUV,Mahindra,Diesel,BS6,1598,5,0,REG19,12/6/2024,12/6/2024
REG101351,25-08-2024,2024,Madhya Pradesh,Gwalior (MP-07),3W,Tempo,Mahindra,CNG,BS6,250,6,0,REG19,25/08/2024,8/25/2024
REG101352,30-03-2023,2023,Tamil Nadu,Coimbatore (TN-37),2W,Motorcycle,Ather,Petrol,BS6,110,2,1,REG19,30/03/2023,3/30/2023
REG101353,25-04-2023,2023,Uttar Pradesh,Allahabad (UP-70),4W,MUV,Honda,Petrol,BS6,1197,5,1,REG19,25/04/2023,4/25/2023
REG101354,16-11-2020,2020,Punjab,Patiala (PB-11),4W,Hatchback,Toyota,CNG,BS6,2179,5,4,REG19,16/11/2020,11/16/2020
REG101355,22-08-2024,2024,Rajasthan,Jaipur (RJ-14),4W,MUV,Renault,Diesel,BS6,1598,6,0,REG19,22/08/2024,8/22/2024
REG101356,16-04-2021,2021,Tamil Nadu,Salem (TN-30),HCV,Bus,Volvo,Diesel,BS6,0,45,3,REG19,16/04/2021,4/16/2021
REG101357,24-11-2024,2024,West Bengal,Howrah (WB-13),4W,MUV,Mahindra,Petrol,BS6,1000,7,0,REG19,24/11/2024,11/24/2024
REG101358,28-07-2018,2018,Tamil Nadu,Coimbatore (TN-37),3W,Auto Rickshaw,Bajaj,Petrol,BS4,0,6,6,REG19,28/07/2018,7/28/2018
REG101359,13-01-2022,2022,Karnataka,Mangalore (KA-19),HCV,Truck,MAN,EV,BS6,0,45,2,REG19,13/01/2022,1/13/2022
REG101360,19-11-2021,2021,Kerala,Thiruvananthapuram (KL-01),2W,Scooter,Hero,Petrol,BS6,350,2,3,REG19,19/11/2021,11/19/2021
REG101361,28-03-2023,2023,Uttar Pradesh,Lucknow (UP-32),2W,Scooter,Ola Electric,Hybrid,BS6,200,2,1,REG19,28/03/2023,3/28/2023
REG101362,25-11-2021,2021,Uttar Pradesh,Agra (UP-80),2W,Motorcycle,KTM,Petrol,BS6,110,2,3,REG19,25/11/2021,11/25/2021
REG101363,19-08-2023,2023,West Bengal,Siliguri (WB-73),4W,SUV,Toyota,Petrol,BS6,1498,7,1,REG19,19/08/2023,8/19/2023
REG101364,16-10-2018,2018,Punjab,Chandigarh (CH-01),4W,Sedan,Renault,Petrol,BS4,1598,7,6,REG19,16/10/2018,10/16/2018
REG101365,21-03-2022,2022,Gujarat,Surat (GJ-05),4W,SUV,MG,EV,BS6,0,6,2,REG19,21/03/2022,3/21/2022
REG101366,4/6/2024,2024,Punjab,Amritsar (PB-02),LCV,Pickup Van,Mahindra,Diesel,BS6,2956,15,0,REG19,4/6/2024,4/6/2024
REG101367,26-06-2022,2022,Maharashtra,Nagpur (MH-31),2W,Moped,Ather,Petrol,BS6,125,2,2,REG19,26/06/2022,6/26/2022
REG101368,4/9/2023,2023,Punjab,Patiala (PB-11),2W,Scooter,Suzuki,EV,BS6,0,2,1,REG19,4/9/2023,4/9/2023
REG101369,18-03-2021,2021,West Bengal,Siliguri (WB-73),2W,Motorcycle,Yamaha,Petrol,BS6,160,2,3,REG19,18/03/2021,3/18/2021
REG101370,7/1/2022,2022,Punjab,Chandigarh (CH-01),4W,SUV,MG,Diesel,BS6,0,6,2,REG19,7/1/2022,7/1/2022
REG101371,17-09-2019,2019,Kerala,Kochi (KL-07),2W,Motorcycle,Suzuki,EV,BS4,0,2,5,REG19,17/09/2019,9/17/2019
REG101372,6/5/2022,2022,Gujarat,Gandhinagar (GJ-18),HCV,Truck,Tata Motors,Diesel,BS6,5660,2,2,REG19,6/5/2022,6/5/2022
REG101373,17-05-2018,2018,Kerala,Kochi (KL-07),2W,Moped,KTM,Petrol,BS4,400,2,6,REG19,17/05/2018,5/17/2018
REG101374,27-04-2021,2021,Gujarat,Ahmedabad (GJ-01),4W,Hatchback,Tata Motors,Diesel,BS6,1462,8,3,REG19,27/04/2021,4/27/2021
REG101375,1/3/2019,2019,West Bengal,Kolkata (WB-01),4W,Hatchback,Toyota,EV,BS4,0,5,5,REG19,1/3/2019,1/3/2019
REG101376,5/1/2022,2022,West Bengal,Howrah (WB-13),2W,Moped,Bajaj,EV,BS6,0,2,2,REG19,5/1/2022,5/1/2022
REG101377,22-08-2023,2023,Uttar Pradesh,Lucknow (UP-32),4W,MUV,Mahindra,CNG,BS6,800,7,1,REG19,22/08/2023,8/22/2023
REG101378,26-05-2022,2022,Uttar Pradesh,Allahabad (UP-70),2W,Moped,TVS,Petrol,BS6,160,2,2,REG19,26/05/2022,5/26/2022
REG101379,27-02-2021,2021,Gujarat,Gandhinagar (GJ-18),2W,Scooter,Ather,EV,BS6,0,2,3,REG19,27/02/2021,2/27/2021
REG101380,9/8/2020,2020,West Bengal,Kolkata (WB-01),2W,Moped,KTM,EV,BS6,0,2,4,REG19,9/8/2020,9/8/2020
REG101381,28-04-2020,2020,Karnataka,Mangalore (KA-19),2W,Moped,Ather,Petrol,BS6,150,2,4,REG19,28/04/2020,4/28/2020
REG101382,18-04-2023,2023,Gujarat,Gandhinagar (GJ-18),2W,Moped,KTM,Petrol,BS6,0,2,1,REG19,18/04/2023,4/18/2023
REG101383,5/12/2024,2024,Madhya Pradesh,Indore (MP-09),2W,Motorcycle,Suzuki,Petrol,BS6,125,2,0,REG19,5/12/2024,5/12/2024
REG101384,28-04-2023,2023,Rajasthan,Ajmer (RJ-01),OTH,Road Roller,Escorts,Diesel,BS6,5660,45,1,REG19,28/04/2023,4/28/2023
REG101385,6/8/2021,2021,Gujarat,Vadodara (GJ-06),2W,Scooter,Yamaha,Hybrid,BS6,0,2,3,REG19,6/8/2021,6/8/2021
REG101386,22-08-2021,2021,Uttar Pradesh,Varanasi (UP-65),2W,Scooter,Hero,Petrol,BS6,160,2,3,REG19,22/08/2021,8/22/2021
REG101387,14-06-2023,2023,Maharashtra,Pune (MH-12),2W,Moped,Royal Enfield,Petrol,BS6,250,2,1,REG19,14/06/2023,6/14/2023
REG101388,24-02-2022,2022,Uttar Pradesh,Agra (UP-80),4W,Sedan,Mahindra,CNG,BS6,1000,6,2,REG19,24/02/2022,2/24/2022
REG101389,28-12-2023,2023,Tamil Nadu,Madurai (TN-58),4W,MUV,Maruti Suzuki,Hybrid,BS6,2179,6,1,REG19,28/12/2023,12/28/2023
REG101390,3/10/2023,2023,Gujarat,Gandhinagar (GJ-18),4W,Hatchback,Hyundai,Petrol,BS6,1598,8,1,REG19,3/10/2023,3/10/2023
REG101391,30-07-2024,2024,Gujarat,Ahmedabad (GJ-01),3W,Tempo,Bajaj,CNG,BS6,225,3,0,REG19,30/07/2024,7/30/2024
REG101392,5/12/2021,2021,Punjab,Amritsar (PB-02),4W,Hatchback,MG,Petrol,BS6,1498,7,3,REG19,5/12/2021,5/12/2021
REG101393,19-04-2024,2024,Kerala,Thiruvananthapuram (KL-01),2W,Motorcycle,Yamaha,Petrol,BS6,125,2,0,REG19,19/04/2024,4/19/2024
REG101394,13-05-2023,2023,Rajasthan,Udaipur (RJ-27),2W,Scooter,Yamaha,Petrol,BS6,160,2,1,REG19,13/05/2023,5/13/2023
REG101395,25-01-2021,2021,Punjab,Chandigarh (CH-01),2W,Moped,Suzuki,Petrol,BS6,400,2,3,REG19,25/01/2021,1/25/2021
REG101396,2/10/2024,2024,Maharashtra,Aurangabad (MH-20),2W,Moped,Suzuki,Petrol,BS6,350,2,0,REG19,2/10/2024,2/10/2024
REG101397,27-02-2019,2019,Gujarat,Gandhinagar (GJ-18),2W,Motorcycle,Honda,EV,BS4,0,2,5,REG19,27/02/2019,2/27/2019
REG101398,7/2/2022,2022,Tamil Nadu,Trichy (TN-45),LCV,Mini Truck,Eicher,Diesel,BS6,0,12,2,REG19,7/2/2022,7/2/2022
REG101399,28-11-2021,2021,West Bengal,Siliguri (WB-73),LCV,Light Bus,Mahindra,CNG,BS6,3298,12,3,REG19,28/11/2021,11/28/2021
REG101400,10/1/2018,2018,Telangana,Karimnagar (TS-01),LCV,Pickup Van,Eicher,Diesel,BS4,2523,9,6,REG19,10/1/2018,10/1/2018
REG101401,23-08-2023,2023,Rajasthan,Udaipur (RJ-27),2W,Motorcycle,Ola Electric,CNG,BS6,150,2,1,REG19,23/08/2023,8/23/2023
REG101402,15-04-2020,2020,Punjab,Amritsar (PB-02),LCV,Light Bus,Eicher,Diesel,BS6,3298,9,4,REG19,15/04/2020,4/15/2020
REG101403,17-06-2021,2021,Karnataka,Bangalore Central (KA-01),4W,Hatchback,Tata Motors,Diesel,BS6,1598,6,3,REG19,17/06/2021,6/17/2021
REG101404,30-06-2020,2020,Madhya Pradesh,Indore (MP-09),2W,Motorcycle,Suzuki,Petrol,BS6,100,2,4,REG19,30/06/2020,6/30/2020
REG101405,16-04-2024,2024,Tamil Nadu,Salem (TN-30),2W,Scooter,Hero,EV,BS6,0,2,0,REG19,16/04/2024,4/16/2024
REG101406,17-02-2021,2021,Maharashtra,Nashik (MH-15),2W,Motorcycle,Bajaj,Hybrid,BS6,125,2,3,REG19,17/02/2021,2/17/2021
REG101407,5/11/2020,2020,Telangana,Khammam (TS-07),4W,Hatchback,Tata Motors,Hybrid,BS6,1598,7,4,REG19,5/11/2020,5/11/2020
REG101408,27-02-2022,2022,Uttar Pradesh,Kanpur (UP-78),2W,Motorcycle,Ather,Petrol,BS6,350,2,2,REG19,27/02/2022,2/27/2022
REG101409,3/2/2021,2021,Maharashtra,Mumbai Central (MH-01),2W,Scooter,Suzuki,Petrol,BS6,250,2,3,REG19,3/2/2021,3/2/2021
REG101410,30-08-2023,2023,Madhya Pradesh,Gwalior (MP-07),2W,Moped,Honda,EV,BS6,0,2,1,REG19,30/08/2023,8/30/2023
REG101411,21-03-2018,2018,Gujarat,Vadodara (GJ-06),2W,Motorcycle,TVS,EV,BS4,0,2,6,REG19,21/03/2018,3/21/2018
REG101412,30-05-2024,2024,Kerala,Thrissur (KL-08),4W,Hatchback,Skoda,Petrol,BS6,1598,8,0,REG19,30/05/2024,5/30/2024
REG101413,3/4/2023,2023,Tamil Nadu,Salem (TN-30),2W,Moped,TVS,CNG,BS6,200,2,1,REG19,3/4/2023,3/4/2023
REG101414,15-11-2023,2023,Karnataka,Mysore (KA-09),2W,Motorcycle,Royal Enfield,Petrol,BS6,200,2,1,REG19,15/11/2023,11/15/2023
REG101415,24-01-2024,2024,Maharashtra,Mumbai Central (MH-01),2W,Scooter,Hero,CNG,BS6,400,2,0,REG19,24/01/2024,1/24/2024
REG101416,17-02-2018,2018,Uttar Pradesh,Allahabad (UP-70),4W,Sedan,Tata Motors,Petrol,BS4,1968,5,6,REG19,17/02/2018,2/17/2018
REG101417,23-11-2019,2019,Karnataka,Mangalore (KA-19),3W,E-Rickshaw,Atul Auto,Diesel,BS4,200,6,5,REG19,23/11/2019,11/23/2019
REG101418,11/11/2023,2023,West Bengal,Siliguri (WB-73),LCV,Pickup Van,Mahindra,Diesel,BS6,2523,12,1,REG19,11/11/2023,11/11/2023
REG101419,26-04-2023,2023,West Bengal,Asansol (WB-39),2W,Motorcycle,Ather,Petrol,BS6,110,2,1,REG19,26/04/2023,4/26/2023
REG101420,4/4/2020,2020,Kerala,Thiruvananthapuram (KL-01),4W,SUV,Skoda,Petrol,BS6,1498,7,4,REG19,4/4/2020,4/4/2020
REG101421,16-03-2022,2022,Kerala,Thrissur (KL-08),4W,SUV,Tata Motors,Diesel,BS6,800,8,2,REG19,16/03/2022,3/16/2022
REG101422,24-03-2023,2023,Madhya Pradesh,Bhopal (MP-04),4W,Sedan,Maruti Suzuki,Petrol,BS6,1968,7,1,REG19,24/03/2023,3/24/2023
REG101423,26-07-2024,2024,Maharashtra,Aurangabad (MH-20),3W,E-Rickshaw,Piaggio,EV,BS6,0,3,0,REG19,26/07/2024,7/26/2024
REG101424,21-09-2021,2021,West Bengal,Asansol (WB-39),2W,Scooter,Honda,Hybrid,BS4,200,2,3,REG19,21/09/2021,9/21/2021
REG101425,25-06-2023,2023,Rajasthan,Jodhpur (RJ-19),2W,Scooter,Ather,EV,BS6,0,2,1,REG19,25/06/2023,6/25/2023
REG101426,23-08-2019,2019,Gujarat,Ahmedabad (GJ-01),4W,MUV,Maruti Suzuki,Diesel,BS4,1000,5,5,REG19,23/08/2019,8/23/2019
REG101427,16-09-2022,2022,Telangana,Nizamabad (TS-05),2W,Scooter,Royal Enfield,EV,BS6,0,2,2,REG19,16/09/2022,9/16/2022
REG101428,1/7/2018,2018,Uttar Pradesh,Allahabad (UP-70),2W,Moped,Bajaj,Hybrid,BS4,400,2,6,REG19,1/7/2018,1/7/2018
REG101429,29-09-2022,2022,Punjab,Ludhiana (PB-10),4W,Hatchback,Renault,Diesel,BS6,1197,7,2,REG19,29/09/2022,9/29/2022
REG101430,5/8/2024,2024,Tamil Nadu,Chennai Central (TN-01),4W,Sedan,Tata Motors,Diesel,BS6,1462,7,0,REG19,5/8/2024,5/8/2024
REG101431,3/6/2022,2022,Maharashtra,Nashik (MH-15),2W,Moped,Suzuki,EV,BS6,0,2,2,REG19,3/6/2022,3/6/2022
REG101432,31-01-2022,2022,Karnataka,Hubli (KA-25),4W,SUV,Mahindra,Hybrid,BS6,1968,6,2,REG19,31/01/2022,1/31/2022
REG101433,30-10-2023,2023,Tamil Nadu,Salem (TN-30),4W,Sedan,Honda,Petrol,BS6,1462,6,1,REG19,30/10/2023,10/30/2023
REG101434,27-10-2019,2019,Rajasthan,Jaipur (RJ-14),2W,Scooter,TVS,Petrol,BS6,125,2,5,REG19,27/10/2019,10/27/2019
REG101435,9/6/2023,2023,Delhi,Delhi North (DL-04),2W,Scooter,Yamaha,Petrol,BS6,400,2,1,REG19,9/6/2023,9/6/2023
REG101436,9/11/2023,2023,Karnataka,Belgaum (KA-22),3W,Tempo,Mahindra,CNG,BS6,0,3,1,REG19,9/11/2023,9/11/2023
REG101437,7/8/2019,2019,Karnataka,Hubli (KA-25),LCV,Mini Truck,Force Motors,Diesel,BS4,2956,15,5,REG19,7/8/2019,7/8/2019
REG101438,5/11/2019,2019,Kerala,Thrissur (KL-08),4W,Sedan,Renault,Petrol,BS6,1598,6,5,REG19,5/11/2019,5/11/2019
REG101439,24-05-2023,2023,Madhya Pradesh,Jabalpur (MP-20),LCV,Pickup Van,Force Motors,Diesel,BS6,3298,12,1,REG19,24/05/2023,5/24/2023
REG101440,6/9/2019,2019,Madhya Pradesh,Ujjain (MP-13),2W,Moped,Royal Enfield,Petrol,BS4,150,2,5,REG19,6/9/2019,6/9/2019
REG101441,6/9/2024,2024,Punjab,Jalandhar (PB-08),2W,Scooter,Royal Enfield,Petrol,BS6,400,2,0,REG19,6/9/2024,6/9/2024
REG101442,26-11-2022,2022,Punjab,Patiala (PB-11),2W,Moped,Suzuki,Petrol,BS6,110,2,2,REG19,26/11/2022,11/26/2022
REG101443,4/8/2023,2023,Punjab,Chandigarh (CH-01),2W,Motorcycle,Yamaha,EV,BS6,0,2,1,REG19,4/8/2023,4/8/2023
REG101444,23-07-2024,2024,Kerala,Thiruvananthapuram (KL-01),2W,Scooter,KTM,EV,BS6,0,2,0,REG19,23/07/2024,7/23/2024
REG101445,29-05-2024,2024,Madhya Pradesh,Bhopal (MP-04),2W,Motorcycle,Hero,EV,BS6,0,2,0,REG19,29/05/2024,5/29/2024
REG101446,22-05-2021,2021,Maharashtra,Nashik (MH-15),LCV,Pickup Van,Ashok Leyland,CNG,BS6,0,9,3,REG19,22/05/2021,5/22/2021
REG101447,28-11-2022,2022,Rajasthan,Udaipur (RJ-27),4W,SUV,Tata Motors,Petrol,BS6,1598,8,2,REG19,28/11/2022,11/28/2022
REG101448,27-04-2022,2022,Rajasthan,Jodhpur (RJ-19),LCV,Mini Truck,Ashok Leyland,Diesel,BS6,3298,12,2,REG19,27/04/2022,4/27/2022
REG101449,15-07-2023,2023,Karnataka,Bangalore Central (KA-01),4W,SUV,Skoda,Diesel,BS6,1462,7,1,REG19,15/07/2023,7/15/2023
REG101450,14-06-2020,2020,Kerala,Thrissur (KL-08),2W,Scooter,Yamaha,Hybrid,BS6,100,2,4,REG19,14/06/2020,6/14/2020
REG101451,22-12-2020,2020,Karnataka,Mysore (KA-09),4W,SUV,Renault,Diesel,BS6,1000,6,4,REG19,22/12/2020,12/22/2020
REG101452,1/7/2023,2023,Karnataka,Bangalore Central (KA-01),4W,MUV,Kia,Petrol,BS6,1968,6,1,REG19,1/7/2023,1/7/2023
REG101453,15-06-2022,2022,Uttar Pradesh,Lucknow (UP-32),LCV,Light Bus,Ashok Leyland,CNG,BS6,2956,12,2,REG19,15/06/2022,6/15/2022
REG101454,22-04-2020,2020,Maharashtra,Pune (MH-12),4W,SUV,Maruti Suzuki,Diesel,BS4,1462,6,4,REG19,22/04/2020,4/22/2020
REG101455,12/8/2024,2024,West Bengal,Howrah (WB-13),2W,Scooter,Bajaj,Petrol,BS6,250,2,0,REG19,12/8/2024,12/8/2024
REG101456,23-07-2024,2024,Telangana,Khammam (TS-07),OTH,Tractor,Sonalika,Diesel,BS6,0,45,0,REG19,23/07/2024,7/23/2024
REG101457,13-06-2021,2021,Kerala,Kozhikode (KL-11),4W,SUV,Kia,Diesel,BS6,0,7,3,REG19,13/06/2021,6/13/2021
REG101458,17-09-2022,2022,Karnataka,Mysore (KA-09),2W,Moped,Bajaj,EV,BS6,0,2,2,REG19,17/09/2022,9/17/2022
REG101459,27-11-2021,2021,Telangana,Nizamabad (TS-05),2W,Moped,Bajaj,CNG,BS6,400,2,3,REG19,27/11/2021,11/27/2021
REG101460,12/8/2022,2022,Delhi,Delhi North (DL-04),2W,Motorcycle,KTM,EV,BS6,0,2,2,REG19,12/8/2022,12/8/2022
REG101461,2/2/2024,2024,Tamil Nadu,Chennai Central (TN-01),4W,Hatchback,Toyota,Diesel,BS6,1598,5,0,REG19,2/2/2024,2/2/2024
REG101462,10/3/2022,2022,Kerala,Kozhikode (KL-11),4W,Hatchback,Skoda,Diesel,BS6,1968,6,2,REG19,10/3/2022,10/3/2022
REG101463,27-07-2020,2020,Madhya Pradesh,Jabalpur (MP-20),2W,Moped,Royal Enfield,Petrol,BS6,125,2,4,REG19,27/07/2020,7/27/2020
REG101464,28-10-2023,2023,Telangana,Khammam (TS-07),2W,Motorcycle,Ola Electric,Petrol,BS6,110,2,1,REG19,28/10/2023,10/28/2023
REG101465,1/4/2020,2020,Karnataka,Belgaum (KA-22),2W,Scooter,TVS,CNG,BS6,125,2,4,REG19,1/4/2020,1/4/2020
REG101466,24-12-2024,2024,Maharashtra,Nashik (MH-15),4W,SUV,Hyundai,Petrol,BS6,1968,8,0,REG19,24/12/2024,12/24/2024
REG101467,29-12-2021,2021,Uttar Pradesh,Varanasi (UP-65),2W,Scooter,TVS,Petrol,BS6,250,2,3,REG19,29/12/2021,12/29/2021
REG101468,20-11-2020,2020,Gujarat,Rajkot (GJ-03),2W,Scooter,Suzuki,Petrol,BS6,110,2,4,REG19,20/11/2020,11/20/2020
REG101469,31-01-2019,2019,Rajasthan,Udaipur (RJ-27),4W,SUV,Maruti Suzuki,CNG,BS4,1598,5,5,REG19,31/01/2019,1/31/2019
REG101470,18-10-2021,2021,Tamil Nadu,Chennai Central (TN-01),HCV,Truck,Tata Motors,Diesel,BS6,0,32,3,REG19,18/10/2021,10/18/2021
REG101471,19-02-2022,2022,Karnataka,Mysore (KA-09),2W,Moped,KTM,Petrol,BS6,125,2,2,REG19,19/02/2022,2/19/2022
REG101472,16-01-2020,2020,Punjab,Amritsar (PB-02),4W,MUV,Tata Motors,Diesel,BS6,800,5,4,REG19,16/01/2020,1/16/2020
REG101473,12/9/2022,2022,Gujarat,Vadodara (GJ-06),2W,Moped,TVS,EV,BS6,0,2,2,REG19,12/9/2022,12/9/2022
REG101474,18-08-2022,2022,Punjab,Ludhiana (PB-10),OTH,Crane,Sonalika,Diesel,BS6,3760,52,2,REG19,18/08/2022,8/18/2022
REG101475,22-01-2020,2020,Karnataka,Hubli (KA-25),2W,Motorcycle,Bajaj,EV,BS6,0,2,4,REG19,22/01/2020,1/22/2020
REG101476,27-09-2023,2023,Maharashtra,Nashik (MH-15),4W,Hatchback,Renault,Petrol,BS6,0,8,1,REG19,27/09/2023,9/27/2023
REG101477,6/8/2020,2020,Telangana,Warangal (TS-03),2W,Motorcycle,KTM,Hybrid,BS6,250,2,4,REG19,6/8/2020,6/8/2020
REG101478,9/11/2021,2021,Uttar Pradesh,Varanasi (UP-65),2W,Motorcycle,KTM,Petrol,BS6,250,2,3,REG19,9/11/2021,9/11/2021
REG101479,15-02-2023,2023,Gujarat,Rajkot (GJ-03),OTH,Crane,Mahindra,Diesel,BS6,5660,52,1,REG19,15/02/2023,2/15/2023
REG101480,17-07-2018,2018,Kerala,Kollam (KL-02),4W,SUV,Maruti Suzuki,Diesel,BS4,1462,7,6,REG19,17/07/2018,7/17/2018
REG101481,8/7/2024,2024,Telangana,Hyderabad (TS-09),4W,MUV,Renault,Diesel,BS6,800,6,0,REG19,8/7/2024,8/7/2024
REG101482,11/9/2019,2019,Karnataka,Mangalore (KA-19),HCV,Bus,MAN,Diesel,BS4,4998,52,5,REG19,11/9/2019,11/9/2019
REG101483,3/1/2019,2019,Madhya Pradesh,Ujjain (MP-13),2W,Scooter,Bajaj,CNG,BS4,150,2,5,REG19,3/1/2019,3/1/2019
REG101484,23-01-2024,2024,Madhya Pradesh,Gwalior (MP-07),OTH,Crane,TAFE,Diesel,BS6,4998,2,0,REG19,23/01/2024,1/23/2024
REG101485,8/6/2022,2022,Punjab,Ludhiana (PB-10),4W,SUV,Honda,EV,BS6,0,7,2,REG19,8/6/2022,8/6/2022
REG101486,6/9/2024,2024,Uttar Pradesh,Lucknow (UP-32),2W,Scooter,Suzuki,Petrol,BS6,160,2,0,REG19,6/9/2024,6/9/2024
REG101487,6/12/2023,2023,Punjab,Chandigarh (CH-01),4W,MUV,Maruti Suzuki,EV,BS6,0,5,1,REG19,6/12/2023,6/12/2023
REG101488,12/5/2022,2022,Madhya Pradesh,Bhopal (MP-04),2W,Scooter,Honda,Petrol,BS6,250,2,2,REG19,12/5/2022,12/5/2022
REG101489,14-04-2023,2023,Gujarat,Gandhinagar (GJ-18),2W,Moped,Royal Enfield,Petrol,BS6,110,2,1,REG19,14/04/2023,4/14/2023
REG101490,28-04-2022,2022,Telangana,Karimnagar (TS-01),2W,Moped,Hero,EV,BS6,0,2,2,REG19,28/04/2022,4/28/2022
REG101491,13-08-2022,2022,Uttar Pradesh,Kanpur (UP-78),2W,Moped,Honda,Petrol,BS6,125,2,2,REG19,13/08/2022,8/13/2022
REG101492,8/1/2021,2021,West Bengal,Asansol (WB-39),4W,Sedan,Mahindra,Hybrid,BS6,1197,7,3,REG19,8/1/2021,8/1/2021
REG101493,16-09-2021,2021,Gujarat,Surat (GJ-05),2W,Motorcycle,Hero,Petrol,BS6,110,2,3,REG19,16/09/2021,9/16/2021
REG101494,5/5/2024,2024,Delhi,Delhi East (DL-02),4W,SUV,MG,Petrol,BS6,0,7,0,REG19,5/5/2024,5/5/2024
REG101495,23-09-2023,2023,Telangana,Warangal (TS-03),2W,Scooter,Hero,Petrol,BS6,400,2,1,REG19,23/09/2023,9/23/2023
REG101496,16-12-2020,2020,Maharashtra,Aurangabad (MH-20),4W,SUV,Toyota,Petrol,BS6,1462,5,4,REG19,16/12/2020,12/16/2020
REG101497,17-11-2024,2024,Uttar Pradesh,Lucknow (UP-32),4W,MUV,Skoda,Petrol,BS6,800,5,0,REG19,17/11/2024,11/17/2024
REG101498,2/5/2022,2022,Maharashtra,Nashik (MH-15),HCV,Tanker,Volvo,CNG,BS6,6700,52,2,REG19,2/5/2022,2/5/2022
REG101499,20-08-2024,2024,Gujarat,Vadodara (GJ-06),OTH,Road Roller,Sonalika,Diesel,BS6,0,32,0,REG19,20/08/2024,8/20/2024
REG101500,7/7/2024,2024,Delhi,Delhi East (DL-02),2W,Moped,TVS,Petrol,BS6,100,2,0,REG19,7/7/2024,7/7/2024
REG101501,24-07-2024,2024,Uttar Pradesh,Agra (UP-80),2W,Scooter,Suzuki,CNG,BS6,125,2,0,REG19,24/07/2024,7/24/2024
REG101502,16-08-2022,2022,Madhya Pradesh,Gwalior (MP-07),2W,Scooter,Suzuki,Petrol,BS6,250,2,2,REG19,16/08/2022,8/16/2022
REG101503,6/5/2023,2023,West Bengal,Durgapur (WB-40),2W,Moped,Suzuki,Petrol,BS6,150,2,1,REG19,6/5/2023,6/5/2023
REG101504,10/7/2024,2024,Kerala,Kochi (KL-07),4W,SUV,MG,CNG,BS6,1498,6,0,REG19,10/7/2024,10/7/2024
REG101505,16-11-2021,2021,Uttar Pradesh,Kanpur (UP-78),3W,Tempo,Kinetic Green,Diesel,BS4,0,3,3,REG19,16/11/2021,11/16/2021
REG101506,13-01-2022,2022,Delhi,Delhi East (DL-02),2W,Motorcycle,Suzuki,EV,BS6,0,2,2,REG19,13/01/2022,1/13/2022
REG101507,21-10-2020,2020,Uttar Pradesh,Allahabad (UP-70),4W,SUV,Skoda,Hybrid,BS6,1462,6,4,REG19,21/10/2020,10/21/2020
REG101508,8/11/2024,2024,Uttar Pradesh,Agra (UP-80),3W,Tempo,Piaggio,Petrol,BS6,200,7,0,REG19,8/11/2024,8/11/2024
REG101509,1/7/2024,2024,Karnataka,Bangalore Central (KA-01),2W,Motorcycle,Hero,Petrol,BS6,150,2,0,REG19,1/7/2024,1/7/2024
REG101510,26-10-2023,2023,Kerala,Kochi (KL-07),HCV,Trailer,Tata Motors,Diesel,BS6,6700,45,1,REG19,26/10/2023,10/26/2023
REG101511,24-03-2024,2024,Rajasthan,Jodhpur (RJ-19),2W,Motorcycle,Ather,Petrol,BS6,250,2,0,REG19,24/03/2024,3/24/2024
REG101512,25-12-2022,2022,Karnataka,Belgaum (KA-22),HCV,Tanker,Ashok Leyland,Diesel,BS6,5660,2,2,REG19,25/12/2022,12/25/2022
REG101513,13-07-2024,2024,Karnataka,Mysore (KA-09),LCV,Mini Truck,Tata Motors,Diesel,BS6,0,9,0,REG19,13/07/2024,7/13/2024
REG101514,11/1/2022,2022,Maharashtra,Aurangabad (MH-20),4W,SUV,MG,CNG,BS6,2179,7,2,REG19,11/1/2022,11/1/2022
REG101515,21-07-2023,2023,Rajasthan,Jaipur (RJ-14),LCV,Mini Truck,Mahindra,Diesel,BS6,2956,9,1,REG19,21/07/2023,7/21/2023
REG101516,1/7/2023,2023,Madhya Pradesh,Indore (MP-09),HCV,Trailer,Volvo,CNG,BS6,0,45,1,REG19,1/7/2023,1/7/2023
REG101517,19-09-2024,2024,Maharashtra,Aurangabad (MH-20),LCV,Pickup Van,Mahindra,Diesel,BS6,3298,15,0,REG19,19/09/2024,9/19/2024
REG101518,14-05-2020,2020,Maharashtra,Nashik (MH-15),2W,Motorcycle,Hero,EV,BS6,0,2,4,REG19,14/05/2020,5/14/2020
REG101519,17-01-2019,2019,Uttar Pradesh,Agra (UP-80),2W,Moped,KTM,EV,BS4,0,2,5,REG19,17/01/2019,1/17/2019
REG101520,13-07-2020,2020,Punjab,Chandigarh (CH-01),4W,Hatchback,Kia,Diesel,BS6,1968,5,4,REG19,13/07/2020,7/13/2020
REG101521,27-07-2024,2024,Kerala,Kozhikode (KL-11),4W,SUV,Toyota,Diesel,BS6,1598,6,0,REG19,27/07/2024,7/27/2024
REG101522,10/12/2019,2019,Rajasthan,Kota (RJ-20),4W,MUV,Kia,Petrol,BS4,1000,7,5,REG19,10/12/2019,10/12/2019
REG101523,3/2/2019,2019,Telangana,Hyderabad (TS-09),2W,Motorcycle,Honda,Petrol,BS4,125,2,5,REG19,3/2/2019,3/2/2019
REG101524,13-11-2018,2018,Punjab,Ludhiana (PB-10),4W,Hatchback,Maruti Suzuki,Hybrid,BS4,1000,6,6,REG19,13/11/2018,11/13/2018
REG101525,13-03-2019,2019,Punjab,Jalandhar (PB-08),4W,SUV,Hyundai,CNG,BS6,1462,5,5,REG19,13/03/2019,3/13/2019
REG101526,18-04-2023,2023,Tamil Nadu,Chennai Central (TN-01),4W,Hatchback,Maruti Suzuki,Diesel,BS6,800,5,1,REG19,18/04/2023,4/18/2023
REG101527,6/11/2023,2023,Uttar Pradesh,Agra (UP-80),4W,Sedan,MG,Petrol,BS6,1197,8,1,REG19,6/11/2023,6/11/2023
REG101528,1/4/2022,2022,Gujarat,Gandhinagar (GJ-18),LCV,Mini Truck,Force Motors,Diesel,BS6,2956,12,2,REG19,1/4/2022,1/4/2022
REG101529,6/4/2023,2023,Tamil Nadu,Trichy (TN-45),4W,Sedan,Hyundai,EV,BS6,0,6,1,REG19,6/4/2023,6/4/2023
REG101530,22-04-2022,2022,Tamil Nadu,Salem (TN-30),4W,SUV,Skoda,Diesel,BS6,1968,7,2,REG19,22/04/2022,4/22/2022
REG101531,2/2/2020,2020,Rajasthan,Jodhpur (RJ-19),4W,SUV,Kia,Hybrid,BS6,2179,7,4,REG19,2/2/2020,2/2/2020
REG101532,17-08-2023,2023,Kerala,Thiruvananthapuram (KL-01),4W,MUV,Hyundai,EV,BS6,0,5,1,REG19,17/08/2023,8/17/2023
REG101533,14-05-2024,2024,Rajasthan,Ajmer (RJ-01),4W,SUV,Skoda,EV,BS6,0,8,0,REG19,14/05/2024,5/14/2024
REG101534,8/4/2022,2022,Rajasthan,Udaipur (RJ-27),2W,Scooter,KTM,Petrol,BS6,150,2,2,REG19,8/4/2022,8/4/2022
REG101535,25-07-2024,2024,Punjab,Ludhiana (PB-10),2W,Scooter,Suzuki,EV,BS6,0,2,0,REG19,25/07/2024,7/25/2024
REG101536,11/6/2024,2024,West Bengal,Siliguri (WB-73),2W,Moped,Suzuki,Petrol,BS6,250,2,0,REG19,11/6/2024,11/6/2024
REG101537,30-10-2024,2024,Madhya Pradesh,Indore (MP-09),2W,Motorcycle,Suzuki,EV,BS6,0,2,0,REG19,30/10/2024,10/30/2024
REG101538,12/9/2021,2021,Delhi,Delhi Central (DL-01),2W,Scooter,TVS,Petrol,BS6,250,2,3,REG19,12/9/2021,12/9/2021
REG101539,13-09-2022,2022,Tamil Nadu,Madurai (TN-58),4W,SUV,Mahindra,Petrol,BS6,1968,8,2,REG19,13/09/2022,9/13/2022
REG101540,28-12-2019,2019,Tamil Nadu,Salem (TN-30),HCV,Truck,Volvo,Diesel,BS4,6700,52,5,REG19,28/12/2019,12/28/2019
REG101541,20-11-2022,2022,Gujarat,Surat (GJ-05),2W,Scooter,Bajaj,Petrol,BS6,125,2,2,REG19,20/11/2022,11/20/2022
REG101542,25-05-2022,2022,Rajasthan,Kota (RJ-20),4W,MUV,Skoda,Petrol,BS6,1598,7,2,REG19,25/05/2022,5/25/2022
REG101543,7/5/2022,2022,Kerala,Kochi (KL-07),2W,Scooter,Honda,Petrol,BS6,150,2,2,REG19,7/5/2022,7/5/2022
REG101544,24-06-2023,2023,Rajasthan,Jodhpur (RJ-19),HCV,Trailer,MAN,Diesel,BS6,0,32,1,REG19,24/06/2023,6/24/2023
REG101545,2/5/2023,2023,Kerala,Kochi (KL-07),LCV,Pickup Van,Eicher,Diesel,BS6,2956,12,1,REG19,2/5/2023,2/5/2023
REG101546,16-11-2021,2021,Punjab,Jalandhar (PB-08),LCV,Pickup Van,Eicher,Diesel,BS6,3298,9,3,REG19,16/11/2021,11/16/2021
REG101547,9/4/2022,2022,Telangana,Karimnagar (TS-01),3W,Tempo,TVS,CNG,BS4,250,7,2,REG19,9/4/2022,9/4/2022
REG101548,16-06-2020,2020,Tamil Nadu,Madurai (TN-58),LCV,Mini Truck,Force Motors,Diesel,BS6,3298,15,4,REG19,16/06/2020,6/16/2020
REG101549,1/10/2024,2024,West Bengal,Asansol (WB-39),2W,Scooter,Yamaha,EV,BS6,0,2,0,REG19,1/10/2024,1/10/2024
REG101550,26-09-2019,2019,Madhya Pradesh,Indore (MP-09),HCV,Truck,Volvo,CNG,BS4,0,32,5,REG19,26/09/2019,9/26/2019
REG101551,13-01-2020,2020,Delhi,Delhi North (DL-04),2W,Motorcycle,Royal Enfield,Petrol,BS6,100,2,4,REG19,13/01/2020,1/13/2020
REG101552,22-03-2023,2023,Madhya Pradesh,Jabalpur (MP-20),2W,Scooter,TVS,EV,BS6,0,2,1,REG19,22/03/2023,3/22/2023
REG101553,20-08-2020,2020,West Bengal,Durgapur (WB-40),2W,Scooter,KTM,Petrol,BS6,160,2,4,REG19,20/08/2020,8/20/2020
REG101554,1/9/2024,2024,Tamil Nadu,Trichy (TN-45),2W,Motorcycle,Honda,Petrol,BS6,200,2,0,REG19,1/9/2024,1/9/2024
REG101555,15-06-2023,2023,Tamil Nadu,Madurai (TN-58),LCV,Pickup Van,Eicher,Diesel,BS6,0,9,1,REG19,15/06/2023,6/15/2023
REG101556,21-01-2022,2022,Rajasthan,Ajmer (RJ-01),LCV,Mini Truck,Ashok Leyland,Diesel,BS6,2523,15,2,REG19,21/01/2022,1/21/2022
REG101557,1/5/2019,2019,Kerala,Kochi (KL-07),3W,Auto Rickshaw,Piaggio,CNG,BS4,200,6,5,REG19,1/5/2019,1/5/2019
REG101558,26-09-2021,2021,Rajasthan,Kota (RJ-20),2W,Scooter,Honda,EV,BS6,0,2,3,REG19,26/09/2021,9/26/2021
REG101559,13-05-2020,2020,Madhya Pradesh,Jabalpur (MP-20),4W,Hatchback,Mahindra,Diesel,BS4,1462,6,4,REG19,13/05/2020,5/13/2020
REG101560,30-04-2018,2018,Maharashtra,Aurangabad (MH-20),2W,Moped,Bajaj,EV,BS4,0,2,6,REG19,30/04/2018,4/30/2018
REG101561,10/9/2022,2022,Tamil Nadu,Trichy (TN-45),2W,Scooter,Suzuki,Petrol,BS6,100,2,2,REG19,10/9/2022,10/9/2022
REG101562,26-10-2018,2018,Madhya Pradesh,Jabalpur (MP-20),4W,Hatchback,Mahindra,CNG,BS4,2179,5,6,REG19,26/10/2018,10/26/2018
REG101563,2/10/2021,2021,Rajasthan,Jaipur (RJ-14),4W,SUV,Renault,Petrol,BS6,800,7,3,REG19,2/10/2021,2/10/2021
REG101564,21-06-2023,2023,Gujarat,Gandhinagar (GJ-18),2W,Scooter,TVS,Petrol,BS6,150,2,1,REG19,21/06/2023,6/21/2023
REG101565,30-11-2018,2018,Rajasthan,Kota (RJ-20),2W,Moped,Royal Enfield,EV,BS4,0,2,6,REG19,30/11/2018,11/30/2018
REG101566,13-04-2023,2023,Uttar Pradesh,Kanpur (UP-78),2W,Motorcycle,Suzuki,Petrol,BS6,0,2,1,REG19,13/04/2023,4/13/2023
REG101567,26-08-2023,2023,Kerala,Kozhikode (KL-11),LCV,Light Bus,Mahindra,CNG,BS6,2523,15,1,REG19,26/08/2023,8/26/2023
REG101568,21-04-2018,2018,Madhya Pradesh,Indore (MP-09),4W,SUV,Mahindra,Diesel,BS4,1197,7,6,REG19,21/04/2018,4/21/2018
REG101569,5/11/2022,2022,Delhi,Delhi North (DL-04),HCV,Tanker,MAN,Diesel,BS6,4998,45,2,REG19,5/11/2022,5/11/2022
REG101570,16-01-2019,2019,West Bengal,Asansol (WB-39),4W,Sedan,Hyundai,CNG,BS4,800,5,5,REG19,16/01/2019,1/16/2019
REG101571,21-04-2019,2019,Gujarat,Ahmedabad (GJ-01),2W,Scooter,Ola Electric,Petrol,BS4,150,2,5,REG19,21/04/2019,4/21/2019
REG101572,4/6/2023,2023,Uttar Pradesh,Agra (UP-80),2W,Scooter,Hero,Petrol,BS6,125,2,1,REG19,4/6/2023,4/6/2023
REG101573,16-01-2023,2023,Gujarat,Rajkot (GJ-03),HCV,Bus,Tata Motors,Diesel,BS6,6700,2,1,REG19,16/01/2023,1/16/2023
REG101574,19-05-2023,2023,Maharashtra,Mumbai Central (MH-01),2W,Motorcycle,KTM,EV,BS6,0,2,1,REG19,19/05/2023,5/19/2023
REG101575,13-12-2020,2020,Kerala,Kollam (KL-02),3W,Tempo,Kinetic Green,CNG,BS6,0,3,4,REG19,13/12/2020,12/13/2020
REG101576,23-01-2024,2024,Maharashtra,Nashik (MH-15),2W,Scooter,Suzuki,Petrol,BS6,110,2,0,REG19,23/01/2024,1/23/2024
REG101577,1/5/2023,2023,Gujarat,Vadodara (GJ-06),4W,Sedan,Kia,Petrol,BS6,2179,5,1,REG19,1/5/2023,1/5/2023
REG101578,25-01-2022,2022,Madhya Pradesh,Bhopal (MP-04),LCV,Pickup Van,Eicher,CNG,BS6,3298,12,2,REG19,25/01/2022,1/25/2022
REG101579,10/10/2021,2021,Karnataka,Belgaum (KA-22),2W,Scooter,Ather,Petrol,BS6,400,2,3,REG19,10/10/2021,10/10/2021
REG101580,28-08-2022,2022,Tamil Nadu,Madurai (TN-58),4W,SUV,Honda,Petrol,BS6,1598,7,2,REG19,28/08/2022,8/28/2022
REG101581,12/3/2019,2019,Tamil Nadu,Salem (TN-30),4W,MUV,Toyota,Diesel,BS4,1598,7,5,REG19,12/3/2019,12/3/2019
REG101582,16-09-2024,2024,Madhya Pradesh,Jabalpur (MP-20),3W,Tempo,Kinetic Green,CNG,BS6,225,7,0,REG19,16/09/2024,9/16/2024
REG101583,20-12-2024,2024,Rajasthan,Ajmer (RJ-01),4W,Sedan,Skoda,Petrol,BS6,1968,5,0,REG19,20/12/2024,12/20/2024
REG101584,11/5/2019,2019,Uttar Pradesh,Lucknow (UP-32),OTH,Road Roller,Mahindra,Diesel,BS4,0,2,5,REG19,11/5/2019,11/5/2019
REG101585,8/10/2021,2021,Kerala,Kochi (KL-07),4W,SUV,MG,Petrol,BS6,1968,8,3,REG19,8/10/2021,8/10/2021
REG101586,21-03-2023,2023,Delhi,Delhi South (DL-09),2W,Scooter,Honda,Petrol,BS6,150,2,1,REG19,21/03/2023,3/21/2023
REG101587,21-12-2020,2020,Kerala,Thiruvananthapuram (KL-01),LCV,Light Bus,Tata Motors,Diesel,BS6,3298,9,4,REG19,21/12/2020,12/21/2020
REG101588,3/3/2018,2018,Uttar Pradesh,Agra (UP-80),4W,Hatchback,Mahindra,Petrol,BS4,1462,6,6,REG19,3/3/2018,3/3/2018
REG101589,25-07-2024,2024,Madhya Pradesh,Bhopal (MP-04),2W,Scooter,Honda,Petrol,BS6,100,2,0,REG19,25/07/2024,7/25/2024
REG101590,29-10-2021,2021,Kerala,Kollam (KL-02),2W,Scooter,Yamaha,Petrol,BS6,350,2,3,REG19,29/10/2021,10/29/2021
REG101591,11/5/2021,2021,Madhya Pradesh,Ujjain (MP-13),4W,MUV,Maruti Suzuki,Diesel,BS6,2179,8,3,REG19,11/5/2021,11/5/2021
REG101592,8/9/2024,2024,Telangana,Hyderabad (TS-09),2W,Moped,Ola Electric,Petrol,BS6,100,2,0,REG19,8/9/2024,8/9/2024
REG101593,6/5/2022,2022,Uttar Pradesh,Lucknow (UP-32),HCV,Truck,BharatBenz,Diesel,BS6,3760,45,2,REG19,6/5/2022,6/5/2022
REG101594,27-12-2021,2021,Uttar Pradesh,Agra (UP-80),2W,Scooter,Hero,Petrol,BS4,350,2,3,REG19,27/12/2021,12/27/2021
REG101595,15-01-2024,2024,Delhi,Delhi South (DL-09),2W,Motorcycle,TVS,EV,BS6,0,2,0,REG19,15/01/2024,1/15/2024
REG101596,1/12/2022,2022,West Bengal,Kolkata (WB-01),3W,E-Rickshaw,TVS,EV,BS6,0,6,2,REG19,1/12/2022,1/12/2022
REG101597,21-01-2021,2021,Punjab,Chandigarh (CH-01),4W,MUV,Tata Motors,Diesel,BS6,1498,7,3,REG19,21/01/2021,1/21/2021
REG101598,18-07-2022,2022,Uttar Pradesh,Lucknow (UP-32),4W,Hatchback,Mahindra,Diesel,BS6,1197,8,2,REG19,18/07/2022,7/18/2022
REG101599,24-12-2020,2020,Maharashtra,Nagpur (MH-31),2W,Scooter,Ola Electric,EV,BS6,0,2,4,REG19,24/12/2020,12/24/2020
REG101600,7/7/2018,2018,Karnataka,Mysore (KA-09),2W,Moped,Ola Electric,EV,BS4,0,2,6,REG19,7/7/2018,7/7/2018
REG101601,23-05-2021,2021,Maharashtra,Aurangabad (MH-20),LCV,Pickup Van,Eicher,Diesel,BS6,0,15,3,REG19,23/05/2021,5/23/2021
REG101602,17-09-2021,2021,Kerala,Thrissur (KL-08),2W,Motorcycle,Royal Enfield,CNG,BS6,150,2,3,REG19,17/09/2021,9/17/2021
REG101603,4/12/2023,2023,Tamil Nadu,Chennai Central (TN-01),2W,Motorcycle,Ola Electric,Petrol,BS6,400,2,1,REG19,4/12/2023,4/12/2023
REG101604,21-01-2021,2021,Rajasthan,Ajmer (RJ-01),2W,Motorcycle,TVS,EV,BS6,0,2,3,REG19,21/01/2021,1/21/2021
REG101605,7/1/2021,2021,Delhi,Delhi East (DL-02),2W,Moped,Suzuki,Petrol,BS6,110,2,3,REG19,7/1/2021,7/1/2021
REG101606,3/9/2021,2021,Telangana,Nizamabad (TS-05),4W,Hatchback,Kia,Petrol,BS6,1462,6,3,REG19,3/9/2021,3/9/2021
REG101607,18-11-2021,2021,Madhya Pradesh,Jabalpur (MP-20),3W,Auto Rickshaw,Bajaj,CNG,BS6,200,3,3,REG19,18/11/2021,11/18/2021
REG101608,17-10-2022,2022,Madhya Pradesh,Indore (MP-09),LCV,Mini Truck,Tata Motors,Diesel,BS6,2956,9,2,REG19,17/10/2022,10/17/2022
REG101609,10/8/2021,2021,Madhya Pradesh,Jabalpur (MP-20),LCV,Pickup Van,Mahindra,Diesel,BS4,2523,12,3,REG19,10/8/2021,10/8/2021
REG101610,7/3/2022,2022,Uttar Pradesh,Lucknow (UP-32),2W,Moped,Yamaha,Petrol,BS6,350,2,2,REG19,7/3/2022,7/3/2022
REG101611,12/9/2022,2022,Punjab,Patiala (PB-11),LCV,Light Bus,Mahindra,Diesel,BS6,2523,12,2,REG19,12/9/2022,12/9/2022
REG101612,24-11-2024,2024,Punjab,Chandigarh (CH-01),2W,Moped,Honda,CNG,BS6,100,2,0,REG19,24/11/2024,11/24/2024
REG101613,17-06-2023,2023,Rajasthan,Kota (RJ-20),2W,Scooter,Yamaha,Petrol,BS6,160,2,1,REG19,17/06/2023,6/17/2023
REG101614,6/11/2022,2022,West Bengal,Asansol (WB-39),3W,Tempo,Atul Auto,EV,BS6,0,6,2,REG19,6/11/2022,6/11/2022
REG101615,9/5/2022,2022,Rajasthan,Jaipur (RJ-14),4W,SUV,Renault,Diesel,BS6,1498,7,2,REG19,9/5/2022,9/5/2022
REG101616,6/6/2022,2022,Gujarat,Gandhinagar (GJ-18),3W,E-Rickshaw,TVS,CNG,BS6,225,6,2,REG19,6/6/2022,6/6/2022
REG101617,10/11/2023,2023,Telangana,Karimnagar (TS-01),2W,Moped,Suzuki,CNG,BS6,125,2,1,REG19,10/11/2023,10/11/2023
REG101618,15-04-2022,2022,Kerala,Kozhikode (KL-11),2W,Moped,Yamaha,CNG,BS6,350,2,2,REG19,15/04/2022,4/15/2022
REG101619,20-11-2020,2020,Punjab,Patiala (PB-11),2W,Moped,Royal Enfield,EV,BS6,0,2,4,REG19,20/11/2020,11/20/2020
REG101620,24-08-2021,2021,Tamil Nadu,Salem (TN-30),2W,Scooter,KTM,CNG,BS6,400,2,3,REG19,24/08/2021,8/24/2021
REG101621,20-07-2024,2024,Rajasthan,Jodhpur (RJ-19),2W,Motorcycle,Royal Enfield,Petrol,BS6,100,2,0,REG19,20/07/2024,7/20/2024
REG101622,25-10-2024,2024,Karnataka,Mysore (KA-09),4W,SUV,MG,Diesel,BS6,1498,8,0,REG19,25/10/2024,10/25/2024
REG101623,18-07-2019,2019,Delhi,Delhi West (DL-08),2W,Scooter,KTM,EV,BS4,0,2,5,REG19,18/07/2019,7/18/2019
REG101624,25-02-2024,2024,Karnataka,Mysore (KA-09),2W,Scooter,Hero,Petrol,BS6,400,2,0,REG19,25/02/2024,2/25/2024
REG101625,18-10-2018,2018,Telangana,Nizamabad (TS-05),2W,Motorcycle,Suzuki,Petrol,BS4,100,2,6,REG19,18/10/2018,10/18/2018
REG101626,23-04-2022,2022,Maharashtra,Mumbai Central (MH-01),2W,Moped,Royal Enfield,Petrol,BS6,0,2,2,REG19,23/04/2022,4/23/2022
REG101627,12/6/2018,2018,Punjab,Patiala (PB-11),4W,SUV,Mahindra,Petrol,BS4,1462,6,6,REG19,12/6/2018,12/6/2018
REG101628,19-05-2022,2022,Uttar Pradesh,Kanpur (UP-78),4W,Hatchback,Tata Motors,Petrol,BS6,2179,5,2,REG19,19/05/2022,5/19/2022
REG101629,23-04-2022,2022,Karnataka,Mysore (KA-09),LCV,Mini Truck,Mahindra,Diesel,BS6,3298,9,2,REG19,23/04/2022,4/23/2022
REG101630,19-04-2024,2024,Maharashtra,Pune (MH-12),4W,MUV,Skoda,CNG,BS6,1462,5,0,REG19,19/04/2024,4/19/2024
REG101631,13-07-2024,2024,Karnataka,Mangalore (KA-19),4W,MUV,Tata Motors,Hybrid,BS6,800,7,0,REG19,13/07/2024,7/13/2024
REG101632,12/11/2018,2018,Delhi,Delhi North (DL-04),2W,Moped,Yamaha,Petrol,BS4,250,2,6,REG19,12/11/2018,12/11/2018
REG101633,13-07-2023,2023,West Bengal,Asansol (WB-39),2W,Motorcycle,Honda,EV,BS6,0,2,1,REG19,13/07/2023,7/13/2023
REG101634,28-04-2020,2020,Uttar Pradesh,Kanpur (UP-78),2W,Scooter,Suzuki,Petrol,BS6,250,2,4,REG19,28/04/2020,4/28/2020
REG101635,12/1/2019,2019,Punjab,Jalandhar (PB-08),HCV,Bus,MAN,CNG,BS6,6700,52,5,REG19,12/1/2019,12/1/2019
REG101636,15-02-2022,2022,Rajasthan,Kota (RJ-20),2W,Scooter,Suzuki,CNG,BS6,250,2,2,REG19,15/02/2022,2/15/2022
REG101637,26-10-2020,2020,Gujarat,Vadodara (GJ-06),2W,Scooter,Royal Enfield,EV,BS6,0,2,4,REG19,26/10/2020,10/26/2020
REG101638,16-02-2018,2018,Punjab,Patiala (PB-11),4W,Hatchback,Honda,Diesel,BS4,1197,5,6,REG19,16/02/2018,2/16/2018
REG101639,14-03-2022,2022,Punjab,Patiala (PB-11),2W,Motorcycle,Ather,Petrol,BS6,250,2,2,REG19,14/03/2022,3/14/2022
REG101640,14-11-2019,2019,Gujarat,Surat (GJ-05),2W,Scooter,TVS,EV,BS4,0,2,5,REG19,14/11/2019,11/14/2019
REG101641,4/11/2020,2020,Punjab,Ludhiana (PB-10),2W,Scooter,Suzuki,Petrol,BS6,110,2,4,REG19,4/11/2020,4/11/2020
REG101642,8/7/2023,2023,Karnataka,Bangalore Central (KA-01),2W,Motorcycle,Ather,Petrol,BS6,125,2,1,REG19,8/7/2023,8/7/2023
REG101643,19-05-2024,2024,Tamil Nadu,Trichy (TN-45),HCV,Bus,Tata Motors,Diesel,BS6,0,1,0,REG19,19/05/2024,5/19/2024
REG101644,9/3/2018,2018,Telangana,Khammam (TS-07),LCV,Pickup Van,Mahindra,Diesel,BS4,2956,15,6,REG19,9/3/2018,9/3/2018
REG101645,31-12-2020,2020,Rajasthan,Ajmer (RJ-01),4W,MUV,Mahindra,Diesel,BS6,1462,6,4,REG19,31/12/2020,12/31/2020
REG101646,28-09-2018,2018,Madhya Pradesh,Ujjain (MP-13),4W,Hatchback,Honda,Petrol,BS4,2179,8,6,REG19,28/09/2018,9/28/2018
REG101647,27-07-2023,2023,Telangana,Khammam (TS-07),4W,MUV,Renault,Diesel,BS6,1498,8,1,REG19,27/07/2023,7/27/2023
REG101648,2/6/2019,2019,Tamil Nadu,Trichy (TN-45),LCV,Mini Truck,Tata Motors,Diesel,BS4,2523,15,5,REG19,2/6/2019,2/6/2019
REG101649,9/1/2022,2022,Uttar Pradesh,Varanasi (UP-65),2W,Scooter,Hero,Petrol,BS6,150,2,2,REG19,9/1/2022,9/1/2022
REG101650,6/5/2023,2023,Uttar Pradesh,Kanpur (UP-78),2W,Moped,TVS,EV,BS6,0,2,1,REG19,6/5/2023,6/5/2023
REG101651,10/7/2022,2022,Maharashtra,Pune (MH-12),LCV,Pickup Van,Force Motors,Diesel,BS6,2956,12,2,REG19,10/7/2022,10/7/2022
REG101652,10/7/2024,2024,Tamil Nadu,Salem (TN-30),HCV,Bus,Ashok Leyland,Diesel,BS6,3760,32,0,REG19,10/7/2024,10/7/2024
REG101653,10/10/2021,2021,West Bengal,Siliguri (WB-73),LCV,Pickup Van,Tata Motors,CNG,BS6,0,9,3,REG19,10/10/2021,10/10/2021
REG101654,15-03-2020,2020,West Bengal,Kolkata (WB-01),2W,Motorcycle,Royal Enfield,EV,BS6,0,2,4,REG19,15/03/2020,3/15/2020
REG101655,21-06-2018,2018,Gujarat,Ahmedabad (GJ-01),2W,Motorcycle,Ather,Petrol,BS4,0,2,6,REG19,21/06/2018,6/21/2018
REG101656,5/3/2023,2023,West Bengal,Durgapur (WB-40),4W,SUV,Toyota,Petrol,BS6,2179,8,1,REG19,5/3/2023,5/3/2023
REG101657,13-07-2019,2019,Uttar Pradesh,Allahabad (UP-70),2W,Moped,Ola Electric,EV,BS4,0,2,5,REG19,13/07/2019,7/13/2019
REG101658,17-02-2023,2023,Madhya Pradesh,Jabalpur (MP-20),4W,SUV,Tata Motors,Petrol,BS6,1968,7,1,REG19,17/02/2023,2/17/2023
REG101659,9/4/2020,2020,Uttar Pradesh,Kanpur (UP-78),2W,Scooter,Hero,Petrol,BS6,250,2,4,REG19,9/4/2020,9/4/2020
REG101660,20-01-2024,2024,Tamil Nadu,Salem (TN-30),4W,SUV,Mahindra,Petrol,BS6,1498,8,0,REG19,20/01/2024,1/20/2024
REG101661,24-08-2019,2019,Karnataka,Mysore (KA-09),3W,Auto Rickshaw,Kinetic Green,Diesel,BS4,250,7,5,REG19,24/08/2019,8/24/2019
REG101662,19-06-2022,2022,Kerala,Kozhikode (KL-11),LCV,Pickup Van,Eicher,CNG,BS6,3298,15,2,REG19,19/06/2022,6/19/2022
REG101663,12/1/2024,2024,Tamil Nadu,Trichy (TN-45),3W,E-Rickshaw,Atul Auto,Petrol,BS6,0,6,0,REG19,12/1/2024,12/1/2024
REG101664,29-10-2024,2024,Gujarat,Vadodara (GJ-06),HCV,Trailer,BharatBenz,CNG,BS6,5660,32,0,REG19,29/10/2024,10/29/2024
REG101665,23-12-2024,2024,Karnataka,Mysore (KA-09),4W,Sedan,Mahindra,Diesel,BS6,0,7,0,REG19,23/12/2024,12/23/2024
REG101666,3/9/2020,2020,Uttar Pradesh,Varanasi (UP-65),2W,Scooter,Royal Enfield,Petrol,BS6,110,2,4,REG19,3/9/2020,3/9/2020
REG101667,20-06-2022,2022,Rajasthan,Jaipur (RJ-14),2W,Scooter,TVS,Petrol,BS6,200,2,2,REG19,20/06/2022,6/20/2022
REG101668,30-04-2020,2020,Karnataka,Hubli (KA-25),2W,Scooter,Suzuki,EV,BS6,0,2,4,REG19,30/04/2020,4/30/2020
REG101669,12/2/2021,2021,Delhi,Delhi South (DL-09),4W,SUV,Tata Motors,CNG,BS6,1000,5,3,REG19,12/2/2021,12/2/2021
REG101670,27-11-2024,2024,Karnataka,Bangalore Central (KA-01),2W,Scooter,KTM,Petrol,BS6,125,2,0,REG19,27/11/2024,11/27/2024
REG101671,13-12-2024,2024,Maharashtra,Mumbai Central (MH-01),3W,Auto Rickshaw,Piaggio,CNG,BS6,250,7,0,REG19,13/12/2024,12/13/2024
REG101672,12/2/2018,2018,Punjab,Chandigarh (CH-01),2W,Scooter,Yamaha,Petrol,BS4,100,2,6,REG19,12/2/2018,12/2/2018
REG101673,25-02-2023,2023,Punjab,Chandigarh (CH-01),4W,Sedan,Tata Motors,Diesel,BS6,1498,7,1,REG19,25/02/2023,2/25/2023
REG101674,14-05-2019,2019,Punjab,Patiala (PB-11),2W,Moped,Royal Enfield,Petrol,BS4,125,2,5,REG19,14/05/2019,5/14/2019
REG101675,23-06-2021,2021,Madhya Pradesh,Ujjain (MP-13),2W,Moped,Bajaj,CNG,BS6,125,2,3,REG19,23/06/2021,6/23/2021
REG101676,25-07-2021,2021,Kerala,Thrissur (KL-08),4W,SUV,Renault,Petrol,BS6,1968,6,3,REG19,25/07/2021,7/25/2021
REG101677,31-01-2020,2020,Gujarat,Vadodara (GJ-06),2W,Scooter,TVS,CNG,BS6,0,2,4,REG19,31/01/2020,1/31/2020
REG101678,20-06-2023,2023,Karnataka,Mysore (KA-09),2W,Scooter,TVS,Petrol,BS6,200,2,1,REG19,20/06/2023,6/20/2023
REG101679,9/12/2024,2024,Punjab,Ludhiana (PB-10),4W,MUV,Honda,Petrol,BS6,0,7,0,REG19,9/12/2024,9/12/2024
REG101680,25-06-2020,2020,Kerala,Kochi (KL-07),LCV,Light Bus,Tata Motors,Diesel,BS6,2523,9,4,REG19,25/06/2020,6/25/2020
REG101681,14-06-2024,2024,Maharashtra,Nagpur (MH-31),2W,Scooter,KTM,EV,BS6,0,2,0,REG19,14/06/2024,6/14/2024
REG101682,5/4/2022,2022,Tamil Nadu,Madurai (TN-58),4W,MUV,Toyota,Hybrid,BS6,800,6,2,REG19,5/4/2022,5/4/2022
REG101683,19-09-2024,2024,Gujarat,Rajkot (GJ-03),2W,Scooter,TVS,Petrol,BS6,0,2,0,REG19,19/09/2024,9/19/2024
REG101684,20-11-2018,2018,West Bengal,Durgapur (WB-40),LCV,Light Bus,Mahindra,Diesel,BS4,3298,15,6,REG19,20/11/2018,11/20/2018
REG101685,14-04-2023,2023,Rajasthan,Ajmer (RJ-01),2W,Motorcycle,Honda,EV,BS6,0,2,1,REG19,14/04/2023,4/14/2023
REG101686,9/11/2024,2024,Tamil Nadu,Madurai (TN-58),4W,SUV,Renault,Diesel,BS6,1462,8,0,REG19,9/11/2024,9/11/2024
REG101687,22-08-2021,2021,Kerala,Thiruvananthapuram (KL-01),3W,Tempo,Atul Auto,EV,BS4,0,6,3,REG19,22/08/2021,8/22/2021
REG101688,26-08-2023,2023,Rajasthan,Jaipur (RJ-14),2W,Moped,Honda,EV,BS6,0,2,1,REG19,26/08/2023,8/26/2023
REG101689,20-01-2021,2021,Punjab,Ludhiana (PB-10),HCV,Bus,BharatBenz,Diesel,BS6,4998,52,3,REG19,20/01/2021,1/20/2021
REG101690,2/5/2020,2020,Gujarat,Rajkot (GJ-03),2W,Moped,Bajaj,Petrol,BS6,250,2,4,REG19,2/5/2020,2/5/2020
REG101691,2/8/2023,2023,Maharashtra,Nashik (MH-15),2W,Motorcycle,Royal Enfield,EV,BS6,0,2,1,REG19,2/8/2023,2/8/2023
REG101692,9/10/2020,2020,Telangana,Nizamabad (TS-05),4W,Hatchback,MG,CNG,BS6,1498,5,4,REG19,9/10/2020,9/10/2020
REG101693,17-12-2023,2023,Delhi,Delhi North (DL-04),4W,SUV,Tata Motors,Diesel,BS6,1968,5,1,REG19,17/12/2023,12/17/2023
REG101694,12/5/2024,2024,Rajasthan,Jodhpur (RJ-19),HCV,Truck,Tata Motors,Diesel,BS6,4998,32,0,REG19,12/5/2024,12/5/2024
REG101695,27-05-2020,2020,Madhya Pradesh,Gwalior (MP-07),2W,Scooter,Bajaj,CNG,BS6,160,2,4,REG19,27/05/2020,5/27/2020
REG101696,2/5/2024,2024,Telangana,Khammam (TS-07),4W,Hatchback,Tata Motors,Petrol,BS6,1000,7,0,REG19,2/5/2024,2/5/2024
REG101697,1/10/2023,2023,Tamil Nadu,Chennai Central (TN-01),4W,SUV,Hyundai,Diesel,BS4,2179,5,1,REG19,1/10/2023,1/10/2023
REG101698,7/4/2021,2021,West Bengal,Asansol (WB-39),2W,Motorcycle,Yamaha,Petrol,BS6,400,2,3,REG19,7/4/2021,7/4/2021
REG101699,24-09-2020,2020,Gujarat,Ahmedabad (GJ-01),HCV,Truck,Tata Motors,Diesel,BS6,0,2,4,REG19,24/09/2020,9/24/2020
REG101700,26-07-2023,2023,West Bengal,Durgapur (WB-40),2W,Scooter,Suzuki,Petrol,BS4,150,2,1,REG19,26/07/2023,7/26/2023
REG101701,27-04-2023,2023,Tamil Nadu,Coimbatore (TN-37),4W,MUV,Skoda,Hybrid,BS6,2179,8,1,REG19,27/04/2023,4/27/2023
REG101702,20-10-2022,2022,Uttar Pradesh,Agra (UP-80),4W,Sedan,Maruti Suzuki,Petrol,BS6,1598,5,2,REG19,20/10/2022,10/20/2022
REG101703,9/3/2024,2024,Madhya Pradesh,Gwalior (MP-07),4W,MUV,Maruti Suzuki,Diesel,BS6,1000,5,0,REG19,9/3/2024,9/3/2024
REG101704,16-11-2023,2023,Punjab,Ludhiana (PB-10),3W,Tempo,Atul Auto,Petrol,BS6,200,7,1,REG19,16/11/2023,11/16/2023
REG101705,2/6/2024,2024,Rajasthan,Jodhpur (RJ-19),2W,Scooter,Royal Enfield,Petrol,BS6,125,2,0,REG19,2/6/2024,2/6/2024
REG101706,28-09-2024,2024,Kerala,Kozhikode (KL-11),4W,Sedan,Kia,Diesel,BS6,1598,5,0,REG19,28/09/2024,9/28/2024
REG101707,4/4/2024,2024,West Bengal,Durgapur (WB-40),4W,MUV,Maruti Suzuki,Petrol,BS6,1000,6,0,REG19,4/4/2024,4/4/2024
REG101708,20-06-2019,2019,Telangana,Khammam (TS-07),4W,Hatchback,Toyota,Petrol,BS4,1598,5,5,REG19,20/06/2019,6/20/2019
REG101709,9/10/2021,2021,Tamil Nadu,Trichy (TN-45),2W,Motorcycle,Bajaj,Petrol,BS4,400,2,3,REG19,9/10/2021,9/10/2021
REG101710,21-01-2021,2021,Karnataka,Belgaum (KA-22),HCV,Trailer,Eicher,Diesel,BS6,5660,45,3,REG19,21/01/2021,1/21/2021
REG101711,3/1/2019,2019,Karnataka,Hubli (KA-25),2W,Motorcycle,TVS,Petrol,BS4,110,2,5,REG19,3/1/2019,3/1/2019
REG101712,30-10-2019,2019,West Bengal,Kolkata (WB-01),3W,E-Rickshaw,Mahindra,EV,BS4,0,3,5,REG19,30/10/2019,10/30/2019
REG101713,22-04-2023,2023,Rajasthan,Jodhpur (RJ-19),2W,Moped,Honda,EV,BS6,0,2,1,REG19,22/04/2023,4/22/2023
REG101714,23-10-2022,2022,Tamil Nadu,Trichy (TN-45),2W,Scooter,Hero,CNG,BS6,150,2,2,REG19,23/10/2022,10/23/2022
REG101715,28-09-2023,2023,West Bengal,Asansol (WB-39),2W,Scooter,Bajaj,EV,BS6,0,2,1,REG19,28/09/2023,9/28/2023
REG101716,12/11/2021,2021,Rajasthan,Jodhpur (RJ-19),2W,Moped,Suzuki,EV,BS6,0,2,3,REG19,12/11/2021,12/11/2021
REG101717,29-10-2024,2024,Kerala,Thrissur (KL-08),2W,Moped,KTM,Petrol,BS6,150,2,0,REG19,29/10/2024,10/29/2024
REG101718,8/3/2024,2024,Kerala,Kozhikode (KL-11),4W,Sedan,Skoda,Petrol,BS6,800,6,0,REG19,8/3/2024,8/3/2024
REG101719,22-10-2021,2021,Delhi,Delhi Central (DL-01),4W,MUV,Tata Motors,Petrol,BS6,800,6,3,REG19,22/10/2021,10/22/2021
REG101720,15-03-2021,2021,Kerala,Thiruvananthapuram (KL-01),4W,Hatchback,Honda,Petrol,BS6,1197,5,3,REG19,15/03/2021,3/15/2021
REG101721,14-04-2021,2021,Rajasthan,Kota (RJ-20),OTH,Crane,Escorts,Diesel,BS6,4998,2,3,REG19,14/04/2021,4/14/2021
REG101722,12/8/2022,2022,Uttar Pradesh,Agra (UP-80),2W,Moped,Bajaj,EV,BS6,0,2,2,REG19,12/8/2022,12/8/2022
REG101723,29-05-2023,2023,Gujarat,Ahmedabad (GJ-01),2W,Motorcycle,Hero,Petrol,BS6,150,2,1,REG19,29/05/2023,5/29/2023
REG101724,8/1/2020,2020,Uttar Pradesh,Lucknow (UP-32),LCV,Mini Truck,Ashok Leyland,Diesel,BS4,0,15,4,REG19,8/1/2020,8/1/2020
REG101725,22-05-2022,2022,Karnataka,Belgaum (KA-22),3W,E-Rickshaw,Kinetic Green,CNG,BS6,0,6,2,REG19,22/05/2022,5/22/2022
REG101726,6/9/2023,2023,Gujarat,Surat (GJ-05),3W,E-Rickshaw,Piaggio,CNG,BS6,0,3,1,REG19,6/9/2023,6/9/2023
REG101727,11/5/2023,2023,Telangana,Khammam (TS-07),4W,Sedan,Hyundai,Petrol,BS6,1000,7,1,REG19,11/5/2023,11/5/2023
REG101728,4/5/2022,2022,Madhya Pradesh,Ujjain (MP-13),4W,MUV,Maruti Suzuki,Petrol,BS6,1498,7,2,REG19,4/5/2022,4/5/2022
REG101729,2/1/2023,2023,Delhi,Delhi South (DL-09),LCV,Light Bus,Eicher,Diesel,BS6,2956,9,1,REG19,2/1/2023,2/1/2023
REG101730,5/6/2020,2020,Rajasthan,Ajmer (RJ-01),2W,Scooter,Hero,EV,BS6,0,2,4,REG19,5/6/2020,5/6/2020
REG101731,14-07-2022,2022,Gujarat,Vadodara (GJ-06),4W,MUV,Skoda,CNG,BS6,2179,6,2,REG19,14/07/2022,7/14/2022
REG101732,20-06-2023,2023,Delhi,Delhi West (DL-08),2W,Scooter,Yamaha,EV,BS6,0,2,1,REG19,20/06/2023,6/20/2023
REG101733,29-04-2019,2019,Delhi,Delhi North (DL-04),HCV,Truck,MAN,Diesel,BS4,6700,1,5,REG19,29/04/2019,4/29/2019
REG101734,14-08-2023,2023,Delhi,Delhi North (DL-04),2W,Moped,Honda,Petrol,BS6,125,2,1,REG19,14/08/2023,8/14/2023
REG101735,29-07-2018,2018,Delhi,Delhi East (DL-02),2W,Motorcycle,Hero,Petrol,BS4,110,2,6,REG19,29/07/2018,7/29/2018
REG101736,1/3/2024,2024,Gujarat,Gandhinagar (GJ-18),LCV,Mini Truck,Tata Motors,Diesel,BS6,2523,12,0,REG19,1/3/2024,1/3/2024
REG101737,27-03-2023,2023,Punjab,Patiala (PB-11),4W,Sedan,Maruti Suzuki,Diesel,BS6,800,8,1,REG19,27/03/2023,3/27/2023
REG101738,23-05-2022,2022,Delhi,Delhi North (DL-04),LCV,Mini Truck,Tata Motors,Diesel,BS6,2523,12,2,REG19,23/05/2022,5/23/2022
REG101739,19-02-2020,2020,Kerala,Kozhikode (KL-11),HCV,Tanker,Eicher,CNG,BS4,0,1,4,REG19,19/02/2020,2/19/2020
REG101740,11/4/2018,2018,Madhya Pradesh,Gwalior (MP-07),2W,Motorcycle,Bajaj,CNG,BS4,150,2,6,REG19,11/4/2018,11/4/2018
REG101741,2/3/2022,2022,Delhi,Delhi East (DL-02),2W,Motorcycle,KTM,Petrol,BS6,150,2,2,REG19,2/3/2022,2/3/2022
REG101742,31-08-2019,2019,Rajasthan,Kota (RJ-20),LCV,Pickup Van,Mahindra,CNG,BS4,0,9,5,REG19,31/08/2019,8/31/2019
REG101743,19-04-2019,2019,Tamil Nadu,Madurai (TN-58),2W,Motorcycle,Suzuki,Petrol,BS4,110,2,5,REG19,19/04/2019,4/19/2019
REG101744,12/10/2023,2023,Tamil Nadu,Salem (TN-30),2W,Motorcycle,TVS,Petrol,BS6,400,2,1,REG19,12/10/2023,12/10/2023
REG101745,21-04-2022,2022,Punjab,Patiala (PB-11),OTH,Crane,TAFE,Diesel,BS6,6700,45,2,REG19,21/04/2022,4/21/2022
REG101746,11/1/2021,2021,Tamil Nadu,Trichy (TN-45),LCV,Pickup Van,Ashok Leyland,Diesel,BS6,2956,12,3,REG19,11/1/2021,11/1/2021
REG101747,6/3/2019,2019,Gujarat,Rajkot (GJ-03),4W,MUV,Hyundai,CNG,BS4,800,6,5,REG19,6/3/2019,6/3/2019
REG101748,25-10-2021,2021,Kerala,Kollam (KL-02),HCV,Truck,Eicher,Diesel,BS6,4998,1,3,REG19,25/10/2021,10/25/2021
REG101749,6/11/2024,2024,Telangana,Warangal (TS-03),4W,Sedan,Tata Motors,Petrol,BS6,0,5,0,REG19,6/11/2024,6/11/2024
REG101750,20-06-2019,2019,Delhi,Delhi South (DL-09),4W,SUV,Renault,Diesel,BS4,0,6,5,REG19,20/06/2019,6/20/2019
REG101751,23-09-2023,2023,Tamil Nadu,Chennai Central (TN-01),2W,Motorcycle,TVS,Petrol,BS6,125,2,1,REG19,23/09/2023,9/23/2023
REG101752,24-08-2023,2023,Punjab,Jalandhar (PB-08),2W,Moped,Ather,Petrol,BS6,125,2,1,REG19,24/08/2023,8/24/2023
REG101753,14-01-2023,2023,Madhya Pradesh,Gwalior (MP-07),OTH,Crane,Mahindra,Diesel,BS4,3760,1,1,REG19,14/01/2023,1/14/2023
REG101754,4/9/2019,2019,Karnataka,Hubli (KA-25),2W,Moped,Ola Electric,Petrol,BS4,110,2,5,REG19,4/9/2019,4/9/2019
REG101755,10/6/2023,2023,West Bengal,Asansol (WB-39),4W,Hatchback,Skoda,Petrol,BS6,1968,5,1,REG19,10/6/2023,10/6/2023
REG101756,4/11/2022,2022,Telangana,Nizamabad (TS-05),4W,SUV,Tata Motors,Petrol,BS6,0,8,2,REG19,4/11/2022,4/11/2022
REG101757,14-09-2023,2023,Gujarat,Rajkot (GJ-03),3W,Auto Rickshaw,Piaggio,CNG,BS6,200,6,1,REG19,14/09/2023,9/14/2023
REG101758,2/1/2018,2018,Uttar Pradesh,Varanasi (UP-65),2W,Scooter,KTM,Petrol,BS4,160,2,6,REG19,2/1/2018,2/1/2018
REG101759,29-09-2023,2023,Delhi,Delhi North (DL-04),2W,Scooter,Honda,Petrol,BS6,125,2,1,REG19,29/09/2023,9/29/2023
REG101760,27-04-2023,2023,Uttar Pradesh,Varanasi (UP-65),4W,Sedan,Honda,Petrol,BS6,1598,7,1,REG19,27/04/2023,4/27/2023
REG101761,21-01-2023,2023,Madhya Pradesh,Bhopal (MP-04),2W,Motorcycle,Ola Electric,Petrol,BS6,350,2,1,REG19,21/01/2023,1/21/2023
REG101762,1/7/2022,2022,Maharashtra,Nashik (MH-15),2W,Scooter,Ola Electric,EV,BS6,0,2,2,REG19,1/7/2022,1/7/2022
REG101763,20-07-2023,2023,Punjab,Patiala (PB-11),2W,Motorcycle,Hero,Petrol,BS6,160,2,1,REG19,20/07/2023,7/20/2023
REG101764,26-11-2023,2023,Telangana,Hyderabad (TS-09),LCV,Light Bus,Tata Motors,Diesel,BS6,2956,15,1,REG19,26/11/2023,11/26/2023
REG101765,7/4/2021,2021,West Bengal,Siliguri (WB-73),LCV,Mini Truck,Eicher,Diesel,BS4,2523,12,3,REG19,7/4/2021,7/4/2021
REG101766,1/6/2021,2021,Gujarat,Surat (GJ-05),2W,Motorcycle,TVS,CNG,BS6,125,2,3,REG19,1/6/2021,1/6/2021
REG101767,2/8/2020,2020,Telangana,Khammam (TS-07),4W,SUV,Honda,Petrol,BS6,1197,7,4,REG19,2/8/2020,2/8/2020
REG101768,21-01-2020,2020,Kerala,Kollam (KL-02),2W,Motorcycle,Royal Enfield,Hybrid,BS6,250,2,4,REG19,21/01/2020,1/21/2020
REG101769,11/12/2020,2020,Gujarat,Rajkot (GJ-03),2W,Scooter,Royal Enfield,Petrol,BS6,200,2,4,REG19,11/12/2020,11/12/2020
REG101770,29-08-2018,2018,Rajasthan,Ajmer (RJ-01),4W,SUV,Mahindra,Hybrid,BS4,1968,7,6,REG19,29/08/2018,8/29/2018
REG101771,26-04-2022,2022,Uttar Pradesh,Agra (UP-80),LCV,Light Bus,Eicher,Diesel,BS6,2523,12,2,REG19,26/04/2022,4/26/2022
REG101772,27-08-2023,2023,Delhi,Delhi South (DL-09),4W,Sedan,Kia,Diesel,BS6,800,7,1,REG19,27/08/2023,8/27/2023
REG101773,16-04-2020,2020,Maharashtra,Nagpur (MH-31),4W,Hatchback,Kia,Petrol,BS6,1598,6,4,REG19,16/04/2020,4/16/2020
REG101774,22-02-2020,2020,Telangana,Nizamabad (TS-05),4W,Hatchback,Honda,Hybrid,BS6,1000,5,4,REG19,22/02/2020,2/22/2020
REG101775,12/4/2022,2022,Kerala,Kollam (KL-02),3W,E-Rickshaw,Kinetic Green,CNG,BS6,225,7,2,REG19,12/4/2022,12/4/2022
REG101776,21-01-2021,2021,Karnataka,Mysore (KA-09),3W,Auto Rickshaw,Mahindra,EV,BS6,0,3,3,REG19,21/01/2021,1/21/2021
REG101777,28-07-2019,2019,Kerala,Thiruvananthapuram (KL-01),HCV,Tanker,Volvo,Diesel,BS4,0,52,5,REG19,28/07/2019,7/28/2019
REG101778,1/8/2022,2022,Maharashtra,Mumbai Central (MH-01),HCV,Bus,Tata Motors,Diesel,BS6,3760,52,2,REG19,1/8/2022,1/8/2022
REG101779,23-11-2021,2021,Tamil Nadu,Trichy (TN-45),3W,Auto Rickshaw,Piaggio,EV,BS6,0,6,3,REG19,23/11/2021,11/23/2021
REG101780,19-04-2024,2024,Kerala,Kozhikode (KL-11),4W,Hatchback,Honda,Petrol,BS6,1968,7,0,REG19,19/04/2024,4/19/2024
REG101781,27-09-2022,2022,Punjab,Amritsar (PB-02),2W,Motorcycle,Honda,Petrol,BS6,0,2,2,REG19,27/09/2022,9/27/2022
REG101782,14-01-2022,2022,Gujarat,Ahmedabad (GJ-01),4W,Sedan,Mahindra,Diesel,BS6,1197,8,2,REG19,14/01/2022,1/14/2022
REG101783,7/2/2022,2022,Delhi,Delhi East (DL-02),4W,Sedan,Mahindra,CNG,BS6,1462,8,2,REG19,7/2/2022,7/2/2022
REG101784,30-05-2024,2024,Gujarat,Vadodara (GJ-06),2W,Motorcycle,Honda,Petrol,BS6,125,2,0,REG19,30/05/2024,5/30/2024
REG101785,22-06-2023,2023,Telangana,Khammam (TS-07),2W,Moped,Hero,Petrol,BS4,150,2,1,REG19,22/06/2023,6/22/2023
REG101786,7/3/2023,2023,West Bengal,Siliguri (WB-73),2W,Moped,Hero,EV,BS6,0,2,1,REG19,7/3/2023,7/3/2023
REG101787,8/11/2021,2021,Maharashtra,Mumbai Central (MH-01),HCV,Truck,Eicher,Diesel,BS6,3760,1,3,REG19,8/11/2021,8/11/2021
REG101788,21-04-2020,2020,Uttar Pradesh,Kanpur (UP-78),4W,Hatchback,Toyota,Hybrid,BS6,1498,7,4,REG19,21/04/2020,4/21/2020
REG101789,6/9/2019,2019,Rajasthan,Jaipur (RJ-14),4W,Sedan,Honda,CNG,BS4,1968,6,5,REG19,6/9/2019,6/9/2019
REG101790,3/5/2024,2024,Punjab,Ludhiana (PB-10),OTH,Crane,John Deere,Petrol,BS6,5660,52,0,REG19,3/5/2024,3/5/2024
REG101791,8/10/2020,2020,Maharashtra,Aurangabad (MH-20),OTH,Tractor,John Deere,Diesel,BS4,0,2,4,REG19,8/10/2020,8/10/2020
REG101792,22-02-2023,2023,Uttar Pradesh,Lucknow (UP-32),2W,Moped,Yamaha,EV,BS6,0,2,1,REG19,22/02/2023,2/22/2023
REG101793,28-12-2024,2024,West Bengal,Kolkata (WB-01),4W,Hatchback,Renault,Diesel,BS6,1000,7,0,REG19,28/12/2024,12/28/2024
REG101794,26-07-2022,2022,Gujarat,Gandhinagar (GJ-18),2W,Motorcycle,KTM,Petrol,BS6,0,2,2,REG19,26/07/2022,7/26/2022
REG101795,3/12/2023,2023,Kerala,Kollam (KL-02),4W,MUV,Skoda,CNG,BS4,1498,8,1,REG19,3/12/2023,3/12/2023
REG101796,8/5/2021,2021,Karnataka,Belgaum (KA-22),2W,Moped,Yamaha,EV,BS6,0,2,3,REG19,8/5/2021,8/5/2021
REG101797,31-03-2022,2022,Rajasthan,Ajmer (RJ-01),2W,Motorcycle,Ather,Petrol,BS6,150,2,2,REG19,31/03/2022,3/31/2022
REG101798,25-07-2020,2020,Karnataka,Mysore (KA-09),LCV,Mini Truck,Ashok Leyland,EV,BS6,0,12,4,REG19,25/07/2020,7/25/2020
REG101799,2/8/2023,2023,Punjab,Chandigarh (CH-01),OTH,Crane,TAFE,Diesel,BS6,3760,45,1,REG19,2/8/2023,2/8/2023
REG101800,10/12/2022,2022,Tamil Nadu,Coimbatore (TN-37),2W,Moped,Bajaj,EV,BS6,0,2,2,REG19,10/12/2022,10/12/2022
REG101801,9/1/2024,2024,Rajasthan,Jodhpur (RJ-19),LCV,Light Bus,Mahindra,CNG,BS6,3298,9,0,REG19,9/1/2024,9/1/2024
REG101802,24-06-2022,2022,Rajasthan,Udaipur (RJ-27),LCV,Mini Truck,Mahindra,CNG,BS6,2523,15,2,REG19,24/06/2022,6/24/2022
REG101803,16-05-2020,2020,Tamil Nadu,Salem (TN-30),4W,SUV,Renault,EV,BS6,0,8,4,REG19,16/05/2020,5/16/2020
REG101804,7/8/2018,2018,Punjab,Jalandhar (PB-08),2W,Moped,Honda,Petrol,BS4,110,2,6,REG19,7/8/2018,7/8/2018
REG101805,2/3/2024,2024,Madhya Pradesh,Indore (MP-09),4W,SUV,Skoda,Diesel,BS6,1498,6,0,REG19,2/3/2024,2/3/2024
REG101806,20-05-2021,2021,Gujarat,Rajkot (GJ-03),4W,Sedan,Skoda,Hybrid,BS6,800,5,3,REG19,20/05/2021,5/20/2021
REG101807,3/11/2024,2024,Tamil Nadu,Salem (TN-30),4W,Hatchback,Maruti Suzuki,EV,BS6,0,8,0,REG19,3/11/2024,3/11/2024
REG101808,9/4/2019,2019,Karnataka,Bangalore Central (KA-01),2W,Scooter,Ather,Petrol,BS4,0,2,5,REG19,9/4/2019,9/4/2019
REG101809,23-05-2018,2018,Rajasthan,Jaipur (RJ-14),2W,Motorcycle,Suzuki,EV,BS4,0,2,6,REG19,23/05/2018,5/23/2018
REG101810,1/4/2022,2022,Gujarat,Gandhinagar (GJ-18),2W,Moped,Yamaha,Petrol,BS4,400,2,2,REG19,1/4/2022,1/4/2022
REG101811,23-04-2018,2018,Delhi,Delhi South (DL-09),HCV,Tanker,MAN,Diesel,BS4,5660,32,6,REG19,23/04/2018,4/23/2018
REG101812,17-08-2020,2020,Maharashtra,Nashik (MH-15),2W,Moped,Royal Enfield,Petrol,BS4,125,2,4,REG19,17/08/2020,8/17/2020
REG101813,12/10/2019,2019,Kerala,Thrissur (KL-08),4W,MUV,Tata Motors,CNG,BS4,1000,8,5,REG19,12/10/2019,12/10/2019
REG101814,4/2/2023,2023,Kerala,Thrissur (KL-08),HCV,Truck,Ashok Leyland,Diesel,BS6,5660,1,1,REG19,4/2/2023,4/2/2023
REG101815,28-04-2020,2020,Uttar Pradesh,Allahabad (UP-70),4W,SUV,Hyundai,Petrol,BS6,1000,6,4,REG19,28/04/2020,4/28/2020
REG101816,25-02-2024,2024,Rajasthan,Kota (RJ-20),4W,Sedan,Mahindra,Diesel,BS6,2179,5,0,REG19,25/02/2024,2/25/2024
REG101817,14-07-2022,2022,West Bengal,Kolkata (WB-01),2W,Motorcycle,Honda,Petrol,BS6,110,2,2,REG19,14/07/2022,7/14/2022
REG101818,21-10-2022,2022,Delhi,Delhi North (DL-04),2W,Moped,Yamaha,Petrol,BS6,200,2,2,REG19,21/10/2022,10/21/2022
REG101819,16-05-2022,2022,Uttar Pradesh,Lucknow (UP-32),2W,Scooter,Honda,CNG,BS6,0,2,2,REG19,16/05/2022,5/16/2022
REG101820,18-09-2024,2024,Maharashtra,Pune (MH-12),LCV,Pickup Van,Tata Motors,Diesel,BS6,2523,9,0,REG19,18/09/2024,9/18/2024
REG101821,22-02-2020,2020,Uttar Pradesh,Agra (UP-80),2W,Motorcycle,Bajaj,EV,BS6,0,2,4,REG19,22/02/2020,2/22/2020
REG101822,20-09-2023,2023,West Bengal,Asansol (WB-39),2W,Motorcycle,KTM,CNG,BS6,125,2,1,REG19,20/09/2023,9/20/2023
REG101823,1/10/2024,2024,Tamil Nadu,Chennai Central (TN-01),2W,Motorcycle,Honda,EV,BS6,0,2,0,REG19,1/10/2024,1/10/2024
REG101824,9/9/2022,2022,Karnataka,Mysore (KA-09),2W,Scooter,TVS,EV,BS6,0,2,2,REG19,9/9/2022,9/9/2022
REG101825,31-03-2024,2024,West Bengal,Howrah (WB-13),4W,Sedan,Renault,Petrol,BS6,0,7,0,REG19,31/03/2024,3/31/2024
REG101826,29-10-2018,2018,Uttar Pradesh,Lucknow (UP-32),2W,Moped,KTM,CNG,BS4,400,2,6,REG19,29/10/2018,10/29/2018
REG101827,12/9/2023,2023,Kerala,Thrissur (KL-08),2W,Motorcycle,KTM,EV,BS6,0,2,1,REG19,12/9/2023,12/9/2023
REG101828,4/10/2023,2023,Uttar Pradesh,Allahabad (UP-70),4W,Sedan,Maruti Suzuki,Diesel,BS6,1197,5,1,REG19,4/10/2023,4/10/2023
REG101829,21-07-2023,2023,Madhya Pradesh,Indore (MP-09),2W,Moped,Yamaha,Petrol,BS6,200,2,1,REG19,21/07/2023,7/21/2023
REG101830,18-03-2021,2021,Maharashtra,Nagpur (MH-31),4W,MUV,Hyundai,EV,BS6,0,6,3,REG19,18/03/2021,3/18/2021
REG101831,13-10-2023,2023,Karnataka,Belgaum (KA-22),2W,Moped,Suzuki,EV,BS6,0,2,1,REG19,13/10/2023,10/13/2023
REG101832,9/1/2021,2021,Telangana,Nizamabad (TS-05),2W,Moped,Ola Electric,EV,BS6,0,2,3,REG19,9/1/2021,9/1/2021
REG101833,5/10/2023,2023,Tamil Nadu,Chennai Central (TN-01),LCV,Mini Truck,Eicher,CNG,BS6,0,15,1,REG19,5/10/2023,5/10/2023
REG101834,22-06-2021,2021,Punjab,Amritsar (PB-02),3W,E-Rickshaw,Kinetic Green,CNG,BS6,200,7,3,REG19,22/06/2021,6/22/2021
REG101835,19-01-2022,2022,Karnataka,Hubli (KA-25),2W,Moped,Ather,EV,BS6,0,2,2,REG19,19/01/2022,1/19/2022
REG101836,11/4/2022,2022,Karnataka,Hubli (KA-25),HCV,Bus,Eicher,Diesel,BS6,0,2,2,REG19,11/4/2022,11/4/2022
REG101837,6/12/2019,2019,Maharashtra,Aurangabad (MH-20),3W,E-Rickshaw,Bajaj,EV,BS4,0,6,5,REG19,6/12/2019,6/12/2019
REG101838,16-09-2022,2022,Punjab,Patiala (PB-11),3W,Tempo,Piaggio,EV,BS6,0,7,2,REG19,16/09/2022,9/16/2022
REG101839,25-11-2024,2024,Tamil Nadu,Coimbatore (TN-37),2W,Moped,Bajaj,EV,BS6,0,2,0,REG19,25/11/2024,11/25/2024
REG101840,8/7/2023,2023,Rajasthan,Ajmer (RJ-01),2W,Moped,TVS,CNG,BS6,100,2,1,REG19,8/7/2023,8/7/2023
REG101841,13-11-2024,2024,Kerala,Kozhikode (KL-11),LCV,Light Bus,Ashok Leyland,EV,BS6,0,15,0,REG19,13/11/2024,11/13/2024
REG101842,1/4/2021,2021,West Bengal,Asansol (WB-39),2W,Moped,Honda,Petrol,BS6,200,2,3,REG19,1/4/2021,1/4/2021
REG101843,13-03-2022,2022,Rajasthan,Kota (RJ-20),2W,Moped,Suzuki,EV,BS6,0,2,2,REG19,13/03/2022,3/13/2022
REG101844,18-05-2022,2022,Punjab,Amritsar (PB-02),2W,Motorcycle,TVS,CNG,BS6,250,2,2,REG19,18/05/2022,5/18/2022
REG101845,16-12-2020,2020,Delhi,Delhi East (DL-02),4W,Hatchback,Toyota,Diesel,BS6,1598,6,4,REG19,16/12/2020,12/16/2020
REG101846,29-03-2021,2021,Telangana,Nizamabad (TS-05),4W,MUV,Tata Motors,Diesel,BS6,1968,6,3,REG19,29/03/2021,3/29/2021
REG101847,24-02-2020,2020,Kerala,Kochi (KL-07),2W,Moped,Yamaha,Petrol,BS6,400,2,4,REG19,24/02/2020,2/24/2020
REG101848,14-10-2021,2021,Kerala,Thrissur (KL-08),2W,Motorcycle,KTM,EV,BS6,0,2,3,REG19,14/10/2021,10/14/2021
REG101849,5/6/2020,2020,Maharashtra,Aurangabad (MH-20),2W,Scooter,Royal Enfield,Petrol,BS6,0,2,4,REG19,5/6/2020,5/6/2020
REG101850,25-01-2022,2022,Karnataka,Belgaum (KA-22),4W,Hatchback,Hyundai,Diesel,BS6,1462,7,2,REG19,25/01/2022,1/25/2022
REG101851,15-02-2020,2020,Punjab,Ludhiana (PB-10),2W,Motorcycle,Honda,Petrol,BS6,200,2,4,REG19,15/02/2020,2/15/2020
REG101852,6/7/2020,2020,Gujarat,Rajkot (GJ-03),2W,Scooter,Bajaj,Petrol,BS6,0,2,4,REG19,6/7/2020,6/7/2020
REG101853,12/6/2023,2023,Delhi,Delhi North (DL-04),3W,Tempo,Bajaj,CNG,BS6,200,3,1,REG19,12/6/2023,12/6/2023
REG101854,14-02-2023,2023,Punjab,Amritsar (PB-02),HCV,Bus,MAN,Diesel,BS6,3760,32,1,REG19,14/02/2023,2/14/2023
REG101855,15-10-2022,2022,Tamil Nadu,Salem (TN-30),2W,Moped,Honda,CNG,BS6,100,2,2,REG19,15/10/2022,10/15/2022
REG101856,27-09-2019,2019,Punjab,Ludhiana (PB-10),4W,Hatchback,Kia,Diesel,BS4,0,7,5,REG19,27/09/2019,9/27/2019
REG101857,16-06-2022,2022,Uttar Pradesh,Kanpur (UP-78),LCV,Pickup Van,Eicher,EV,BS6,0,12,2,REG19,16/06/2022,6/16/2022
REG101858,22-06-2023,2023,Telangana,Karimnagar (TS-01),2W,Motorcycle,TVS,EV,BS6,0,2,1,REG19,22/06/2023,6/22/2023
REG101859,28-05-2023,2023,Telangana,Nizamabad (TS-05),4W,MUV,Toyota,Diesel,BS6,1197,6,1,REG19,28/05/2023,5/28/2023
REG101860,10/3/2024,2024,Gujarat,Gandhinagar (GJ-18),HCV,Truck,MAN,Diesel,BS6,3760,1,0,REG19,10/3/2024,10/3/2024
REG101861,7/2/2023,2023,Maharashtra,Pune (MH-12),4W,SUV,Mahindra,CNG,BS6,1462,6,1,REG19,7/2/2023,7/2/2023
REG101862,4/9/2018,2018,Madhya Pradesh,Bhopal (MP-04),4W,SUV,Hyundai,Petrol,BS4,800,6,6,REG19,4/9/2018,4/9/2018
REG101863,26-09-2021,2021,Madhya Pradesh,Jabalpur (MP-20),4W,Sedan,Hyundai,Petrol,BS6,1968,8,3,REG19,26/09/2021,9/26/2021
REG101864,23-04-2024,2024,Punjab,Patiala (PB-11),OTH,Crane,TAFE,Diesel,BS6,6700,45,0,REG19,23/04/2024,4/23/2024
REG101865,7/7/2023,2023,Madhya Pradesh,Jabalpur (MP-20),4W,SUV,Honda,Petrol,BS6,0,6,1,REG19,7/7/2023,7/7/2023
REG101866,29-12-2023,2023,Rajasthan,Kota (RJ-20),2W,Motorcycle,Ather,Petrol,BS6,400,2,1,REG19,29/12/2023,12/29/2023
REG101867,4/1/2022,2022,Karnataka,Mysore (KA-09),2W,Motorcycle,TVS,Petrol,BS6,160,2,2,REG19,4/1/2022,4/1/2022
REG101868,15-05-2022,2022,Punjab,Chandigarh (CH-01),2W,Moped,Hero,Petrol,BS6,350,2,2,REG19,15/05/2022,5/15/2022
REG101869,30-08-2022,2022,Tamil Nadu,Coimbatore (TN-37),4W,MUV,Toyota,Petrol,BS4,1968,5,2,REG19,30/08/2022,8/30/2022
REG101870,5/7/2022,2022,Madhya Pradesh,Jabalpur (MP-20),2W,Motorcycle,Yamaha,EV,BS6,0,2,2,REG19,5/7/2022,5/7/2022
REG101871,13-03-2024,2024,Madhya Pradesh,Gwalior (MP-07),3W,E-Rickshaw,Piaggio,EV,BS6,0,7,0,REG19,13/03/2024,3/13/2024
REG101872,28-01-2023,2023,Madhya Pradesh,Jabalpur (MP-20),2W,Moped,Ather,Petrol,BS6,400,2,1,REG19,28/01/2023,1/28/2023
REG101873,12/4/2022,2022,Tamil Nadu,Salem (TN-30),HCV,Tanker,Ashok Leyland,Diesel,BS6,6700,2,2,REG19,12/4/2022,12/4/2022
REG101874,17-10-2020,2020,Punjab,Patiala (PB-11),HCV,Truck,Volvo,Diesel,BS6,0,2,4,REG19,17/10/2020,10/17/2020
REG101875,8/2/2023,2023,Kerala,Thrissur (KL-08),LCV,Mini Truck,Force Motors,Diesel,BS6,3298,9,1,REG19,8/2/2023,8/2/2023
REG101876,23-10-2021,2021,Telangana,Khammam (TS-07),2W,Motorcycle,Yamaha,EV,BS6,0,2,3,REG19,23/10/2021,10/23/2021
REG101877,27-11-2019,2019,Delhi,Delhi West (DL-08),4W,SUV,Kia,Diesel,BS6,2179,8,5,REG19,27/11/2019,11/27/2019
REG101878,10/5/2022,2022,Delhi,Delhi East (DL-02),4W,SUV,Mahindra,Petrol,BS6,2179,5,2,REG19,10/5/2022,10/5/2022
REG101879,5/2/2022,2022,Tamil Nadu,Salem (TN-30),4W,MUV,Maruti Suzuki,Petrol,BS6,1197,5,2,REG19,5/2/2022,5/2/2022
REG101880,9/9/2023,2023,Rajasthan,Jodhpur (RJ-19),4W,MUV,Renault,Diesel,BS6,1598,6,1,REG19,9/9/2023,9/9/2023
REG101881,20-02-2018,2018,Punjab,Patiala (PB-11),HCV,Bus,Ashok Leyland,Diesel,BS4,4998,32,6,REG19,20/02/2018,2/20/2018
REG101882,8/9/2021,2021,Uttar Pradesh,Lucknow (UP-32),4W,Sedan,Maruti Suzuki,Petrol,BS6,2179,8,3,REG19,8/9/2021,8/9/2021
REG101883,30-09-2020,2020,Rajasthan,Jodhpur (RJ-19),4W,SUV,Renault,Diesel,BS6,1968,5,4,REG19,30/09/2020,9/30/2020
REG101884,21-10-2023,2023,Maharashtra,Pune (MH-12),2W,Scooter,Bajaj,Petrol,BS6,200,2,1,REG19,21/10/2023,10/21/2023
REG101885,12/1/2022,2022,Karnataka,Mangalore (KA-19),2W,Motorcycle,Bajaj,CNG,BS6,125,2,2,REG19,12/1/2022,12/1/2022
REG101886,17-02-2021,2021,Madhya Pradesh,Ujjain (MP-13),2W,Moped,Ola Electric,Hybrid,BS6,160,2,3,REG19,17/02/2021,2/17/2021
REG101887,3/1/2018,2018,Delhi,Delhi North (DL-04),2W,Moped,Ather,Petrol,BS4,0,2,6,REG19,3/1/2018,3/1/2018
REG101888,16-03-2019,2019,Uttar Pradesh,Varanasi (UP-65),2W,Moped,Ola Electric,EV,BS4,0,2,5,REG19,16/03/2019,3/16/2019
REG101889,25-12-2019,2019,Maharashtra,Pune (MH-12),4W,Hatchback,Mahindra,Petrol,BS4,2179,8,5,REG19,25/12/2019,12/25/2019
REG101890,23-02-2019,2019,West Bengal,Howrah (WB-13),2W,Moped,Honda,Petrol,BS4,125,2,5,REG19,23/02/2019,2/23/2019
REG101891,5/12/2019,2019,Tamil Nadu,Chennai Central (TN-01),2W,Moped,Hero,EV,BS4,0,2,5,REG19,5/12/2019,5/12/2019
REG101892,9/8/2021,2021,West Bengal,Howrah (WB-13),2W,Moped,Bajaj,Petrol,BS6,250,2,3,REG19,9/8/2021,9/8/2021
REG101893,23-09-2024,2024,Rajasthan,Jodhpur (RJ-19),4W,Sedan,MG,EV,BS6,0,6,0,REG19,23/09/2024,9/23/2024
REG101894,26-09-2023,2023,Gujarat,Surat (GJ-05),2W,Scooter,Hero,EV,BS6,0,2,1,REG19,26/09/2023,9/26/2023
REG101895,7/3/2022,2022,Rajasthan,Jaipur (RJ-14),4W,SUV,Tata Motors,Petrol,BS6,800,6,2,REG19,7/3/2022,7/3/2022
REG101896,2/12/2023,2023,Kerala,Kozhikode (KL-11),OTH,Crane,Sonalika,Diesel,BS6,3760,2,1,REG19,2/12/2023,2/12/2023
REG101897,19-02-2023,2023,Kerala,Kollam (KL-02),4W,Sedan,Skoda,Diesel,BS4,1462,8,1,REG19,19/02/2023,2/19/2023
REG101898,18-07-2021,2021,Karnataka,Mysore (KA-09),2W,Scooter,Yamaha,EV,BS6,0,2,3,REG19,18/07/2021,7/18/2021
REG101899,14-03-2023,2023,Tamil Nadu,Coimbatore (TN-37),LCV,Pickup Van,Tata Motors,EV,BS6,0,9,1,REG19,14/03/2023,3/14/2023
REG101900,31-01-2022,2022,Uttar Pradesh,Lucknow (UP-32),2W,Motorcycle,KTM,Petrol,BS6,125,2,2,REG19,31/01/2022,1/31/2022
REG101901,12/1/2022,2022,Punjab,Patiala (PB-11),2W,Moped,Honda,EV,BS6,0,2,2,REG19,12/1/2022,12/1/2022
REG101902,24-06-2024,2024,Delhi,Delhi East (DL-02),2W,Scooter,Ather,EV,BS6,0,2,0,REG19,24/06/2024,6/24/2024
REG101903,17-01-2023,2023,Gujarat,Surat (GJ-05),4W,Hatchback,Mahindra,EV,BS6,0,5,1,REG19,17/01/2023,1/17/2023
REG101904,19-08-2024,2024,Karnataka,Bangalore Central (KA-01),4W,MUV,MG,CNG,BS6,1598,8,0,REG19,19/08/2024,8/19/2024
REG101905,10/7/2023,2023,Gujarat,Gandhinagar (GJ-18),2W,Scooter,Ola Electric,CNG,BS6,160,2,1,REG19,10/7/2023,10/7/2023
REG101906,25-08-2019,2019,Uttar Pradesh,Kanpur (UP-78),HCV,Trailer,BharatBenz,Diesel,BS4,6700,1,5,REG19,25/08/2019,8/25/2019
REG101907,31-07-2018,2018,Karnataka,Bangalore Central (KA-01),4W,Hatchback,Renault,Petrol,BS4,0,6,6,REG19,31/07/2018,7/31/2018
REG101908,6/10/2022,2022,Karnataka,Mangalore (KA-19),2W,Motorcycle,KTM,Petrol,BS6,100,2,2,REG19,6/10/2022,6/10/2022
REG101909,25-02-2020,2020,Telangana,Hyderabad (TS-09),4W,SUV,MG,Petrol,BS6,1598,5,4,REG19,25/02/2020,2/25/2020
REG101910,25-08-2019,2019,West Bengal,Kolkata (WB-01),2W,Motorcycle,Suzuki,EV,BS4,0,2,5,REG19,25/08/2019,8/25/2019
REG101911,2/6/2024,2024,Rajasthan,Jaipur (RJ-14),HCV,Trailer,Volvo,Diesel,BS6,4998,45,0,REG19,2/6/2024,2/6/2024
REG101912,30-09-2022,2022,Tamil Nadu,Chennai Central (TN-01),4W,Hatchback,Maruti Suzuki,CNG,BS6,0,7,2,REG19,30/09/2022,9/30/2022
REG101913,3/1/2020,2020,West Bengal,Siliguri (WB-73),4W,SUV,MG,Petrol,BS6,1598,6,4,REG19,3/1/2020,3/1/2020
REG101914,12/8/2023,2023,Madhya Pradesh,Indore (MP-09),4W,Sedan,MG,Petrol,BS6,1197,5,1,REG19,12/8/2023,12/8/2023
REG101915,17-01-2024,2024,Rajasthan,Ajmer (RJ-01),2W,Motorcycle,TVS,CNG,BS6,100,2,0,REG19,17/01/2024,1/17/2024
REG101916,4/2/2023,2023,Gujarat,Rajkot (GJ-03),2W,Motorcycle,Royal Enfield,Petrol,BS6,110,2,1,REG19,4/2/2023,4/2/2023
REG101917,2/12/2018,2018,Maharashtra,Nashik (MH-15),4W,MUV,Hyundai,Petrol,BS3,1498,6,6,REG19,2/12/2018,2/12/2018
REG101918,20-11-2023,2023,Telangana,Khammam (TS-07),2W,Moped,Ola Electric,Hybrid,BS6,160,2,1,REG19,20/11/2023,11/20/2023
REG101919,11/5/2023,2023,Punjab,Chandigarh (CH-01),2W,Moped,Honda,Petrol,BS6,0,2,1,REG19,11/5/2023,11/5/2023
REG101920,22-07-2023,2023,Punjab,Patiala (PB-11),2W,Moped,Royal Enfield,EV,BS6,0,2,1,REG19,22/07/2023,7/22/2023
REG101921,3/3/2022,2022,Telangana,Karimnagar (TS-01),4W,Hatchback,Mahindra,Diesel,BS6,1968,8,2,REG19,3/3/2022,3/3/2022
REG101922,20-04-2024,2024,Punjab,Patiala (PB-11),4W,Hatchback,Honda,Diesel,BS6,2179,7,0,REG19,20/04/2024,4/20/2024
REG101923,15-06-2023,2023,Maharashtra,Nashik (MH-15),3W,E-Rickshaw,Piaggio,CNG,BS6,0,3,1,REG19,15/06/2023,6/15/2023
REG101924,16-08-2024,2024,Delhi,Delhi South (DL-09),4W,SUV,Skoda,CNG,BS6,800,5,0,REG19,16/08/2024,8/16/2024
REG101925,20-09-2020,2020,Kerala,Kozhikode (KL-11),2W,Scooter,TVS,Petrol,BS6,350,2,4,REG19,20/09/2020,9/20/2020
REG101926,15-01-2023,2023,Telangana,Warangal (TS-03),2W,Scooter,Hero,Petrol,BS6,160,2,1,REG19,15/01/2023,1/15/2023
REG101927,11/11/2023,2023,Karnataka,Belgaum (KA-22),HCV,Truck,Ashok Leyland,Diesel,BS6,0,52,1,REG19,11/11/2023,11/11/2023
REG101928,15-08-2024,2024,Punjab,Patiala (PB-11),LCV,Light Bus,Force Motors,Diesel,BS6,2523,15,0,REG19,15/08/2024,8/15/2024
REG101929,7/10/2023,2023,Telangana,Khammam (TS-07),4W,SUV,Renault,Petrol,BS6,1968,7,1,REG19,7/10/2023,7/10/2023
REG101930,30-04-2022,2022,Gujarat,Gandhinagar (GJ-18),2W,Motorcycle,KTM,Petrol,BS6,0,2,2,REG19,30/04/2022,4/30/2022
REG101931,13-05-2019,2019,West Bengal,Asansol (WB-39),2W,Motorcycle,Ather,Petrol,BS4,400,2,5,REG19,13/05/2019,5/13/2019
REG101932,7/4/2023,2023,Maharashtra,Nashik (MH-15),3W,E-Rickshaw,Kinetic Green,CNG,BS6,0,7,1,REG19,7/4/2023,7/4/2023
REG101933,12/12/2022,2022,Karnataka,Hubli (KA-25),4W,Hatchback,Hyundai,Petrol,BS6,1498,6,2,REG19,12/12/2022,12/12/2022
REG101934,10/12/2023,2023,Punjab,Jalandhar (PB-08),4W,Sedan,MG,Hybrid,BS6,2179,5,1,REG19,10/12/2023,10/12/2023
REG101935,24-10-2024,2024,Gujarat,Ahmedabad (GJ-01),4W,Sedan,Hyundai,Petrol,BS6,1968,5,0,REG19,24/10/2024,10/24/2024
REG101936,20-12-2022,2022,Rajasthan,Udaipur (RJ-27),2W,Moped,Bajaj,Petrol,BS6,400,2,2,REG19,20/12/2022,12/20/2022
REG101937,25-10-2023,2023,Telangana,Warangal (TS-03),2W,Scooter,Yamaha,Petrol,BS6,250,2,1,REG19,25/10/2023,10/25/2023
REG101938,8/5/2021,2021,Tamil Nadu,Madurai (TN-58),4W,MUV,Kia,CNG,BS6,1498,8,3,REG19,8/5/2021,8/5/2021
REG101939,15-10-2022,2022,Maharashtra,Nagpur (MH-31),3W,E-Rickshaw,Piaggio,CNG,BS6,250,3,2,REG19,15/10/2022,10/15/2022
REG101940,27-07-2020,2020,Uttar Pradesh,Kanpur (UP-78),2W,Scooter,Ola Electric,Hybrid,BS6,160,2,4,REG19,27/07/2020,7/27/2020
REG101941,23-07-2020,2020,Telangana,Khammam (TS-07),2W,Moped,Ola Electric,Hybrid,BS6,400,2,4,REG19,23/07/2020,7/23/2020
REG101942,2/9/2024,2024,Kerala,Kollam (KL-02),2W,Motorcycle,Suzuki,Petrol,BS6,125,2,0,REG19,2/9/2024,2/9/2024
REG101943,15-02-2023,2023,Telangana,Karimnagar (TS-01),4W,Hatchback,Honda,Petrol,BS6,1498,5,1,REG19,15/02/2023,2/15/2023
REG101944,24-11-2023,2023,Delhi,Delhi Central (DL-01),4W,Sedan,Toyota,EV,BS6,0,6,1,REG19,24/11/2023,11/24/2023
REG101945,24-06-2021,2021,Kerala,Thrissur (KL-08),2W,Motorcycle,KTM,CNG,BS6,125,2,3,REG19,24/06/2021,6/24/2021
REG101946,25-12-2019,2019,Delhi,Delhi Central (DL-01),HCV,Trailer,Eicher,Diesel,BS4,3760,2,5,REG19,25/12/2019,12/25/2019
REG101947,8/8/2019,2019,Rajasthan,Kota (RJ-20),4W,MUV,Tata Motors,Petrol,BS4,1598,5,5,REG19,8/8/2019,8/8/2019
REG101948,4/9/2024,2024,Delhi,Delhi West (DL-08),2W,Moped,Suzuki,Petrol,BS6,110,2,0,REG19,4/9/2024,4/9/2024
REG101949,2/1/2024,2024,Telangana,Warangal (TS-03),4W,Hatchback,Renault,Diesel,BS6,1968,8,0,REG19,2/1/2024,2/1/2024
REG101950,26-04-2021,2021,Telangana,Warangal (TS-03),2W,Motorcycle,KTM,Petrol,BS6,200,2,3,REG19,26/04/2021,4/26/2021
REG101951,3/10/2022,2022,Punjab,Ludhiana (PB-10),HCV,Tanker,Volvo,Diesel,BS6,0,2,2,REG19,3/10/2022,3/10/2022
REG101952,15-07-2021,2021,Kerala,Kollam (KL-02),2W,Moped,Ather,EV,BS6,0,2,3,REG19,15/07/2021,7/15/2021
REG101953,26-02-2023,2023,Gujarat,Ahmedabad (GJ-01),2W,Moped,Royal Enfield,Petrol,BS6,110,2,1,REG19,26/02/2023,2/26/2023
REG101954,7/5/2023,2023,Punjab,Ludhiana (PB-10),4W,Sedan,Maruti Suzuki,EV,BS6,0,5,1,REG19,7/5/2023,7/5/2023
REG101955,2/11/2023,2023,Rajasthan,Jaipur (RJ-14),2W,Motorcycle,Suzuki,CNG,BS6,400,2,1,REG19,2/11/2023,2/11/2023
REG101956,5/3/2024,2024,Telangana,Karimnagar (TS-01),2W,Scooter,Bajaj,Petrol,BS6,110,2,0,REG19,5/3/2024,5/3/2024
REG101957,26-01-2021,2021,Telangana,Khammam (TS-07),2W,Scooter,Ola Electric,Petrol,BS6,100,2,3,REG19,26/01/2021,1/26/2021
REG101958,1/4/2024,2024,Punjab,Patiala (PB-11),2W,Motorcycle,Royal Enfield,EV,BS6,0,2,0,REG19,1/4/2024,1/4/2024
REG101959,10/8/2024,2024,Gujarat,Rajkot (GJ-03),OTH,Road Roller,John Deere,Petrol,BS6,6700,45,0,REG19,10/8/2024,10/8/2024
REG101960,11/6/2018,2018,Uttar Pradesh,Lucknow (UP-32),2W,Scooter,Royal Enfield,Petrol,BS4,250,2,6,REG19,11/6/2018,11/6/2018
REG101961,13-06-2022,2022,Rajasthan,Udaipur (RJ-27),4W,SUV,Renault,Petrol,BS6,1462,6,2,REG19,13/06/2022,6/13/2022
REG101962,14-07-2020,2020,Telangana,Khammam (TS-07),2W,Motorcycle,Bajaj,Petrol,BS6,125,2,4,REG19,14/07/2020,7/14/2020
REG101963,21-06-2019,2019,Madhya Pradesh,Indore (MP-09),4W,SUV,Kia,Petrol,BS4,1598,6,5,REG19,21/06/2019,6/21/2019
REG101964,31-05-2019,2019,Maharashtra,Mumbai Central (MH-01),4W,MUV,Tata Motors,Petrol,BS4,1197,8,5,REG19,31/05/2019,5/31/2019
REG101965,10/11/2019,2019,Uttar Pradesh,Varanasi (UP-65),4W,MUV,Kia,Diesel,BS4,1000,8,5,REG19,10/11/2019,10/11/2019
REG101966,9/5/2021,2021,Maharashtra,Mumbai Central (MH-01),2W,Scooter,Honda,Petrol,BS6,400,2,3,REG19,9/5/2021,9/5/2021
REG101967,22-09-2019,2019,Telangana,Karimnagar (TS-01),OTH,Tractor,Escorts,Diesel,BS4,6700,45,5,REG19,22/09/2019,9/22/2019
REG101968,2/7/2020,2020,Kerala,Thrissur (KL-08),OTH,Tractor,TAFE,Diesel,BS6,6700,1,4,REG19,2/7/2020,2/7/2020
REG101969,5/8/2024,2024,Gujarat,Rajkot (GJ-03),2W,Moped,Suzuki,Petrol,BS6,110,2,0,REG19,5/8/2024,5/8/2024
REG101970,2/9/2020,2020,Tamil Nadu,Chennai Central (TN-01),HCV,Truck,Ashok Leyland,Diesel,BS4,5660,2,4,REG19,2/9/2020,2/9/2020
REG101971,22-11-2022,2022,Uttar Pradesh,Agra (UP-80),4W,MUV,Renault,Petrol,BS6,1197,7,2,REG19,22/11/2022,11/22/2022
REG101972,30-04-2022,2022,Gujarat,Gandhinagar (GJ-18),2W,Motorcycle,Honda,CNG,BS6,400,2,2,REG19,30/04/2022,4/30/2022
REG101973,11/5/2023,2023,Rajasthan,Kota (RJ-20),2W,Scooter,Hero,Petrol,BS6,160,2,1,REG19,11/5/2023,11/5/2023
REG101974,9/2/2020,2020,Madhya Pradesh,Gwalior (MP-07),2W,Scooter,Yamaha,CNG,BS6,110,2,4,REG19,9/2/2020,9/2/2020
REG101975,9/9/2023,2023,Tamil Nadu,Coimbatore (TN-37),2W,Moped,KTM,Petrol,BS6,0,2,1,REG19,9/9/2023,9/9/2023
REG101976,25-11-2023,2023,Kerala,Thiruvananthapuram (KL-01),3W,E-Rickshaw,Piaggio,CNG,BS6,225,6,1,REG19,25/11/2023,11/25/2023
REG101977,1/9/2023,2023,Tamil Nadu,Chennai Central (TN-01),2W,Moped,Ather,Petrol,BS6,200,2,1,REG19,1/9/2023,1/9/2023
REG101978,22-01-2023,2023,Kerala,Thiruvananthapuram (KL-01),4W,Hatchback,Hyundai,CNG,BS6,1498,7,1,REG19,22/01/2023,1/22/2023
REG101979,16-03-2023,2023,Kerala,Kochi (KL-07),2W,Moped,Bajaj,Petrol,BS6,160,2,1,REG19,16/03/2023,3/16/2023
REG101980,21-11-2018,2018,Punjab,Ludhiana (PB-10),2W,Motorcycle,Royal Enfield,Petrol,BS4,110,2,6,REG19,21/11/2018,11/21/2018
REG101981,4/2/2022,2022,Telangana,Hyderabad (TS-09),4W,MUV,MG,Diesel,BS6,1968,7,2,REG19,4/2/2022,4/2/2022
REG101982,30-09-2021,2021,Tamil Nadu,Madurai (TN-58),2W,Moped,Yamaha,Petrol,BS6,150,2,3,REG19,30/09/2021,9/30/2021
REG101983,9/10/2020,2020,Telangana,Nizamabad (TS-05),4W,MUV,Skoda,CNG,BS4,1000,5,4,REG19,9/10/2020,9/10/2020
REG101984,20-09-2022,2022,Madhya Pradesh,Gwalior (MP-07),2W,Moped,Honda,Petrol,BS6,160,2,2,REG19,20/09/2022,9/20/2022
REG101985,20-12-2022,2022,Telangana,Karimnagar (TS-01),4W,MUV,Skoda,Diesel,BS6,800,7,2,REG19,20/12/2022,12/20/2022
REG101986,15-12-2021,2021,Rajasthan,Udaipur (RJ-27),4W,Sedan,MG,Petrol,BS6,1197,7,3,REG19,15/12/2021,12/15/2021
REG101987,30-12-2023,2023,Uttar Pradesh,Kanpur (UP-78),2W,Motorcycle,Ola Electric,EV,BS6,0,2,1,REG19,30/12/2023,12/30/2023
REG101988,24-03-2020,2020,Tamil Nadu,Madurai (TN-58),2W,Motorcycle,Ather,EV,BS6,0,2,4,REG19,24/03/2020,3/24/2020
REG101989,8/10/2024,2024,Delhi,Delhi East (DL-02),4W,Hatchback,Tata Motors,Petrol,BS6,2179,5,0,REG19,8/10/2024,8/10/2024
REG101990,30-12-2024,2024,Uttar Pradesh,Kanpur (UP-78),HCV,Bus,Ashok Leyland,Diesel,BS6,0,52,0,REG19,30/12/2024,12/30/2024
REG101991,2/1/2020,2020,Delhi,Delhi East (DL-02),2W,Motorcycle,Honda,Petrol,BS6,100,2,4,REG19,2/1/2020,2/1/2020
REG101992,18-09-2018,2018,Karnataka,Belgaum (KA-22),2W,Scooter,Suzuki,Petrol,BS4,0,2,6,REG19,18/09/2018,9/18/2018
REG101993,12/2/2019,2019,Madhya Pradesh,Ujjain (MP-13),HCV,Tanker,MAN,Diesel,BS4,5660,2,5,REG19,12/2/2019,12/2/2019
REG101994,28-05-2020,2020,Rajasthan,Udaipur (RJ-27),4W,SUV,Maruti Suzuki,Hybrid,BS6,1598,6,4,REG19,28/05/2020,5/28/2020
REG101995,9/10/2022,2022,Madhya Pradesh,Bhopal (MP-04),4W,Hatchback,MG,Petrol,BS6,1197,6,2,REG19,9/10/2022,9/10/2022
REG101996,2/1/2023,2023,Rajasthan,Kota (RJ-20),2W,Moped,Yamaha,CNG,BS6,150,2,1,REG19,2/1/2023,2/1/2023
REG101997,18-06-2021,2021,Kerala,Thiruvananthapuram (KL-01),3W,E-Rickshaw,Piaggio,CNG,BS6,0,6,3,REG19,18/06/2021,6/18/2021
REG101998,19-07-2022,2022,Karnataka,Hubli (KA-25),2W,Moped,Hero,EV,BS6,0,2,2,REG19,19/07/2022,7/19/2022
REG101999,29-12-2021,2021,Gujarat,Ahmedabad (GJ-01),2W,Moped,Suzuki,Petrol,BS6,110,2,3,REG19,29/12/2021,12/29/2021
REG102000,11/11/2021,2021,Kerala,Kochi (KL-07),OTH,Tractor,Sonalika,Diesel,BS6,0,32,3,REG19,11/11/2021,11/11/2021
REG102001,10/4/2023,2023,Punjab,Jalandhar (PB-08),2W,Moped,Hero,Petrol,BS6,250,2,1,REG19,10/4/2023,10/4/2023
REG102002,17-10-2022,2022,Uttar Pradesh,Allahabad (UP-70),2W,Moped,TVS,Petrol,BS6,0,2,2,REG19,17/10/2022,10/17/2022
REG102003,12/10/2020,2020,Uttar Pradesh,Kanpur (UP-78),2W,Scooter,Hero,EV,BS6,0,2,4,REG19,12/10/2020,12/10/2020
REG102004,9/7/2019,2019,Telangana,Khammam (TS-07),2W,Moped,KTM,EV,BS4,0,2,5,REG19,9/7/2019,9/7/2019
REG102005,20-12-2024,2024,Uttar Pradesh,Kanpur (UP-78),2W,Motorcycle,Ola Electric,EV,BS6,0,2,0,REG19,20/12/2024,12/20/2024
REG102006,2/7/2024,2024,Delhi,Delhi East (DL-02),2W,Motorcycle,TVS,EV,BS6,0,2,0,REG19,2/7/2024,2/7/2024
REG102007,11/10/2021,2021,Madhya Pradesh,Ujjain (MP-13),4W,Sedan,Honda,Petrol,BS6,800,7,3,REG19,11/10/2021,11/10/2021
REG102008,24-08-2021,2021,Tamil Nadu,Chennai Central (TN-01),4W,SUV,Toyota,Diesel,BS6,2179,8,3,REG19,24/08/2021,8/24/2021
REG102009,8/2/2021,2021,Gujarat,Ahmedabad (GJ-01),4W,Sedan,MG,Petrol,BS6,1000,6,3,REG19,8/2/2021,8/2/2021
REG102010,14-03-2021,2021,Gujarat,Ahmedabad (GJ-01),4W,MUV,Tata Motors,Diesel,BS6,2179,7,3,REG19,14/03/2021,3/14/2021
REG102011,9/3/2023,2023,Telangana,Khammam (TS-07),2W,Motorcycle,Royal Enfield,CNG,BS6,110,2,1,REG19,9/3/2023,9/3/2023
REG102012,16-09-2021,2021,Telangana,Nizamabad (TS-05),4W,SUV,MG,Petrol,BS4,1197,5,3,REG19,16/09/2021,9/16/2021
REG102013,26-01-2023,2023,Punjab,Ludhiana (PB-10),2W,Scooter,KTM,Petrol,BS6,110,2,1,REG19,26/01/2023,1/26/2023
REG102014,24-08-2021,2021,Madhya Pradesh,Jabalpur (MP-20),2W,Moped,Yamaha,Petrol,BS6,125,2,3,REG19,24/08/2021,8/24/2021
REG102015,8/11/2020,2020,Delhi,Delhi East (DL-02),2W,Scooter,TVS,EV,BS6,0,2,4,REG19,8/11/2020,8/11/2020
REG102016,4/4/2023,2023,Kerala,Kozhikode (KL-11),2W,Motorcycle,KTM,EV,BS6,0,2,1,REG19,4/4/2023,4/4/2023
REG102017,18-07-2024,2024,Kerala,Kozhikode (KL-11),4W,Sedan,Hyundai,Petrol,BS6,0,7,0,REG19,18/07/2024,7/18/2024
REG102018,16-02-2023,2023,Maharashtra,Nashik (MH-15),2W,Scooter,Ather,EV,BS6,0,2,1,REG19,16/02/2023,2/16/2023
REG102019,2/12/2024,2024,Punjab,Amritsar (PB-02),OTH,Road Roller,TAFE,Diesel,BS6,3760,32,0,REG19,2/12/2024,2/12/2024
REG102020,28-01-2024,2024,Tamil Nadu,Salem (TN-30),2W,Motorcycle,Yamaha,Petrol,BS6,0,2,0,REG19,28/01/2024,1/28/2024
REG102021,8/1/2022,2022,Tamil Nadu,Coimbatore (TN-37),2W,Scooter,Honda,EV,BS6,0,2,2,REG19,8/1/2022,8/1/2022
REG102022,15-10-2022,2022,West Bengal,Durgapur (WB-40),LCV,Light Bus,Tata Motors,Diesel,BS6,3298,15,2,REG19,15/10/2022,10/15/2022
REG102023,12/10/2022,2022,Gujarat,Surat (GJ-05),4W,Sedan,Skoda,Diesel,BS6,1462,8,2,REG19,12/10/2022,12/10/2022
REG102024,15-02-2019,2019,Rajasthan,Jodhpur (RJ-19),4W,SUV,MG,Hybrid,BS6,0,6,5,REG19,15/02/2019,2/15/2019
REG102025,19-01-2023,2023,West Bengal,Howrah (WB-13),4W,Hatchback,Mahindra,Hybrid,BS6,1498,7,1,REG19,19/01/2023,1/19/2023
REG102026,5/2/2020,2020,Maharashtra,Pune (MH-12),2W,Moped,Ola Electric,Petrol,BS6,350,2,4,REG19,5/2/2020,5/2/2020
REG102027,3/5/2020,2020,Gujarat,Surat (GJ-05),OTH,Road Roller,John Deere,Diesel,BS4,5660,2,4,REG19,3/5/2020,3/5/2020
REG102028,18-08-2018,2018,Uttar Pradesh,Allahabad (UP-70),2W,Scooter,Ather,EV,BS4,0,2,6,REG19,18/08/2018,8/18/2018
REG102029,9/4/2024,2024,Punjab,Patiala (PB-11),2W,Moped,Royal Enfield,Petrol,BS6,400,2,0,REG19,9/4/2024,9/4/2024
REG102030,26-07-2024,2024,Gujarat,Surat (GJ-05),2W,Motorcycle,Suzuki,EV,BS6,0,2,0,REG19,26/07/2024,7/26/2024
REG102031,26-01-2024,2024,Telangana,Hyderabad (TS-09),2W,Motorcycle,KTM,EV,BS6,0,2,0,REG19,26/01/2024,1/26/2024
REG102032,15-04-2024,2024,Rajasthan,Udaipur (RJ-27),4W,SUV,Hyundai,Diesel,BS6,1197,5,0,REG19,15/04/2024,4/15/2024
REG102033,25-12-2018,2018,Punjab,Chandigarh (CH-01),4W,SUV,Toyota,Petrol,BS4,1498,5,6,REG19,25/12/2018,12/25/2018
REG102034,16-09-2024,2024,Madhya Pradesh,Ujjain (MP-13),2W,Motorcycle,Honda,Petrol,BS6,250,2,0,REG19,16/09/2024,9/16/2024
REG102035,16-08-2023,2023,Karnataka,Belgaum (KA-22),OTH,Tractor,TAFE,Diesel,BS6,6700,1,1,REG19,16/08/2023,8/16/2023
REG102036,11/6/2023,2023,Madhya Pradesh,Indore (MP-09),2W,Motorcycle,Suzuki,CNG,BS6,160,2,1,REG19,11/6/2023,11/6/2023
REG102037,10/6/2019,2019,Kerala,Thiruvananthapuram (KL-01),4W,Hatchback,Hyundai,EV,BS4,0,5,5,REG19,10/6/2019,10/6/2019
REG102038,20-04-2021,2021,Maharashtra,Pune (MH-12),LCV,Light Bus,Tata Motors,Diesel,BS6,2956,12,3,REG19,20/04/2021,4/20/2021
REG102039,23-01-2018,2018,Madhya Pradesh,Ujjain (MP-13),2W,Moped,Ola Electric,Petrol,BS4,350,2,6,REG19,23/01/2018,1/23/2018
REG102040,29-12-2022,2022,Karnataka,Mangalore (KA-19),4W,Sedan,MG,CNG,BS6,1598,5,2,REG19,29/12/2022,12/29/2022
REG102041,7/1/2023,2023,Delhi,Delhi Central (DL-01),2W,Scooter,Royal Enfield,CNG,BS6,150,2,1,REG19,7/1/2023,7/1/2023
REG102042,7/8/2024,2024,Kerala,Kollam (KL-02),2W,Scooter,Yamaha,Petrol,BS6,100,2,0,REG19,7/8/2024,7/8/2024
REG102043,11/11/2022,2022,Telangana,Khammam (TS-07),4W,SUV,Hyundai,Petrol,BS6,1000,6,2,REG19,11/11/2022,11/11/2022
REG102044,5/5/2021,2021,Madhya Pradesh,Gwalior (MP-07),LCV,Light Bus,Mahindra,Diesel,BS4,3298,15,3,REG19,5/5/2021,5/5/2021
REG102045,7/9/2018,2018,Punjab,Amritsar (PB-02),2W,Scooter,Suzuki,Petrol,BS4,0,2,6,REG19,7/9/2018,7/9/2018
REG102046,31-01-2024,2024,Punjab,Chandigarh (CH-01),4W,MUV,Skoda,Diesel,BS6,1000,8,0,REG19,31/01/2024,1/31/2024
REG102047,16-05-2024,2024,Kerala,Thrissur (KL-08),3W,Auto Rickshaw,Kinetic Green,CNG,BS6,225,7,0,REG19,16/05/2024,5/16/2024
REG102048,26-04-2023,2023,Delhi,Delhi East (DL-02),4W,SUV,Kia,CNG,BS6,800,5,1,REG19,26/04/2023,4/26/2023
REG102049,21-11-2018,2018,Uttar Pradesh,Varanasi (UP-65),3W,Auto Rickshaw,TVS,CNG,BS4,250,3,6,REG19,21/11/2018,11/21/2018
REG102050,5/4/2019,2019,Karnataka,Mangalore (KA-19),2W,Scooter,Yamaha,Petrol,BS4,160,2,5,REG19,5/4/2019,5/4/2019
REG102051,21-10-2023,2023,Karnataka,Mangalore (KA-19),4W,Sedan,Skoda,Petrol,BS6,1197,6,1,REG19,21/10/2023,10/21/2023
REG102052,20-10-2023,2023,Delhi,Delhi West (DL-08),2W,Motorcycle,Honda,Petrol,BS6,100,2,1,REG19,20/10/2023,10/20/2023
REG102053,4/10/2018,2018,Madhya Pradesh,Jabalpur (MP-20),LCV,Mini Truck,Ashok Leyland,Diesel,BS3,0,15,6,REG19,4/10/2018,4/10/2018
REG102054,11/3/2021,2021,Gujarat,Surat (GJ-05),2W,Motorcycle,Honda,Petrol,BS6,0,2,3,REG19,11/3/2021,11/3/2021
REG102055,12/10/2023,2023,Maharashtra,Nagpur (MH-31),LCV,Pickup Van,Force Motors,Diesel,BS6,0,12,1,REG19,12/10/2023,12/10/2023
REG102056,22-07-2022,2022,Punjab,Ludhiana (PB-10),2W,Moped,Ola Electric,Hybrid,BS6,100,2,2,REG19,22/07/2022,7/22/2022
REG102057,30-06-2020,2020,Delhi,Delhi East (DL-02),2W,Motorcycle,Hero,CNG,BS6,400,2,4,REG19,30/06/2020,6/30/2020
REG102058,16-08-2022,2022,Tamil Nadu,Chennai Central (TN-01),2W,Scooter,Hero,CNG,BS6,110,2,2,REG19,16/08/2022,8/16/2022
REG102059,24-12-2020,2020,Karnataka,Hubli (KA-25),LCV,Mini Truck,Eicher,Diesel,BS6,2956,9,4,REG19,24/12/2020,12/24/2020
REG102060,4/3/2024,2024,Madhya Pradesh,Ujjain (MP-13),4W,Sedan,Hyundai,Diesel,BS6,0,8,0,REG19,4/3/2024,4/3/2024
REG102061,12/8/2023,2023,Kerala,Thiruvananthapuram (KL-01),4W,Hatchback,Honda,Petrol,BS6,1462,7,1,REG19,12/8/2023,12/8/2023
REG102062,27-03-2022,2022,Rajasthan,Ajmer (RJ-01),4W,SUV,Skoda,Hybrid,BS6,1000,8,2,REG19,27/03/2022,3/27/2022
REG102063,25-12-2022,2022,Telangana,Khammam (TS-07),2W,Motorcycle,Yamaha,Petrol,BS6,0,2,2,REG19,25/12/2022,12/25/2022
REG102064,3/9/2022,2022,Delhi,Delhi Central (DL-01),4W,MUV,Skoda,Petrol,BS6,1197,7,2,REG19,3/9/2022,3/9/2022
REG102065,2/9/2019,2019,Rajasthan,Kota (RJ-20),LCV,Light Bus,Tata Motors,Diesel,BS6,2956,9,5,REG19,2/9/2019,2/9/2019
REG102066,11/3/2023,2023,Maharashtra,Pune (MH-12),4W,SUV,Renault,Petrol,BS6,1197,5,1,REG19,11/3/2023,11/3/2023
REG102067,25-09-2020,2020,Gujarat,Ahmedabad (GJ-01),2W,Scooter,Royal Enfield,EV,BS6,0,2,4,REG19,25/09/2020,9/25/2020
REG102068,6/1/2023,2023,Karnataka,Mangalore (KA-19),OTH,Crane,Escorts,Diesel,BS6,4998,1,1,REG19,6/1/2023,6/1/2023
REG102069,9/3/2023,2023,Tamil Nadu,Chennai Central (TN-01),4W,Hatchback,Kia,EV,BS6,0,8,1,REG19,9/3/2023,9/3/2023
REG102070,22-01-2021,2021,West Bengal,Durgapur (WB-40),LCV,Mini Truck,Tata Motors,Diesel,BS6,2956,15,3,REG19,22/01/2021,1/22/2021
REG102071,16-12-2021,2021,Karnataka,Mangalore (KA-19),2W,Motorcycle,Suzuki,Petrol,BS6,100,2,3,REG19,16/12/2021,12/16/2021
REG102072,19-02-2021,2021,Rajasthan,Ajmer (RJ-01),2W,Scooter,KTM,EV,BS6,0,2,3,REG19,19/02/2021,2/19/2021
REG102073,15-02-2020,2020,Telangana,Warangal (TS-03),2W,Motorcycle,Hero,EV,BS6,0,2,4,REG19,15/02/2020,2/15/2020
REG102074,25-10-2024,2024,Madhya Pradesh,Bhopal (MP-04),3W,E-Rickshaw,Atul Auto,CNG,BS6,225,3,0,REG19,25/10/2024,10/25/2024
REG102075,20-07-2019,2019,Maharashtra,Nagpur (MH-31),2W,Moped,Ather,Petrol,BS4,125,2,5,REG19,20/07/2019,7/20/2019
REG102076,29-01-2022,2022,Tamil Nadu,Trichy (TN-45),2W,Motorcycle,Honda,Petrol,BS6,200,2,2,REG19,29/01/2022,1/29/2022
REG102077,15-07-2024,2024,Uttar Pradesh,Allahabad (UP-70),LCV,Pickup Van,Force Motors,Diesel,BS6,2956,15,0,REG19,15/07/2024,7/15/2024
REG102078,25-10-2021,2021,Uttar Pradesh,Kanpur (UP-78),2W,Moped,Suzuki,Petrol,BS6,160,2,3,REG19,25/10/2021,10/25/2021
REG102079,5/6/2024,2024,Gujarat,Vadodara (GJ-06),4W,MUV,Honda,Diesel,BS6,1462,6,0,REG19,5/6/2024,5/6/2024
REG102080,7/3/2020,2020,Punjab,Jalandhar (PB-08),2W,Scooter,Ola Electric,Petrol,BS6,125,2,4,REG19,7/3/2020,7/3/2020
REG102081,20-04-2024,2024,Uttar Pradesh,Kanpur (UP-78),2W,Motorcycle,Honda,Petrol,BS6,250,2,0,REG19,20/04/2024,4/20/2024
REG102082,11/12/2023,2023,Madhya Pradesh,Indore (MP-09),HCV,Trailer,MAN,Diesel,BS6,4998,1,1,REG19,11/12/2023,11/12/2023
REG102083,18-12-2023,2023,Madhya Pradesh,Ujjain (MP-13),LCV,Light Bus,Tata Motors,Diesel,BS6,2523,15,1,REG19,18/12/2023,12/18/2023
REG102084,20-10-2019,2019,Punjab,Jalandhar (PB-08),2W,Motorcycle,Royal Enfield,CNG,BS4,250,2,5,REG19,20/10/2019,10/20/2019
REG102085,24-08-2023,2023,Gujarat,Surat (GJ-05),2W,Scooter,Bajaj,Petrol,BS6,125,2,1,REG19,24/08/2023,8/24/2023
REG102086,18-01-2021,2021,Rajasthan,Jaipur (RJ-14),2W,Motorcycle,Bajaj,Petrol,BS6,150,2,3,REG19,18/01/2021,1/18/2021
REG102087,17-05-2021,2021,Karnataka,Bangalore Central (KA-01),4W,SUV,Renault,Diesel,BS6,1598,8,3,REG19,17/05/2021,5/17/2021
REG102088,28-10-2023,2023,Kerala,Thrissur (KL-08),HCV,Trailer,BharatBenz,Diesel,BS6,5660,32,1,REG19,28/10/2023,10/28/2023
REG102089,21-07-2022,2022,Delhi,Delhi West (DL-08),HCV,Tanker,Volvo,Diesel,BS6,6700,52,2,REG19,21/07/2022,7/21/2022
REG102090,10/2/2024,2024,Telangana,Karimnagar (TS-01),HCV,Truck,BharatBenz,Diesel,BS6,4998,32,0,REG19,10/2/2024,10/2/2024
REG102091,6/6/2021,2021,Gujarat,Vadodara (GJ-06),2W,Moped,Hero,EV,BS6,0,2,3,REG19,6/6/2021,6/6/2021
REG102092,22-10-2021,2021,Karnataka,Hubli (KA-25),2W,Scooter,Ola Electric,Petrol,BS6,250,2,3,REG19,22/10/2021,10/22/2021
REG102093,11/3/2018,2018,Uttar Pradesh,Agra (UP-80),LCV,Mini Truck,Tata Motors,Diesel,BS4,2956,12,6,REG19,11/3/2018,11/3/2018
REG102094,27-01-2019,2019,Kerala,Kollam (KL-02),OTH,Crane,TAFE,Diesel,BS4,5660,52,5,REG19,27/01/2019,1/27/2019
REG102095,8/6/2021,2021,Punjab,Ludhiana (PB-10),2W,Motorcycle,Suzuki,Petrol,BS6,150,2,3,REG19,8/6/2021,8/6/2021
REG102096,23-02-2023,2023,Kerala,Thiruvananthapuram (KL-01),3W,E-Rickshaw,Piaggio,EV,BS6,0,3,1,REG19,23/02/2023,2/23/2023
REG102097,10/2/2020,2020,Telangana,Hyderabad (TS-09),3W,Tempo,TVS,CNG,BS6,250,7,4,REG19,10/2/2020,10/2/2020
REG102098,2/12/2020,2020,Telangana,Karimnagar (TS-01),2W,Moped,Royal Enfield,Petrol,BS6,160,2,4,REG19,2/12/2020,2/12/2020
REG102099,30-11-2021,2021,Kerala,Kochi (KL-07),2W,Moped,KTM,Petrol,BS6,350,2,3,REG19,30/11/2021,11/30/2021
REG102100,13-01-2024,2024,Maharashtra,Mumbai Central (MH-01),3W,Tempo,Piaggio,EV,BS6,0,6,0,REG19,13/01/2024,1/13/2024
REG102101,24-07-2019,2019,Kerala,Kochi (KL-07),2W,Scooter,KTM,EV,BS4,0,2,5,REG19,24/07/2019,7/24/2019
REG102102,24-01-2024,2024,Uttar Pradesh,Kanpur (UP-78),2W,Motorcycle,Honda,Petrol,BS6,200,2,0,REG19,24/01/2024,1/24/2024
REG102103,4/12/2021,2021,Tamil Nadu,Salem (TN-30),HCV,Truck,Tata Motors,Diesel,BS6,3760,1,3,REG19,4/12/2021,4/12/2021
REG102104,6/4/2019,2019,Maharashtra,Pune (MH-12),3W,Tempo,Piaggio,Petrol,BS4,250,6,5,REG19,6/4/2019,6/4/2019
REG102105,20-12-2020,2020,Madhya Pradesh,Indore (MP-09),2W,Motorcycle,Ola Electric,Petrol,BS6,110,2,4,REG19,20/12/2020,12/20/2020
REG102106,18-01-2022,2022,Delhi,Delhi North (DL-04),3W,Tempo,Kinetic Green,CNG,BS6,225,3,2,REG19,18/01/2022,1/18/2022
REG102107,14-01-2023,2023,Delhi,Delhi North (DL-04),4W,SUV,Tata Motors,Diesel,BS6,1197,8,1,REG19,14/01/2023,1/14/2023
REG102108,16-12-2023,2023,Delhi,Delhi West (DL-08),2W,Scooter,Ola Electric,Petrol,BS6,150,2,1,REG19,16/12/2023,12/16/2023
REG102109,25-09-2023,2023,Delhi,Delhi East (DL-02),2W,Moped,KTM,Petrol,BS6,0,2,1,REG19,25/09/2023,9/25/2023
REG102110,1/7/2023,2023,Punjab,Ludhiana (PB-10),2W,Scooter,KTM,CNG,BS6,150,2,1,REG19,1/7/2023,1/7/2023
REG102111,22-07-2024,2024,Tamil Nadu,Coimbatore (TN-37),2W,Motorcycle,Ather,Petrol,BS6,110,2,0,REG19,22/07/2024,7/22/2024
REG102112,3/3/2021,2021,Maharashtra,Aurangabad (MH-20),OTH,Tractor,Escorts,Diesel,BS6,0,2,3,REG19,3/3/2021,3/3/2021
REG102113,30-06-2020,2020,Delhi,Delhi North (DL-04),2W,Motorcycle,KTM,Petrol,BS6,400,2,4,REG19,30/06/2020,6/30/2020
REG102114,11/8/2023,2023,Delhi,Delhi South (DL-09),4W,Sedan,Hyundai,Diesel,BS6,1498,7,1,REG19,11/8/2023,11/8/2023
REG102115,19-12-2020,2020,Uttar Pradesh,Varanasi (UP-65),2W,Scooter,Royal Enfield,Petrol,BS6,125,2,4,REG19,19/12/2020,12/19/2020
REG102116,10/5/2023,2023,Tamil Nadu,Coimbatore (TN-37),HCV,Truck,MAN,Diesel,BS6,4998,32,1,REG19,10/5/2023,10/5/2023
REG102117,27-07-2023,2023,Telangana,Khammam (TS-07),2W,Moped,TVS,Petrol,BS6,100,2,1,REG19,27/07/2023,7/27/2023
REG102118,5/5/2023,2023,Uttar Pradesh,Kanpur (UP-78),4W,SUV,Mahindra,Diesel,BS6,2179,6,1,REG19,5/5/2023,5/5/2023
REG102119,23-02-2023,2023,Karnataka,Bangalore Central (KA-01),4W,SUV,Honda,EV,BS6,0,5,1,REG19,23/02/2023,2/23/2023
REG102120,15-06-2019,2019,West Bengal,Durgapur (WB-40),2W,Moped,Royal Enfield,Hybrid,BS4,125,2,5,REG19,15/06/2019,6/15/2019
REG102121,27-05-2023,2023,Maharashtra,Mumbai Central (MH-01),2W,Scooter,TVS,Petrol,BS6,250,2,1,REG19,27/05/2023,5/27/2023
REG102122,22-05-2019,2019,Delhi,Delhi South (DL-09),4W,MUV,Toyota,Diesel,BS6,2179,5,5,REG19,22/05/2019,5/22/2019
REG102123,14-02-2023,2023,Rajasthan,Kota (RJ-20),2W,Motorcycle,TVS,EV,BS6,0,2,1,REG19,14/02/2023,2/14/2023
REG102124,19-10-2022,2022,Kerala,Kozhikode (KL-11),2W,Moped,Yamaha,Petrol,BS6,110,2,2,REG19,19/10/2022,10/19/2022
REG102125,3/7/2022,2022,Punjab,Jalandhar (PB-08),4W,Sedan,Skoda,Diesel,BS6,1197,5,2,REG19,3/7/2022,3/7/2022
REG102126,8/12/2022,2022,West Bengal,Kolkata (WB-01),4W,Hatchback,Kia,Petrol,BS6,800,5,2,REG19,8/12/2022,8/12/2022
REG102127,20-10-2021,2021,Punjab,Jalandhar (PB-08),2W,Moped,Honda,Petrol,BS6,150,2,3,REG19,20/10/2021,10/20/2021
REG102128,21-08-2022,2022,Kerala,Thrissur (KL-08),LCV,Light Bus,Force Motors,Diesel,BS6,0,9,2,REG19,21/08/2022,8/21/2022
REG102129,29-04-2022,2022,Punjab,Patiala (PB-11),3W,Auto Rickshaw,Piaggio,Diesel,BS6,200,7,2,REG19,29/04/2022,4/29/2022
REG102130,22-10-2024,2024,Tamil Nadu,Coimbatore (TN-37),2W,Scooter,Hero,EV,BS6,0,2,0,REG19,22/10/2024,10/22/2024
REG102131,16-04-2020,2020,Telangana,Khammam (TS-07),3W,Tempo,Mahindra,Diesel,BS6,250,3,4,REG19,16/04/2020,4/16/2020
REG102132,10/12/2020,2020,Karnataka,Belgaum (KA-22),2W,Scooter,Yamaha,Petrol,BS6,0,2,4,REG19,10/12/2020,10/12/2020
REG102133,5/2/2020,2020,Madhya Pradesh,Gwalior (MP-07),2W,Motorcycle,TVS,Petrol,BS6,200,2,4,REG19,5/2/2020,5/2/2020
REG102134,26-05-2022,2022,Maharashtra,Nagpur (MH-31),3W,E-Rickshaw,TVS,CNG,BS6,0,3,2,REG19,26/05/2022,5/26/2022
REG102135,6/10/2021,2021,Kerala,Thiruvananthapuram (KL-01),2W,Scooter,Ather,EV,BS6,0,2,3,REG19,6/10/2021,6/10/2021
REG102136,2/8/2024,2024,West Bengal,Siliguri (WB-73),2W,Scooter,Ola Electric,EV,BS6,0,2,0,REG19,2/8/2024,2/8/2024
REG102137,6/5/2018,2018,Uttar Pradesh,Agra (UP-80),2W,Motorcycle,Royal Enfield,Petrol,BS4,200,2,6,REG19,6/5/2018,6/5/2018
REG102138,17-10-2021,2021,Rajasthan,Jodhpur (RJ-19),3W,Auto Rickshaw,Atul Auto,Petrol,BS6,0,7,3,REG19,17/10/2021,10/17/2021
REG102139,23-12-2021,2021,Tamil Nadu,Salem (TN-30),2W,Motorcycle,Ola Electric,EV,BS6,0,2,3,REG19,23/12/2021,12/23/2021
REG102140,2/4/2022,2022,Delhi,Delhi West (DL-08),2W,Moped,Yamaha,EV,BS6,0,2,2,REG19,2/4/2022,2/4/2022
REG102141,3/6/2023,2023,Rajasthan,Jaipur (RJ-14),2W,Motorcycle,KTM,Petrol,BS6,150,2,1,REG19,3/6/2023,3/6/2023
REG102142,31-07-2021,2021,Karnataka,Hubli (KA-25),4W,SUV,Skoda,Diesel,BS6,1968,6,3,REG19,31/07/2021,7/31/2021
REG102143,6/6/2023,2023,Gujarat,Vadodara (GJ-06),4W,SUV,Mahindra,Petrol,BS6,1000,8,1,REG19,6/6/2023,6/6/2023
REG102144,26-04-2022,2022,Punjab,Patiala (PB-11),4W,Sedan,Kia,Petrol,BS6,1498,8,2,REG19,26/04/2022,4/26/2022
REG102145,25-04-2022,2022,Gujarat,Ahmedabad (GJ-01),3W,Tempo,Kinetic Green,EV,BS6,0,7,2,REG19,25/04/2022,4/25/2022
REG102146,8/12/2024,2024,Rajasthan,Ajmer (RJ-01),2W,Moped,KTM,CNG,BS6,400,2,0,REG19,8/12/2024,8/12/2024
REG102147,19-10-2020,2020,Madhya Pradesh,Ujjain (MP-13),4W,SUV,Hyundai,Petrol,BS6,2179,6,4,REG19,19/10/2020,10/19/2020
REG102148,28-06-2021,2021,Maharashtra,Pune (MH-12),2W,Scooter,Hero,EV,BS6,0,2,3,REG19,28/06/2021,6/28/2021
REG102149,20-01-2024,2024,Gujarat,Rajkot (GJ-03),2W,Scooter,Ola Electric,Petrol,BS6,150,2,0,REG19,20/01/2024,1/20/2024
REG102150,17-03-2021,2021,Maharashtra,Mumbai Central (MH-01),2W,Moped,Suzuki,Petrol,BS6,0,2,3,REG19,17/03/2021,3/17/2021
REG102151,10/3/2024,2024,Delhi,Delhi South (DL-09),2W,Motorcycle,TVS,CNG,BS6,110,2,0,REG19,10/3/2024,10/3/2024
REG102152,8/4/2023,2023,Delhi,Delhi North (DL-04),2W,Scooter,Yamaha,EV,BS6,0,2,1,REG19,8/4/2023,8/4/2023
REG102153,20-10-2024,2024,Punjab,Amritsar (PB-02),4W,MUV,Maruti Suzuki,CNG,BS6,1462,5,0,REG19,20/10/2024,10/20/2024
REG102154,24-04-2021,2021,Gujarat,Vadodara (GJ-06),4W,Sedan,Kia,EV,BS6,0,5,3,REG19,24/04/2021,4/24/2021
REG102155,27-07-2024,2024,Delhi,Delhi South (DL-09),4W,Hatchback,Mahindra,Petrol,BS6,1197,6,0,REG19,27/07/2024,7/27/2024
REG102156,2/12/2021,2021,Maharashtra,Pune (MH-12),2W,Scooter,Royal Enfield,Petrol,BS6,110,2,3,REG19,2/12/2021,2/12/2021
REG102157,12/12/2022,2022,Maharashtra,Nagpur (MH-31),2W,Scooter,Ola Electric,Petrol,BS6,250,2,2,REG19,12/12/2022,12/12/2022
REG102158,19-10-2023,2023,Telangana,Hyderabad (TS-09),2W,Moped,Yamaha,CNG,BS6,160,2,1,REG19,19/10/2023,10/19/2023
REG102159,13-08-2023,2023,Uttar Pradesh,Allahabad (UP-70),HCV,Bus,MAN,Diesel,BS6,5660,1,1,REG19,13/08/2023,8/13/2023
REG102160,20-03-2024,2024,West Bengal,Durgapur (WB-40),2W,Motorcycle,Royal Enfield,Petrol,BS6,150,2,0,REG19,20/03/2024,3/20/2024
REG102161,5/8/2022,2022,Telangana,Nizamabad (TS-05),HCV,Bus,Ashok Leyland,Diesel,BS6,6700,32,2,REG19,5/8/2022,5/8/2022
REG102162,16-11-2019,2019,Tamil Nadu,Salem (TN-30),4W,Sedan,Mahindra,Petrol,BS4,1462,5,5,REG19,16/11/2019,11/16/2019
REG102163,27-04-2020,2020,Tamil Nadu,Chennai Central (TN-01),2W,Scooter,Ola Electric,Petrol,BS6,100,2,4,REG19,27/04/2020,4/27/2020
REG102164,10/12/2023,2023,Delhi,Delhi East (DL-02),2W,Scooter,KTM,Petrol,BS6,250,2,1,REG19,10/12/2023,10/12/2023
REG102165,8/11/2020,2020,West Bengal,Durgapur (WB-40),HCV,Truck,BharatBenz,Diesel,BS6,0,32,4,REG19,8/11/2020,8/11/2020
REG102166,29-01-2023,2023,Rajasthan,Jodhpur (RJ-19),LCV,Mini Truck,Mahindra,Diesel,BS6,2523,9,1,REG19,29/01/2023,1/29/2023
REG102167,18-05-2020,2020,Delhi,Delhi South (DL-09),4W,SUV,MG,Petrol,BS6,1197,5,4,REG19,18/05/2020,5/18/2020
REG102168,9/1/2023,2023,Tamil Nadu,Trichy (TN-45),2W,Motorcycle,Ola Electric,CNG,BS6,110,2,1,REG19,9/1/2023,9/1/2023
REG102169,12/8/2024,2024,West Bengal,Howrah (WB-13),HCV,Bus,Volvo,Diesel,BS6,6700,32,0,REG19,12/8/2024,12/8/2024
REG102170,14-06-2023,2023,Madhya Pradesh,Ujjain (MP-13),3W,Auto Rickshaw,Mahindra,EV,BS6,0,6,1,REG19,14/06/2023,6/14/2023
REG102171,5/10/2021,2021,Karnataka,Belgaum (KA-22),4W,Sedan,Kia,Petrol,BS6,1462,8,3,REG19,5/10/2021,5/10/2021
REG102172,2/11/2020,2020,Tamil Nadu,Salem (TN-30),4W,SUV,Renault,Petrol,BS6,800,7,4,REG19,2/11/2020,2/11/2020
REG102173,7/5/2023,2023,Uttar Pradesh,Varanasi (UP-65),4W,SUV,Kia,Diesel,BS6,2179,6,1,REG19,7/5/2023,7/5/2023
REG102174,25-01-2019,2019,Madhya Pradesh,Indore (MP-09),3W,Auto Rickshaw,Piaggio,CNG,BS4,200,7,5,REG19,25/01/2019,1/25/2019
REG102175,11/11/2022,2022,West Bengal,Asansol (WB-39),2W,Moped,Yamaha,CNG,BS6,100,2,2,REG19,11/11/2022,11/11/2022
REG102176,26-04-2023,2023,Madhya Pradesh,Bhopal (MP-04),3W,Auto Rickshaw,Mahindra,CNG,BS6,225,6,1,REG19,26/04/2023,4/26/2023
REG102177,12/6/2021,2021,Karnataka,Belgaum (KA-22),OTH,Road Roller,John Deere,Diesel,BS6,3760,45,3,REG19,12/6/2021,12/6/2021
REG102178,12/10/2020,2020,Karnataka,Mysore (KA-09),2W,Scooter,Suzuki,Hybrid,BS6,350,2,4,REG19,12/10/2020,12/10/2020
REG102179,12/7/2019,2019,Tamil Nadu,Coimbatore (TN-37),2W,Scooter,TVS,Petrol,BS4,200,2,5,REG19,12/7/2019,12/7/2019
REG102180,21-12-2023,2023,Madhya Pradesh,Gwalior (MP-07),4W,MUV,Mahindra,Petrol,BS6,0,6,1,REG19,21/12/2023,12/21/2023
REG102181,13-09-2022,2022,Delhi,Delhi West (DL-08),2W,Scooter,Hero,Petrol,BS6,400,2,2,REG19,13/09/2022,9/13/2022
REG102182,6/1/2018,2018,Punjab,Patiala (PB-11),HCV,Truck,Volvo,Diesel,BS4,5660,52,6,REG19,6/1/2018,6/1/2018
REG102183,8/4/2023,2023,Madhya Pradesh,Jabalpur (MP-20),4W,SUV,Hyundai,CNG,BS6,2179,8,1,REG19,8/4/2023,8/4/2023
REG102184,23-03-2023,2023,Gujarat,Gandhinagar (GJ-18),4W,Sedan,Honda,Diesel,BS6,1598,8,1,REG19,23/03/2023,3/23/2023
REG102185,3/7/2023,2023,Delhi,Delhi West (DL-08),2W,Scooter,KTM,Petrol,BS6,0,2,1,REG19,3/7/2023,3/7/2023
REG102186,10/3/2019,2019,Tamil Nadu,Chennai Central (TN-01),2W,Scooter,Yamaha,EV,BS4,0,2,5,REG19,10/3/2019,10/3/2019
REG102187,15-06-2021,2021,Madhya Pradesh,Gwalior (MP-07),4W,Sedan,Tata Motors,CNG,BS6,1968,6,3,REG19,15/06/2021,6/15/2021
REG102188,25-08-2020,2020,Maharashtra,Pune (MH-12),4W,SUV,Skoda,Diesel,BS6,1197,8,4,REG19,25/08/2020,8/25/2020
REG102189,6/12/2021,2021,Tamil Nadu,Trichy (TN-45),4W,Sedan,Maruti Suzuki,Diesel,BS6,1498,5,3,REG19,6/12/2021,6/12/2021
REG102190,3/10/2019,2019,Madhya Pradesh,Ujjain (MP-13),2W,Motorcycle,Bajaj,CNG,BS4,100,2,5,REG19,3/10/2019,3/10/2019
REG102191,1/4/2023,2023,Maharashtra,Nagpur (MH-31),4W,Sedan,Tata Motors,Petrol,BS6,1197,5,1,REG19,1/4/2023,1/4/2023
REG102192,30-12-2024,2024,Tamil Nadu,Chennai Central (TN-01),2W,Scooter,Ather,EV,BS6,0,2,0,REG19,30/12/2024,12/30/2024
REG102193,2/6/2022,2022,Telangana,Warangal (TS-03),LCV,Light Bus,Force Motors,Diesel,BS6,2523,9,2,REG19,2/6/2022,2/6/2022
REG102194,6/6/2018,2018,Punjab,Chandigarh (CH-01),4W,SUV,Renault,Diesel,BS4,1197,5,6,REG19,6/6/2018,6/6/2018
REG102195,6/5/2023,2023,Maharashtra,Nashik (MH-15),2W,Moped,KTM,EV,BS6,0,2,1,REG19,6/5/2023,6/5/2023
REG102196,8/6/2024,2024,Telangana,Nizamabad (TS-05),4W,MUV,Honda,Petrol,BS6,1000,8,0,REG19,8/6/2024,8/6/2024
REG102197,12/8/2022,2022,Kerala,Kochi (KL-07),2W,Moped,TVS,Petrol,BS6,125,2,2,REG19,12/8/2022,12/8/2022
REG102198,25-03-2019,2019,Tamil Nadu,Chennai Central (TN-01),2W,Motorcycle,Royal Enfield,CNG,BS4,0,2,5,REG19,25/03/2019,3/25/2019
REG102199,18-10-2022,2022,Gujarat,Gandhinagar (GJ-18),2W,Motorcycle,Royal Enfield,CNG,BS6,110,2,2,REG19,18/10/2022,10/18/2022
REG102200,1/11/2021,2021,Karnataka,Mangalore (KA-19),LCV,Pickup Van,Mahindra,EV,BS6,0,15,3,REG19,1/11/2021,1/11/2021
REG102201,8/10/2020,2020,Kerala,Kollam (KL-02),2W,Motorcycle,Ather,CNG,BS4,100,2,4,REG19,8/10/2020,8/10/2020
REG102202,28-03-2023,2023,Maharashtra,Pune (MH-12),LCV,Pickup Van,Force Motors,Diesel,BS6,2523,9,1,REG19,28/03/2023,3/28/2023
REG102203,6/4/2020,2020,Maharashtra,Nagpur (MH-31),HCV,Bus,Eicher,Diesel,BS6,3760,1,4,REG19,6/4/2020,6/4/2020
REG102204,8/10/2024,2024,Rajasthan,Jaipur (RJ-14),2W,Motorcycle,Royal Enfield,Petrol,BS6,100,2,0,REG19,8/10/2024,8/10/2024
REG102205,10/11/2023,2023,Rajasthan,Ajmer (RJ-01),4W,MUV,Skoda,Petrol,BS6,800,5,1,REG19,10/11/2023,10/11/2023
REG102206,27-04-2023,2023,West Bengal,Siliguri (WB-73),4W,MUV,Tata Motors,Diesel,BS6,1197,6,1,REG19,27/04/2023,4/27/2023
REG102207,12/2/2023,2023,Telangana,Khammam (TS-07),LCV,Light Bus,Mahindra,Diesel,BS6,3298,15,1,REG19,12/2/2023,12/2/2023
REG102208,11/8/2022,2022,Karnataka,Belgaum (KA-22),HCV,Tanker,Ashok Leyland,Diesel,BS6,0,32,2,REG19,11/8/2022,11/8/2022
REG102209,13-04-2022,2022,Karnataka,Bangalore Central (KA-01),OTH,Tractor,TAFE,Diesel,BS6,4998,52,2,REG19,13/04/2022,4/13/2022
REG102210,2/2/2022,2022,Tamil Nadu,Chennai Central (TN-01),4W,Sedan,Toyota,Petrol,BS6,0,8,2,REG19,2/2/2022,2/2/2022
REG102211,5/8/2019,2019,Rajasthan,Jaipur (RJ-14),2W,Scooter,KTM,Petrol,BS4,200,2,5,REG19,5/8/2019,5/8/2019
REG102212,6/5/2024,2024,Punjab,Ludhiana (PB-10),2W,Moped,Ather,Petrol,BS6,110,2,0,REG19,6/5/2024,6/5/2024
REG102213,22-12-2022,2022,Punjab,Ludhiana (PB-10),3W,E-Rickshaw,Mahindra,CNG,BS6,200,6,2,REG19,22/12/2022,12/22/2022
REG102214,12/9/2021,2021,Punjab,Jalandhar (PB-08),4W,Sedan,Renault,EV,BS6,0,5,3,REG19,12/9/2021,12/9/2021
REG102215,30-09-2024,2024,Kerala,Kochi (KL-07),4W,MUV,Toyota,EV,BS6,0,6,0,REG19,30/09/2024,9/30/2024
REG102216,12/11/2022,2022,Punjab,Amritsar (PB-02),4W,Hatchback,Tata Motors,Diesel,BS6,0,6,2,REG19,12/11/2022,12/11/2022
REG102217,16-08-2023,2023,Rajasthan,Kota (RJ-20),2W,Scooter,Suzuki,EV,BS6,0,2,1,REG19,16/08/2023,8/16/2023
REG102218,13-11-2023,2023,Tamil Nadu,Trichy (TN-45),LCV,Mini Truck,Force Motors,Diesel,BS6,0,12,1,REG19,13/11/2023,11/13/2023
REG102219,15-10-2021,2021,Punjab,Amritsar (PB-02),2W,Scooter,Ola Electric,EV,BS6,0,2,3,REG19,15/10/2021,10/15/2021
REG102220,17-12-2020,2020,Telangana,Khammam (TS-07),3W,Tempo,Kinetic Green,Diesel,BS6,250,6,4,REG19,17/12/2020,12/17/2020
REG102221,29-07-2024,2024,Gujarat,Ahmedabad (GJ-01),HCV,Bus,Eicher,Diesel,BS6,6700,2,0,REG19,29/07/2024,7/29/2024
REG102222,2/10/2021,2021,Gujarat,Rajkot (GJ-03),3W,Tempo,TVS,CNG,BS6,200,6,3,REG19,2/10/2021,2/10/2021
REG102223,27-03-2018,2018,Gujarat,Gandhinagar (GJ-18),4W,SUV,Kia,Diesel,BS4,0,8,6,REG19,27/03/2018,3/27/2018
REG102224,21-01-2021,2021,Maharashtra,Nagpur (MH-31),HCV,Truck,Tata Motors,Diesel,BS6,6700,45,3,REG19,21/01/2021,1/21/2021
REG102225,9/5/2020,2020,Gujarat,Gandhinagar (GJ-18),4W,Hatchback,Maruti Suzuki,Diesel,BS6,1598,5,4,REG19,9/5/2020,9/5/2020
REG102226,4/10/2022,2022,Delhi,Delhi Central (DL-01),4W,Sedan,Maruti Suzuki,Diesel,BS6,0,6,2,REG19,4/10/2022,4/10/2022
REG102227,8/1/2021,2021,Punjab,Patiala (PB-11),4W,SUV,Hyundai,CNG,BS6,1197,8,3,REG19,8/1/2021,8/1/2021
REG102228,14-12-2021,2021,Rajasthan,Jaipur (RJ-14),2W,Motorcycle,Hero,CNG,BS6,250,2,3,REG19,14/12/2021,12/14/2021
REG102229,17-07-2020,2020,Karnataka,Belgaum (KA-22),LCV,Light Bus,Ashok Leyland,CNG,BS6,3298,9,4,REG19,17/07/2020,7/17/2020
REG102230,10/8/2023,2023,Telangana,Nizamabad (TS-05),4W,Sedan,MG,Diesel,BS6,2179,5,1,REG19,10/8/2023,10/8/2023
REG102231,1/8/2022,2022,Telangana,Karimnagar (TS-01),HCV,Truck,MAN,Diesel,BS6,3760,1,2,REG19,1/8/2022,1/8/2022
REG102232,4/6/2020,2020,Karnataka,Mysore (KA-09),2W,Moped,Honda,Petrol,BS6,160,2,4,REG19,4/6/2020,4/6/2020
REG102233,5/8/2021,2021,Tamil Nadu,Trichy (TN-45),4W,Hatchback,Honda,Diesel,BS6,0,8,3,REG19,5/8/2021,5/8/2021
REG102234,1/3/2023,2023,Rajasthan,Jodhpur (RJ-19),2W,Motorcycle,Suzuki,Petrol,BS6,200,2,1,REG19,1/3/2023,1/3/2023
REG102235,1/4/2024,2024,Rajasthan,Ajmer (RJ-01),4W,MUV,Tata Motors,Diesel,BS6,1197,6,0,REG19,1/4/2024,1/4/2024
REG102236,14-08-2023,2023,Karnataka,Belgaum (KA-22),2W,Motorcycle,Bajaj,EV,BS6,0,2,1,REG19,14/08/2023,8/14/2023
REG102237,10/7/2021,2021,Gujarat,Rajkot (GJ-03),2W,Scooter,Royal Enfield,EV,BS6,0,2,3,REG19,10/7/2021,10/7/2021
REG102238,4/1/2022,2022,Delhi,Delhi South (DL-09),2W,Motorcycle,Honda,Petrol,BS6,350,2,2,REG19,4/1/2022,4/1/2022
REG102239,2/11/2019,2019,Karnataka,Mysore (KA-09),2W,Moped,Yamaha,Petrol,BS4,100,2,5,REG19,2/11/2019,2/11/2019
REG102240,29-08-2024,2024,Maharashtra,Pune (MH-12),2W,Moped,TVS,Petrol,BS6,150,2,0,REG19,29/08/2024,8/29/2024
REG102241,2/10/2022,2022,Madhya Pradesh,Indore (MP-09),4W,MUV,MG,Petrol,BS6,0,6,2,REG19,2/10/2022,2/10/2022
REG102242,8/12/2020,2020,Punjab,Amritsar (PB-02),4W,SUV,Renault,Diesel,BS6,1498,6,4,REG19,8/12/2020,8/12/2020
REG102243,17-06-2019,2019,Madhya Pradesh,Gwalior (MP-07),2W,Scooter,Honda,Petrol,BS4,350,2,5,REG19,17/06/2019,6/17/2019
REG102244,22-11-2024,2024,Rajasthan,Ajmer (RJ-01),2W,Motorcycle,Hero,Petrol,BS6,100,2,0,REG19,22/11/2024,11/22/2024
REG102245,28-04-2021,2021,Rajasthan,Kota (RJ-20),4W,SUV,MG,Diesel,BS6,1598,6,3,REG19,28/04/2021,4/28/2021
REG102246,2/3/2023,2023,Rajasthan,Jodhpur (RJ-19),2W,Moped,Royal Enfield,Petrol,BS6,200,2,1,REG19,2/3/2023,2/3/2023
REG102247,15-04-2021,2021,Punjab,Amritsar (PB-02),4W,MUV,Mahindra,Petrol,BS6,800,7,3,REG19,15/04/2021,4/15/2021
REG102248,4/8/2019,2019,Delhi,Delhi North (DL-04),3W,Auto Rickshaw,Piaggio,CNG,BS4,200,3,5,REG19,4/8/2019,4/8/2019
REG102249,20-01-2024,2024,Kerala,Kochi (KL-07),2W,Moped,Ather,EV,BS6,0,2,0,REG19,20/01/2024,1/20/2024
REG102250,3/9/2021,2021,West Bengal,Asansol (WB-39),4W,Sedan,Renault,Petrol,BS6,0,8,3,REG19,3/9/2021,3/9/2021
REG102251,10/6/2021,2021,Delhi,Delhi Central (DL-01),2W,Moped,Suzuki,Petrol,BS6,125,2,3,REG19,10/6/2021,10/6/2021
REG102252,25-04-2020,2020,Karnataka,Mangalore (KA-19),4W,MUV,Toyota,EV,BS6,0,5,4,REG19,25/04/2020,4/25/2020
REG102253,30-05-2023,2023,Karnataka,Belgaum (KA-22),4W,Hatchback,Toyota,Diesel,BS6,1498,8,1,REG19,30/05/2023,5/30/2023
REG102254,29-10-2022,2022,West Bengal,Kolkata (WB-01),4W,MUV,Honda,Petrol,BS6,1000,7,2,REG19,29/10/2022,10/29/2022
REG102255,19-11-2022,2022,Delhi,Delhi East (DL-02),4W,Sedan,Skoda,CNG,BS6,1968,7,2,REG19,19/11/2022,11/19/2022
REG102256,11/10/2018,2018,Rajasthan,Jaipur (RJ-14),4W,Hatchback,Maruti Suzuki,Petrol,BS4,1598,8,6,REG19,11/10/2018,11/10/2018
REG102257,4/10/2019,2019,Delhi,Delhi South (DL-09),2W,Motorcycle,Yamaha,Petrol,BS4,0,2,5,REG19,4/10/2019,4/10/2019
REG102258,21-09-2021,2021,Uttar Pradesh,Allahabad (UP-70),2W,Scooter,TVS,EV,BS6,0,2,3,REG19,21/09/2021,9/21/2021
REG102259,9/7/2022,2022,Gujarat,Gandhinagar (GJ-18),4W,MUV,Skoda,Diesel,BS6,2179,7,2,REG19,9/7/2022,9/7/2022
REG102260,27-01-2023,2023,Madhya Pradesh,Ujjain (MP-13),2W,Moped,TVS,EV,BS6,0,2,1,REG19,27/01/2023,1/27/2023
REG102261,6/12/2022,2022,Tamil Nadu,Chennai Central (TN-01),2W,Moped,KTM,CNG,BS6,110,2,2,REG19,6/12/2022,6/12/2022
REG102262,11/2/2024,2024,Tamil Nadu,Madurai (TN-58),3W,Auto Rickshaw,Kinetic Green,EV,BS6,0,3,0,REG19,11/2/2024,11/2/2024
REG102263,6/8/2023,2023,Rajasthan,Ajmer (RJ-01),3W,E-Rickshaw,TVS,CNG,BS6,0,3,1,REG19,6/8/2023,6/8/2023
REG102264,16-01-2023,2023,Telangana,Karimnagar (TS-01),OTH,Tractor,Mahindra,Diesel,BS6,4998,52,1,REG19,16/01/2023,1/16/2023
REG102265,2/10/2020,2020,Telangana,Nizamabad (TS-05),4W,Hatchback,Hyundai,CNG,BS6,1000,7,4,REG19,2/10/2020,2/10/2020
REG102266,20-10-2024,2024,Rajasthan,Ajmer (RJ-01),2W,Motorcycle,Ola Electric,EV,BS6,0,2,0,REG19,20/10/2024,10/20/2024
REG102267,4/8/2020,2020,Karnataka,Mangalore (KA-19),3W,Auto Rickshaw,TVS,CNG,BS6,225,3,4,REG19,4/8/2020,4/8/2020
REG102268,26-08-2023,2023,Rajasthan,Jaipur (RJ-14),4W,SUV,Renault,Diesel,BS6,800,7,1,REG19,26/08/2023,8/26/2023
REG102269,10/2/2022,2022,Delhi,Delhi East (DL-02),4W,Hatchback,Hyundai,Petrol,BS6,800,6,2,REG19,10/2/2022,10/2/2022
REG102270,28-06-2023,2023,Telangana,Warangal (TS-03),LCV,Pickup Van,Ashok Leyland,Diesel,BS6,2523,9,1,REG19,28/06/2023,6/28/2023
REG102271,15-09-2023,2023,Kerala,Thrissur (KL-08),2W,Motorcycle,Ather,Petrol,BS6,110,2,1,REG19,15/09/2023,9/15/2023
REG102272,25-07-2023,2023,Maharashtra,Nagpur (MH-31),2W,Motorcycle,Royal Enfield,Petrol,BS6,110,2,1,REG19,25/07/2023,7/25/2023
REG102273,21-04-2024,2024,Rajasthan,Ajmer (RJ-01),3W,E-Rickshaw,Mahindra,CNG,BS6,250,7,0,REG19,21/04/2024,4/21/2024
REG102274,31-01-2020,2020,Kerala,Kollam (KL-02),2W,Motorcycle,Bajaj,Petrol,BS6,100,2,4,REG19,31/01/2020,1/31/2020
REG102275,19-08-2023,2023,Madhya Pradesh,Gwalior (MP-07),4W,MUV,Hyundai,Diesel,BS6,1462,5,1,REG19,19/08/2023,8/19/2023
REG102276,2/7/2022,2022,Madhya Pradesh,Gwalior (MP-07),LCV,Pickup Van,Mahindra,CNG,BS6,3298,9,2,REG19,2/7/2022,2/7/2022
REG102277,3/5/2023,2023,Karnataka,Mangalore (KA-19),2W,Scooter,Ola Electric,Petrol,BS6,350,2,1,REG19,3/5/2023,3/5/2023
REG102278,29-11-2022,2022,West Bengal,Howrah (WB-13),3W,Auto Rickshaw,Atul Auto,EV,BS4,0,6,2,REG19,29/11/2022,11/29/2022
REG102279,12/5/2019,2019,Maharashtra,Nagpur (MH-31),HCV,Trailer,Ashok Leyland,Diesel,BS4,3760,45,5,REG19,12/5/2019,12/5/2019
REG102280,21-06-2023,2023,Karnataka,Bangalore Central (KA-01),LCV,Light Bus,Force Motors,Diesel,BS6,3298,12,1,REG19,21/06/2023,6/21/2023
REG102281,1/1/2023,2023,Gujarat,Ahmedabad (GJ-01),OTH,Tractor,Mahindra,Diesel,BS6,4998,45,1,REG19,1/1/2023,1/1/2023
REG102282,22-02-2022,2022,Delhi,Delhi Central (DL-01),2W,Scooter,Suzuki,Petrol,BS6,160,2,2,REG19,22/02/2022,2/22/2022
REG102283,31-10-2023,2023,Madhya Pradesh,Gwalior (MP-07),4W,MUV,Hyundai,Diesel,BS6,1598,6,1,REG19,31/10/2023,10/31/2023
REG102284,4/12/2021,2021,Maharashtra,Aurangabad (MH-20),2W,Motorcycle,Suzuki,EV,BS6,0,2,3,REG19,4/12/2021,4/12/2021
REG102285,11/11/2023,2023,Madhya Pradesh,Bhopal (MP-04),4W,Sedan,Renault,Diesel,BS6,0,8,1,REG19,11/11/2023,11/11/2023
REG102286,17-06-2020,2020,Gujarat,Vadodara (GJ-06),4W,SUV,Hyundai,EV,BS4,0,8,4,REG19,17/06/2020,6/17/2020
REG102287,11/10/2023,2023,Tamil Nadu,Salem (TN-30),2W,Scooter,Bajaj,Petrol,BS6,400,2,1,REG19,11/10/2023,11/10/2023
REG102288,30-10-2021,2021,Karnataka,Bangalore Central (KA-01),4W,SUV,Maruti Suzuki,Petrol,BS6,0,5,3,REG19,30/10/2021,10/30/2021
REG102289,24-04-2023,2023,Telangana,Karimnagar (TS-01),2W,Scooter,KTM,EV,BS6,0,2,1,REG19,24/04/2023,4/24/2023
REG102290,30-04-2023,2023,Delhi,Delhi North (DL-04),2W,Scooter,KTM,Petrol,BS6,100,2,1,REG19,30/04/2023,4/30/2023
REG102291,3/8/2022,2022,Punjab,Chandigarh (CH-01),4W,Hatchback,Toyota,Petrol,BS6,800,6,2,REG19,3/8/2022,3/8/2022
REG102292,4/2/2024,2024,Telangana,Warangal (TS-03),2W,Scooter,Royal Enfield,Petrol,BS6,125,2,0,REG19,4/2/2024,4/2/2024
REG102293,24-05-2019,2019,Delhi,Delhi Central (DL-01),4W,SUV,MG,Diesel,BS4,1000,5,5,REG19,24/05/2019,5/24/2019
REG102294,9/7/2020,2020,Maharashtra,Nashik (MH-15),4W,SUV,Hyundai,CNG,BS6,1462,5,4,REG19,9/7/2020,9/7/2020
REG102295,14-03-2024,2024,Maharashtra,Aurangabad (MH-20),3W,Tempo,TVS,CNG,BS6,250,7,0,REG19,14/03/2024,3/14/2024
REG102296,22-10-2021,2021,West Bengal,Kolkata (WB-01),4W,MUV,Tata Motors,Hybrid,BS6,1968,6,3,REG19,22/10/2021,10/22/2021
REG102297,15-05-2020,2020,Tamil Nadu,Coimbatore (TN-37),2W,Scooter,Royal Enfield,Petrol,BS6,150,2,4,REG19,15/05/2020,5/15/2020
REG102298,15-07-2018,2018,Tamil Nadu,Salem (TN-30),2W,Moped,Ola Electric,Petrol,BS4,400,2,6,REG19,15/07/2018,7/15/2018
REG102299,24-07-2018,2018,Uttar Pradesh,Lucknow (UP-32),4W,Sedan,Maruti Suzuki,Diesel,BS4,2179,6,6,REG19,24/07/2018,7/24/2018
REG102300,20-07-2023,2023,Maharashtra,Pune (MH-12),4W,Hatchback,Skoda,Diesel,BS6,1968,6,1,REG19,20/07/2023,7/20/2023
REG102301,27-08-2018,2018,Karnataka,Belgaum (KA-22),2W,Scooter,Ather,EV,BS4,0,2,6,REG19,27/08/2018,8/27/2018
REG102302,7/1/2019,2019,Punjab,Amritsar (PB-02),2W,Motorcycle,KTM,Petrol,BS4,100,2,5,REG19,7/1/2019,7/1/2019
REG102303,20-08-2023,2023,West Bengal,Howrah (WB-13),4W,Hatchback,Mahindra,Hybrid,BS6,1197,6,1,REG19,20/08/2023,8/20/2023
REG102304,8/2/2023,2023,Karnataka,Bangalore Central (KA-01),2W,Scooter,Ola Electric,Petrol,BS6,250,2,1,REG19,8/2/2023,8/2/2023
REG102305,23-05-2024,2024,West Bengal,Howrah (WB-13),2W,Motorcycle,Royal Enfield,Petrol,BS6,250,2,0,REG19,23/05/2024,5/23/2024
REG102306,21-08-2022,2022,Karnataka,Mangalore (KA-19),2W,Motorcycle,Ather,Petrol,BS6,160,2,2,REG19,21/08/2022,8/21/2022
REG102307,5/4/2021,2021,Gujarat,Surat (GJ-05),2W,Motorcycle,Bajaj,Hybrid,BS6,200,2,3,REG19,5/4/2021,5/4/2021
REG102308,18-05-2020,2020,Tamil Nadu,Chennai Central (TN-01),4W,Hatchback,Tata Motors,Diesel,BS6,1000,6,4,REG19,18/05/2020,5/18/2020
REG102309,11/11/2024,2024,Kerala,Thiruvananthapuram (KL-01),4W,SUV,MG,Diesel,BS6,800,6,0,REG19,11/11/2024,11/11/2024
REG102310,29-08-2019,2019,Madhya Pradesh,Indore (MP-09),2W,Moped,Yamaha,Petrol,BS4,250,2,5,REG19,29/08/2019,8/29/2019
REG102311,9/3/2024,2024,Karnataka,Mangalore (KA-19),4W,SUV,Renault,Petrol,BS6,1498,7,0,REG19,9/3/2024,9/3/2024
REG102312,24-02-2018,2018,Kerala,Kozhikode (KL-11),4W,SUV,Hyundai,Diesel,BS4,1000,7,6,REG19,24/02/2018,2/24/2018
REG102313,26-12-2022,2022,Telangana,Khammam (TS-07),HCV,Truck,Ashok Leyland,Diesel,BS6,5660,52,2,REG19,26/12/2022,12/26/2022
REG102314,20-04-2023,2023,Telangana,Karimnagar (TS-01),2W,Moped,Suzuki,EV,BS6,0,2,1,REG19,20/04/2023,4/20/2023
REG102315,13-01-2021,2021,Uttar Pradesh,Lucknow (UP-32),LCV,Light Bus,Eicher,Diesel,BS6,2956,12,3,REG19,13/01/2021,1/13/2021
REG102316,14-11-2018,2018,Madhya Pradesh,Ujjain (MP-13),OTH,Road Roller,Mahindra,Diesel,BS4,0,2,6,REG19,14/11/2018,11/14/2018
REG102317,28-09-2023,2023,Karnataka,Mangalore (KA-19),2W,Motorcycle,Suzuki,EV,BS6,0,2,1,REG19,28/09/2023,9/28/2023
REG102318,3/10/2024,2024,Uttar Pradesh,Allahabad (UP-70),HCV,Bus,Ashok Leyland,Diesel,BS6,5660,52,0,REG19,3/10/2024,3/10/2024
REG102319,28-09-2019,2019,Uttar Pradesh,Agra (UP-80),2W,Motorcycle,Ather,Petrol,BS4,250,2,5,REG19,28/09/2019,9/28/2019
REG102320,13-04-2019,2019,Rajasthan,Kota (RJ-20),2W,Motorcycle,Hero,Petrol,BS4,350,2,5,REG19,13/04/2019,4/13/2019
REG102321,21-04-2024,2024,Madhya Pradesh,Indore (MP-09),LCV,Pickup Van,Ashok Leyland,Diesel,BS6,2523,9,0,REG19,21/04/2024,4/21/2024
REG102322,21-08-2023,2023,Maharashtra,Mumbai Central (MH-01),4W,MUV,Mahindra,Petrol,BS6,1462,5,1,REG19,21/08/2023,8/21/2023
REG102323,4/3/2023,2023,Punjab,Chandigarh (CH-01),2W,Moped,Ola Electric,Hybrid,BS6,160,2,1,REG19,4/3/2023,4/3/2023
REG102324,18-11-2021,2021,Karnataka,Mangalore (KA-19),4W,Hatchback,Skoda,Petrol,BS4,1197,6,3,REG19,18/11/2021,11/18/2021
REG102325,23-10-2022,2022,Tamil Nadu,Salem (TN-30),2W,Scooter,Ola Electric,CNG,BS4,350,2,2,REG19,23/10/2022,10/23/2022
REG102326,12/2/2021,2021,Kerala,Kollam (KL-02),2W,Motorcycle,Ather,CNG,BS6,400,2,3,REG19,12/2/2021,12/2/2021
REG102327,29-10-2018,2018,Uttar Pradesh,Varanasi (UP-65),OTH,Crane,TAFE,Diesel,BS4,0,32,6,REG19,29/10/2018,10/29/2018
REG102328,12/2/2023,2023,Madhya Pradesh,Indore (MP-09),2W,Motorcycle,Honda,CNG,BS6,110,2,1,REG19,12/2/2023,12/2/2023
REG102329,13-05-2023,2023,Telangana,Hyderabad (TS-09),2W,Moped,Ola Electric,EV,BS6,0,2,1,REG19,13/05/2023,5/13/2023
REG102330,6/12/2020,2020,Telangana,Warangal (TS-03),4W,SUV,Tata Motors,Petrol,BS6,800,5,4,REG19,6/12/2020,6/12/2020
REG102331,14-06-2021,2021,Rajasthan,Jodhpur (RJ-19),2W,Motorcycle,Royal Enfield,Petrol,BS6,250,2,3,REG19,14/06/2021,6/14/2021
REG102332,10/8/2021,2021,Punjab,Patiala (PB-11),4W,SUV,Skoda,EV,BS6,0,6,3,REG19,10/8/2021,10/8/2021
REG102333,9/1/2024,2024,Kerala,Thiruvananthapuram (KL-01),2W,Moped,TVS,Petrol,BS6,125,2,0,REG19,9/1/2024,9/1/2024
REG102334,1/11/2020,2020,Kerala,Kollam (KL-02),HCV,Bus,Ashok Leyland,Diesel,BS6,5660,1,4,REG19,1/11/2020,1/11/2020
REG102335,14-05-2024,2024,Tamil Nadu,Salem (TN-30),2W,Moped,Yamaha,EV,BS6,0,2,0,REG19,14/05/2024,5/14/2024
REG102336,26-06-2021,2021,Tamil Nadu,Salem (TN-30),2W,Scooter,Bajaj,Petrol,BS6,350,2,3,REG19,26/06/2021,6/26/2021
REG102337,12/3/2024,2024,Maharashtra,Mumbai Central (MH-01),2W,Motorcycle,Ola Electric,Petrol,BS6,400,2,0,REG19,12/3/2024,12/3/2024
REG102338,17-06-2023,2023,Kerala,Kozhikode (KL-11),2W,Motorcycle,Suzuki,Petrol,BS6,200,2,1,REG19,17/06/2023,6/17/2023
REG102339,30-03-2019,2019,Punjab,Chandigarh (CH-01),2W,Scooter,Honda,Petrol,BS4,150,2,5,REG19,30/03/2019,3/30/2019
REG102340,25-09-2019,2019,Maharashtra,Nagpur (MH-31),2W,Motorcycle,Hero,Petrol,BS4,125,2,5,REG19,25/09/2019,9/25/2019
REG102341,17-10-2024,2024,West Bengal,Kolkata (WB-01),2W,Moped,TVS,Petrol,BS6,250,2,0,REG19,17/10/2024,10/17/2024
REG102342,12/9/2023,2023,Karnataka,Hubli (KA-25),2W,Motorcycle,Royal Enfield,EV,BS6,0,2,1,REG19,12/9/2023,12/9/2023
REG102343,6/6/2021,2021,Uttar Pradesh,Agra (UP-80),2W,Moped,Royal Enfield,Petrol,BS6,125,2,3,REG19,6/6/2021,6/6/2021
REG102344,24-02-2023,2023,Tamil Nadu,Salem (TN-30),2W,Motorcycle,Royal Enfield,Petrol,BS6,0,2,1,REG19,24/02/2023,2/24/2023
REG102345,15-04-2023,2023,Karnataka,Hubli (KA-25),2W,Scooter,KTM,CNG,BS6,160,2,1,REG19,15/04/2023,4/15/2023
REG102346,1/10/2019,2019,West Bengal,Howrah (WB-13),2W,Scooter,Ather,Petrol,BS4,125,2,5,REG19,1/10/2019,1/10/2019
REG102347,19-08-2024,2024,Tamil Nadu,Madurai (TN-58),4W,Sedan,MG,EV,BS6,0,8,0,REG19,19/08/2024,8/19/2024
REG102348,15-11-2021,2021,Uttar Pradesh,Varanasi (UP-65),HCV,Tanker,Ashok Leyland,Diesel,BS6,6700,45,3,REG19,15/11/2021,11/15/2021
REG102349,6/12/2022,2022,Telangana,Karimnagar (TS-01),3W,E-Rickshaw,Atul Auto,CNG,BS6,225,7,2,REG19,6/12/2022,6/12/2022
REG102350,14-09-2023,2023,Maharashtra,Pune (MH-12),2W,Motorcycle,Suzuki,Petrol,BS6,0,2,1,REG19,14/09/2023,9/14/2023
REG102351,6/6/2024,2024,West Bengal,Durgapur (WB-40),OTH,Tractor,TAFE,Diesel,BS6,3760,32,0,REG19,6/6/2024,6/6/2024
REG102352,14-02-2024,2024,Kerala,Thrissur (KL-08),LCV,Pickup Van,Eicher,Diesel,BS6,3298,15,0,REG19,14/02/2024,2/14/2024
REG102353,9/1/2020,2020,Uttar Pradesh,Agra (UP-80),4W,SUV,Tata Motors,Diesel,BS6,1968,7,4,REG19,9/1/2020,9/1/2020
REG102354,9/10/2023,2023,Gujarat,Ahmedabad (GJ-01),4W,Hatchback,Skoda,Diesel,BS6,1000,6,1,REG19,9/10/2023,9/10/2023
REG102355,13-12-2021,2021,West Bengal,Howrah (WB-13),2W,Moped,Suzuki,Petrol,BS6,0,2,3,REG19,13/12/2021,12/13/2021
REG102356,22-05-2019,2019,Gujarat,Gandhinagar (GJ-18),LCV,Light Bus,Mahindra,EV,BS4,0,15,5,REG19,22/05/2019,5/22/2019
REG102357,4/4/2023,2023,Maharashtra,Nashik (MH-15),2W,Motorcycle,Yamaha,Petrol,BS6,110,2,1,REG19,4/4/2023,4/4/2023
REG102358,7/5/2023,2023,Tamil Nadu,Madurai (TN-58),2W,Moped,Royal Enfield,Petrol,BS6,100,2,1,REG19,7/5/2023,7/5/2023
REG102359,12/9/2018,2018,Karnataka,Mangalore (KA-19),2W,Moped,Ather,Petrol,BS4,125,2,6,REG19,12/9/2018,12/9/2018
REG102360,14-04-2019,2019,Karnataka,Belgaum (KA-22),2W,Motorcycle,Bajaj,Petrol,BS4,110,2,5,REG19,14/04/2019,4/14/2019
REG102361,7/1/2023,2023,Punjab,Jalandhar (PB-08),4W,Hatchback,Hyundai,Petrol,BS6,1462,7,1,REG19,7/1/2023,7/1/2023
REG102362,30-11-2019,2019,West Bengal,Kolkata (WB-01),2W,Moped,KTM,Hybrid,BS4,400,2,5,REG19,30/11/2019,11/30/2019
REG102363,17-12-2023,2023,Uttar Pradesh,Lucknow (UP-32),4W,Hatchback,Honda,Petrol,BS6,800,7,1,REG19,17/12/2023,12/17/2023
REG102364,17-11-2024,2024,Karnataka,Belgaum (KA-22),4W,MUV,Renault,Diesel,BS6,1000,5,0,REG19,17/11/2024,11/17/2024
REG102365,30-08-2023,2023,Delhi,Delhi North (DL-04),2W,Scooter,Ather,Petrol,BS6,125,2,1,REG19,30/08/2023,8/30/2023
REG102366,28-08-2018,2018,Telangana,Khammam (TS-07),4W,MUV,Renault,Hybrid,BS4,800,6,6,REG19,28/08/2018,8/28/2018
REG102367,26-02-2022,2022,West Bengal,Kolkata (WB-01),HCV,Truck,BharatBenz,Diesel,BS6,0,45,2,REG19,26/02/2022,2/26/2022
REG102368,9/5/2022,2022,Tamil Nadu,Coimbatore (TN-37),LCV,Light Bus,Eicher,EV,BS6,0,12,2,REG19,9/5/2022,9/5/2022
REG102369,14-10-2022,2022,Karnataka,Belgaum (KA-22),2W,Scooter,Bajaj,Petrol,BS6,110,2,2,REG19,14/10/2022,10/14/2022
REG102370,14-09-2023,2023,Maharashtra,Pune (MH-12),4W,Hatchback,Renault,Diesel,BS6,800,5,1,REG19,14/09/2023,9/14/2023
REG102371,6/4/2019,2019,Tamil Nadu,Madurai (TN-58),4W,SUV,Mahindra,Hybrid,BS4,1197,5,5,REG19,6/4/2019,6/4/2019
REG102372,30-06-2023,2023,Uttar Pradesh,Allahabad (UP-70),2W,Scooter,Ola Electric,CNG,BS6,350,2,1,REG19,30/06/2023,6/30/2023
REG102373,3/2/2023,2023,Gujarat,Rajkot (GJ-03),4W,Hatchback,Honda,Diesel,BS6,1968,5,1,REG19,3/2/2023,3/2/2023
REG102374,1/3/2021,2021,Delhi,Delhi South (DL-09),LCV,Pickup Van,Mahindra,Diesel,BS6,0,12,3,REG19,1/3/2021,1/3/2021
REG102375,28-11-2020,2020,Tamil Nadu,Salem (TN-30),2W,Scooter,Hero,Petrol,BS6,400,2,4,REG19,28/11/2020,11/28/2020
REG102376,23-10-2022,2022,Gujarat,Surat (GJ-05),2W,Motorcycle,Honda,EV,BS6,0,2,2,REG19,23/10/2022,10/23/2022
REG102377,24-02-2018,2018,Gujarat,Gandhinagar (GJ-18),LCV,Light Bus,Tata Motors,Diesel,BS4,0,15,6,REG19,24/02/2018,2/24/2018
REG102378,13-07-2019,2019,Karnataka,Bangalore Central (KA-01),2W,Motorcycle,Hero,Petrol,BS4,350,2,5,REG19,13/07/2019,7/13/2019
REG102379,29-04-2023,2023,Kerala,Kozhikode (KL-11),4W,MUV,Kia,Diesel,BS6,1598,6,1,REG19,29/04/2023,4/29/2023
REG102380,22-05-2023,2023,Gujarat,Gandhinagar (GJ-18),2W,Motorcycle,Yamaha,Petrol,BS6,350,2,1,REG19,22/05/2023,5/22/2023
REG102381,6/8/2023,2023,Uttar Pradesh,Agra (UP-80),4W,Sedan,MG,Diesel,BS6,1000,7,1,REG19,6/8/2023,6/8/2023
REG102382,18-08-2022,2022,West Bengal,Howrah (WB-13),4W,SUV,Hyundai,Petrol,BS6,2179,7,2,REG19,18/08/2022,8/18/2022
REG102383,5/7/2022,2022,Karnataka,Mysore (KA-09),2W,Scooter,Ola Electric,EV,BS6,0,2,2,REG19,5/7/2022,5/7/2022
REG102384,25-08-2023,2023,Tamil Nadu,Salem (TN-30),LCV,Light Bus,Tata Motors,EV,BS6,0,9,1,REG19,25/08/2023,8/25/2023
REG102385,24-05-2023,2023,Kerala,Thrissur (KL-08),2W,Scooter,Royal Enfield,EV,BS6,0,2,1,REG19,24/05/2023,5/24/2023
REG102386,15-04-2019,2019,West Bengal,Siliguri (WB-73),2W,Scooter,Honda,EV,BS4,0,2,5,REG19,15/04/2019,4/15/2019
REG102387,25-11-2023,2023,Telangana,Karimnagar (TS-01),2W,Scooter,Royal Enfield,Hybrid,BS6,150,2,1,REG19,25/11/2023,11/25/2023
REG102388,9/1/2024,2024,West Bengal,Kolkata (WB-01),2W,Scooter,Yamaha,Petrol,BS6,125,2,0,REG19,9/1/2024,9/1/2024
REG102389,3/4/2023,2023,West Bengal,Durgapur (WB-40),4W,SUV,Renault,Diesel,BS6,1968,5,1,REG19,3/4/2023,3/4/2023
REG102390,19-08-2022,2022,Tamil Nadu,Trichy (TN-45),2W,Scooter,Suzuki,CNG,BS6,125,2,2,REG19,19/08/2022,8/19/2022
REG102391,6/1/2022,2022,Telangana,Khammam (TS-07),LCV,Mini Truck,Force Motors,Diesel,BS6,0,15,2,REG19,6/1/2022,6/1/2022
REG102392,24-07-2020,2020,Uttar Pradesh,Kanpur (UP-78),2W,Motorcycle,Bajaj,Petrol,BS6,350,2,4,REG19,24/07/2020,7/24/2020
REG102393,1/9/2022,2022,Uttar Pradesh,Kanpur (UP-78),2W,Motorcycle,Bajaj,EV,BS6,0,2,2,REG19,1/9/2022,1/9/2022
REG102394,21-07-2022,2022,Maharashtra,Nashik (MH-15),LCV,Light Bus,Tata Motors,Diesel,BS6,2956,9,2,REG19,21/07/2022,7/21/2022
REG102395,18-12-2021,2021,Maharashtra,Nagpur (MH-31),4W,Sedan,Kia,Petrol,BS6,0,6,3,REG19,18/12/2021,12/18/2021
REG102396,11/5/2024,2024,West Bengal,Howrah (WB-13),4W,Hatchback,Toyota,CNG,BS6,800,7,0,REG19,11/5/2024,11/5/2024
REG102397,13-09-2022,2022,Delhi,Delhi West (DL-08),2W,Motorcycle,KTM,EV,BS6,0,2,2,REG19,13/09/2022,9/13/2022
REG102398,26-09-2024,2024,Rajasthan,Kota (RJ-20),2W,Motorcycle,Ola Electric,CNG,BS6,160,2,0,REG19,26/09/2024,9/26/2024
REG102399,3/4/2022,2022,Tamil Nadu,Coimbatore (TN-37),3W,E-Rickshaw,Kinetic Green,CNG,BS6,200,7,2,REG19,3/4/2022,3/4/2022
REG102400,26-08-2019,2019,Tamil Nadu,Coimbatore (TN-37),HCV,Bus,BharatBenz,Diesel,BS4,5660,45,5,REG19,26/08/2019,8/26/2019
REG102401,30-05-2020,2020,Uttar Pradesh,Allahabad (UP-70),2W,Scooter,Honda,Petrol,BS4,125,2,4,REG19,30/05/2020,5/30/2020
REG102402,30-04-2021,2021,Punjab,Patiala (PB-11),2W,Scooter,Royal Enfield,EV,BS6,0,2,3,REG19,30/04/2021,4/30/2021
REG102403,5/4/2020,2020,Rajasthan,Jodhpur (RJ-19),HCV,Tanker,Eicher,Diesel,BS6,3760,2,4,REG19,5/4/2020,5/4/2020
REG102404,5/4/2019,2019,Kerala,Thrissur (KL-08),OTH,Road Roller,Escorts,Diesel,BS4,6700,32,5,REG19,5/4/2019,5/4/2019
REG102405,10/1/2022,2022,West Bengal,Kolkata (WB-01),2W,Moped,Hero,Petrol,BS6,150,2,2,REG19,10/1/2022,10/1/2022
REG102406,30-05-2023,2023,Karnataka,Mangalore (KA-19),HCV,Tanker,Tata Motors,Diesel,BS6,0,2,1,REG19,30/05/2023,5/30/2023
REG102407,22-10-2024,2024,Delhi,Delhi East (DL-02),2W,Scooter,TVS,Petrol,BS6,150,2,0,REG19,22/10/2024,10/22/2024
REG102408,3/1/2024,2024,Karnataka,Mangalore (KA-19),2W,Scooter,KTM,EV,BS6,0,2,0,REG19,3/1/2024,3/1/2024
REG102409,12/11/2019,2019,Delhi,Delhi South (DL-09),2W,Scooter,Yamaha,Petrol,BS4,0,2,5,REG19,12/11/2019,12/11/2019
REG102410,25-08-2022,2022,Telangana,Nizamabad (TS-05),2W,Moped,Bajaj,CNG,BS6,125,2,2,REG19,25/08/2022,8/25/2022
REG102411,24-04-2019,2019,West Bengal,Howrah (WB-13),4W,Hatchback,Tata Motors,CNG,BS4,1598,5,5,REG19,24/04/2019,4/24/2019
REG102412,22-07-2023,2023,Gujarat,Gandhinagar (GJ-18),4W,Hatchback,Tata Motors,Diesel,BS6,1598,6,1,REG19,22/07/2023,7/22/2023
REG102413,16-11-2022,2022,West Bengal,Howrah (WB-13),4W,SUV,Toyota,Petrol,BS6,1598,5,2,REG19,16/11/2022,11/16/2022
REG102414,11/9/2023,2023,West Bengal,Kolkata (WB-01),3W,Tempo,Mahindra,CNG,BS6,250,6,1,REG19,11/9/2023,11/9/2023
REG102415,31-10-2024,2024,Maharashtra,Pune (MH-12),2W,Motorcycle,Honda,EV,BS6,0,2,0,REG19,31/10/2024,10/31/2024
REG102416,13-05-2022,2022,Tamil Nadu,Coimbatore (TN-37),4W,SUV,Kia,Petrol,BS6,0,5,2,REG19,13/05/2022,5/13/2022
REG102417,4/1/2020,2020,Punjab,Ludhiana (PB-10),2W,Motorcycle,Yamaha,Petrol,BS6,125,2,4,REG19,4/1/2020,4/1/2020
REG102418,31-01-2023,2023,Delhi,Delhi West (DL-08),2W,Motorcycle,Yamaha,EV,BS6,0,2,1,REG19,31/01/2023,1/31/2023
REG102419,26-04-2023,2023,Punjab,Ludhiana (PB-10),OTH,Crane,John Deere,Petrol,BS6,6700,52,1,REG19,26/04/2023,4/26/2023
REG102420,5/5/2020,2020,Telangana,Khammam (TS-07),4W,SUV,Mahindra,CNG,BS4,1462,6,4,REG19,5/5/2020,5/5/2020
REG102421,14-01-2019,2019,Gujarat,Surat (GJ-05),2W,Motorcycle,Ola Electric,Petrol,BS4,200,2,5,REG19,14/01/2019,1/14/2019
REG102422,19-05-2023,2023,Punjab,Patiala (PB-11),OTH,Tractor,Mahindra,Diesel,BS6,3760,2,1,REG19,19/05/2023,5/19/2023
REG102423,4/11/2021,2021,Punjab,Chandigarh (CH-01),2W,Scooter,Ola Electric,Petrol,BS6,0,2,3,REG19,4/11/2021,4/11/2021
REG102424,23-08-2020,2020,Tamil Nadu,Chennai Central (TN-01),2W,Motorcycle,KTM,Petrol,BS6,160,2,4,REG19,23/08/2020,8/23/2020
REG102425,17-05-2020,2020,Punjab,Amritsar (PB-02),2W,Motorcycle,Hero,Petrol,BS4,110,2,4,REG19,17/05/2020,5/17/2020
REG102426,22-07-2022,2022,Punjab,Ludhiana (PB-10),LCV,Pickup Van,Eicher,Diesel,BS6,0,9,2,REG19,22/07/2022,7/22/2022
REG102427,21-05-2021,2021,Kerala,Kochi (KL-07),2W,Scooter,Bajaj,CNG,BS6,350,2,3,REG19,21/05/2021,5/21/2021
REG102428,26-12-2019,2019,Rajasthan,Jodhpur (RJ-19),4W,MUV,Kia,Diesel,BS4,800,8,5,REG19,26/12/2019,12/26/2019
REG102429,4/12/2022,2022,Karnataka,Mangalore (KA-19),4W,Sedan,Maruti Suzuki,Petrol,BS6,0,7,2,REG19,4/12/2022,4/12/2022
REG102430,20-12-2019,2019,Rajasthan,Jodhpur (RJ-19),2W,Motorcycle,TVS,CNG,BS4,150,2,5,REG19,20/12/2019,12/20/2019
REG102431,21-02-2023,2023,Rajasthan,Kota (RJ-20),2W,Motorcycle,Royal Enfield,Petrol,BS6,0,2,1,REG19,21/02/2023,2/21/2023
REG102432,29-10-2024,2024,Madhya Pradesh,Bhopal (MP-04),2W,Moped,Hero,EV,BS6,0,2,0,REG19,29/10/2024,10/29/2024
REG102433,9/3/2023,2023,Madhya Pradesh,Indore (MP-09),2W,Moped,TVS,Petrol,BS6,125,2,1,REG19,9/3/2023,9/3/2023
REG102434,29-10-2024,2024,Karnataka,Belgaum (KA-22),4W,SUV,Toyota,EV,BS6,0,5,0,REG19,29/10/2024,10/29/2024
REG102435,12/4/2023,2023,Gujarat,Gandhinagar (GJ-18),3W,Auto Rickshaw,Mahindra,Diesel,BS6,225,3,1,REG19,12/4/2023,12/4/2023
REG102436,30-01-2021,2021,Tamil Nadu,Trichy (TN-45),4W,MUV,Toyota,Petrol,BS6,1197,7,3,REG19,30/01/2021,1/30/2021
REG102437,21-11-2024,2024,West Bengal,Asansol (WB-39),4W,MUV,Kia,Petrol,BS6,0,7,0,REG19,21/11/2024,11/21/2024
REG102438,11/3/2022,2022,Kerala,Kollam (KL-02),4W,Sedan,Toyota,EV,BS6,0,6,2,REG19,11/3/2022,11/3/2022
REG102439,5/7/2022,2022,Maharashtra,Aurangabad (MH-20),2W,Scooter,TVS,EV,BS6,0,2,2,REG19,5/7/2022,5/7/2022
REG102440,29-03-2020,2020,Delhi,Delhi West (DL-08),4W,Hatchback,Skoda,Diesel,BS6,1197,7,4,REG19,29/03/2020,3/29/2020
REG102441,17-08-2023,2023,Maharashtra,Mumbai Central (MH-01),4W,SUV,Honda,Petrol,BS6,1197,8,1,REG19,17/08/2023,8/17/2023
REG102442,24-03-2024,2024,Delhi,Delhi South (DL-09),4W,Sedan,Maruti Suzuki,Petrol,BS6,1462,7,0,REG19,24/03/2024,3/24/2024
REG102443,26-12-2023,2023,Karnataka,Hubli (KA-25),4W,Sedan,Skoda,Petrol,BS6,1968,8,1,REG19,26/12/2023,12/26/2023
REG102444,27-01-2021,2021,Tamil Nadu,Salem (TN-30),2W,Scooter,Suzuki,Petrol,BS6,0,2,3,REG19,27/01/2021,1/27/2021
REG102445,29-04-2023,2023,Rajasthan,Udaipur (RJ-27),2W,Motorcycle,KTM,Petrol,BS6,0,2,1,REG19,29/04/2023,4/29/2023
REG102446,12/4/2020,2020,Karnataka,Bangalore Central (KA-01),4W,Hatchback,Skoda,Petrol,BS4,0,6,4,REG19,12/4/2020,12/4/2020
REG102447,14-07-2024,2024,Tamil Nadu,Coimbatore (TN-37),2W,Scooter,Honda,Petrol,BS6,100,2,0,REG19,14/07/2024,7/14/2024
REG102448,20-01-2022,2022,Kerala,Thiruvananthapuram (KL-01),2W,Motorcycle,Ather,Petrol,BS6,200,2,2,REG19,20/01/2022,1/20/2022
REG102449,8/3/2022,2022,Uttar Pradesh,Agra (UP-80),2W,Moped,Suzuki,Petrol,BS6,250,2,2,REG19,8/3/2022,8/3/2022
REG102450,26-08-2022,2022,Gujarat,Surat (GJ-05),4W,SUV,Maruti Suzuki,Petrol,BS6,1197,6,2,REG19,26/08/2022,8/26/2022
REG102451,12/4/2023,2023,Gujarat,Rajkot (GJ-03),2W,Scooter,TVS,Petrol,BS6,250,2,1,REG19,12/4/2023,12/4/2023
REG102452,3/6/2019,2019,Karnataka,Bangalore Central (KA-01),4W,SUV,Kia,EV,BS4,0,6,5,REG19,3/6/2019,3/6/2019
REG102453,23-08-2024,2024,Kerala,Thiruvananthapuram (KL-01),2W,Scooter,Royal Enfield,Petrol,BS6,125,2,0,REG19,23/08/2024,8/23/2024
REG102454,17-01-2022,2022,West Bengal,Siliguri (WB-73),4W,MUV,Renault,Diesel,BS6,1968,6,2,REG19,17/01/2022,1/17/2022
REG102455,30-08-2024,2024,Gujarat,Gandhinagar (GJ-18),2W,Moped,Hero,Petrol,BS6,200,2,0,REG19,30/08/2024,8/30/2024
REG102456,14-11-2023,2023,Rajasthan,Jaipur (RJ-14),3W,E-Rickshaw,Bajaj,CNG,BS6,225,3,1,REG19,14/11/2023,11/14/2023
REG102457,16-05-2020,2020,Gujarat,Surat (GJ-05),2W,Motorcycle,Royal Enfield,EV,BS6,0,2,4,REG19,16/05/2020,5/16/2020
REG102458,14-09-2023,2023,Karnataka,Mangalore (KA-19),2W,Scooter,Yamaha,Petrol,BS6,250,2,1,REG19,14/09/2023,9/14/2023
REG102459,1/10/2024,2024,Punjab,Amritsar (PB-02),2W,Motorcycle,TVS,Petrol,BS6,200,2,0,REG19,1/10/2024,1/10/2024
REG102460,19-12-2022,2022,Kerala,Kochi (KL-07),2W,Motorcycle,Suzuki,EV,BS6,0,2,2,REG19,19/12/2022,12/19/2022
REG102461,2/1/2019,2019,Tamil Nadu,Coimbatore (TN-37),3W,Tempo,Kinetic Green,CNG,BS4,250,3,5,REG19,2/1/2019,2/1/2019
REG102462,16-02-2024,2024,Telangana,Nizamabad (TS-05),4W,SUV,MG,Hybrid,BS6,1968,7,0,REG19,16/02/2024,2/16/2024
REG102463,1/10/2023,2023,Delhi,Delhi West (DL-08),4W,Hatchback,Maruti Suzuki,CNG,BS6,1000,7,1,REG19,1/10/2023,1/10/2023
REG102464,22-08-2019,2019,Madhya Pradesh,Jabalpur (MP-20),2W,Scooter,Suzuki,CNG,BS4,400,2,5,REG19,22/08/2019,8/22/2019
REG102465,5/10/2023,2023,Telangana,Nizamabad (TS-05),2W,Scooter,Hero,Petrol,BS6,350,2,1,REG19,5/10/2023,5/10/2023
REG102466,30-04-2019,2019,Madhya Pradesh,Gwalior (MP-07),LCV,Pickup Van,Force Motors,Diesel,BS4,0,15,5,REG19,30/04/2019,4/30/2019
REG102467,8/11/2023,2023,Karnataka,Hubli (KA-25),4W,Hatchback,Renault,Diesel,BS6,800,5,1,REG19,8/11/2023,8/11/2023
REG102468,21-09-2024,2024,Tamil Nadu,Salem (TN-30),3W,Tempo,Piaggio,EV,BS6,0,6,0,REG19,21/09/2024,9/21/2024
REG102469,29-07-2024,2024,Maharashtra,Nashik (MH-15),4W,MUV,Maruti Suzuki,Petrol,BS6,1968,5,0,REG19,29/07/2024,7/29/2024
REG102470,17-09-2024,2024,Rajasthan,Jaipur (RJ-14),2W,Motorcycle,KTM,Petrol,BS6,150,2,0,REG19,17/09/2024,9/17/2024
REG102471,29-08-2020,2020,Delhi,Delhi Central (DL-01),2W,Moped,KTM,CNG,BS6,110,2,4,REG19,29/08/2020,8/29/2020
REG102472,21-10-2024,2024,Telangana,Warangal (TS-03),2W,Motorcycle,Suzuki,Petrol,BS6,160,2,0,REG19,21/10/2024,10/21/2024
REG102473,18-06-2023,2023,Karnataka,Belgaum (KA-22),2W,Moped,KTM,EV,BS6,0,2,1,REG19,18/06/2023,6/18/2023
REG102474,1/8/2023,2023,Telangana,Nizamabad (TS-05),4W,Hatchback,Honda,Diesel,BS6,1462,7,1,REG19,1/8/2023,1/8/2023
REG102475,23-11-2023,2023,Madhya Pradesh,Indore (MP-09),4W,MUV,Honda,Petrol,BS6,1598,5,1,REG19,23/11/2023,11/23/2023
REG102476,28-11-2022,2022,Madhya Pradesh,Gwalior (MP-07),4W,Sedan,Hyundai,EV,BS6,0,8,2,REG19,28/11/2022,11/28/2022
REG102477,6/4/2021,2021,Kerala,Thiruvananthapuram (KL-01),4W,MUV,MG,Petrol,BS6,800,5,3,REG19,6/4/2021,6/4/2021
REG102478,24-10-2024,2024,Uttar Pradesh,Kanpur (UP-78),4W,Hatchback,MG,Petrol,BS6,1197,5,0,REG19,24/10/2024,10/24/2024
REG102479,26-12-2022,2022,Madhya Pradesh,Ujjain (MP-13),4W,Sedan,MG,Petrol,BS6,1598,6,2,REG19,26/12/2022,12/26/2022
REG102480,9/11/2022,2022,Delhi,Delhi North (DL-04),2W,Moped,Hero,EV,BS6,0,2,2,REG19,9/11/2022,9/11/2022
REG102481,2/10/2023,2023,Tamil Nadu,Salem (TN-30),4W,Sedan,Maruti Suzuki,Petrol,BS6,1462,5,1,REG19,2/10/2023,2/10/2023
REG102482,27-02-2022,2022,Madhya Pradesh,Indore (MP-09),HCV,Trailer,MAN,Diesel,BS6,5660,32,2,REG19,27/02/2022,2/27/2022
REG102483,12/11/2022,2022,Punjab,Patiala (PB-11),OTH,Crane,Mahindra,Diesel,BS6,5660,52,2,REG19,12/11/2022,12/11/2022
REG102484,28-04-2020,2020,West Bengal,Howrah (WB-13),2W,Scooter,Ola Electric,EV,BS6,0,2,4,REG19,28/04/2020,4/28/2020
REG102485,13-12-2020,2020,Telangana,Nizamabad (TS-05),4W,Sedan,Maruti Suzuki,EV,BS4,0,8,4,REG19,13/12/2020,12/13/2020
REG102486,25-11-2021,2021,Kerala,Kollam (KL-02),2W,Scooter,Ather,Petrol,BS6,160,2,3,REG19,25/11/2021,11/25/2021
REG102487,27-01-2024,2024,Madhya Pradesh,Indore (MP-09),4W,SUV,Renault,CNG,BS6,1000,8,0,REG19,27/01/2024,1/27/2024
REG102488,1/1/2022,2022,Madhya Pradesh,Gwalior (MP-07),LCV,Light Bus,Mahindra,CNG,BS6,2956,12,2,REG19,1/1/2022,1/1/2022
REG102489,17-08-2023,2023,Maharashtra,Mumbai Central (MH-01),3W,Tempo,Piaggio,Diesel,BS6,200,3,1,REG19,17/08/2023,8/17/2023
REG102490,20-08-2024,2024,Maharashtra,Aurangabad (MH-20),4W,Hatchback,Renault,EV,BS6,0,8,0,REG19,20/08/2024,8/20/2024
REG102491,1/6/2023,2023,Tamil Nadu,Trichy (TN-45),2W,Scooter,Ather,Petrol,BS6,160,2,1,REG19,1/6/2023,1/6/2023
REG102492,3/12/2020,2020,Telangana,Nizamabad (TS-05),4W,Hatchback,Maruti Suzuki,Diesel,BS6,1598,6,4,REG19,3/12/2020,3/12/2020
REG102493,31-10-2022,2022,Madhya Pradesh,Jabalpur (MP-20),4W,Hatchback,Hyundai,Diesel,BS6,1000,8,2,REG19,31/10/2022,10/31/2022
REG102494,29-09-2018,2018,Karnataka,Mysore (KA-09),4W,MUV,Honda,Petrol,BS4,1197,5,6,REG19,29/09/2018,9/29/2018
REG102495,23-05-2020,2020,Delhi,Delhi South (DL-09),2W,Motorcycle,TVS,Petrol,BS6,160,2,4,REG19,23/05/2020,5/23/2020
REG102496,14-12-2020,2020,Delhi,Delhi West (DL-08),4W,MUV,Tata Motors,EV,BS6,0,5,4,REG19,14/12/2020,12/14/2020
REG102497,1/6/2024,2024,Karnataka,Mysore (KA-09),2W,Moped,Royal Enfield,EV,BS6,0,2,0,REG19,1/6/2024,1/6/2024
REG102498,25-04-2019,2019,Madhya Pradesh,Gwalior (MP-07),2W,Moped,Hero,EV,BS4,0,2,5,REG19,25/04/2019,4/25/2019
REG102499,31-01-2022,2022,Rajasthan,Jodhpur (RJ-19),2W,Moped,Royal Enfield,EV,BS6,0,2,2,REG19,31/01/2022,1/31/2022
REG102500,4/5/2024,2024,Punjab,Jalandhar (PB-08),4W,MUV,Maruti Suzuki,Petrol,BS6,1968,7,0,REG19,4/5/2024,4/5/2024
REG102501,14-09-2023,2023,Tamil Nadu,Madurai (TN-58),2W,Scooter,Bajaj,CNG,BS6,110,2,1,REG19,14/09/2023,9/14/2023
REG102502,24-07-2018,2018,Kerala,Kollam (KL-02),4W,SUV,Kia,EV,BS4,0,6,6,REG19,24/07/2018,7/24/2018
REG102503,21-05-2020,2020,Karnataka,Hubli (KA-25),LCV,Light Bus,Force Motors,Diesel,BS6,0,12,4,REG19,21/05/2020,5/21/2020
REG102504,6/11/2021,2021,Tamil Nadu,Coimbatore (TN-37),HCV,Bus,BharatBenz,Diesel,BS6,0,52,3,REG19,6/11/2021,6/11/2021
REG102505,8/12/2021,2021,Uttar Pradesh,Agra (UP-80),4W,Sedan,Toyota,CNG,BS6,1197,6,3,REG19,8/12/2021,8/12/2021
REG102506,30-07-2021,2021,Kerala,Thiruvananthapuram (KL-01),HCV,Bus,Eicher,Diesel,BS6,0,52,3,REG19,30/07/2021,7/30/2021
REG102507,25-10-2024,2024,Tamil Nadu,Chennai Central (TN-01),2W,Scooter,Honda,EV,BS6,0,2,0,REG19,25/10/2024,10/25/2024
REG102508,2/12/2024,2024,Tamil Nadu,Coimbatore (TN-37),LCV,Pickup Van,Eicher,CNG,BS6,2956,15,0,REG19,2/12/2024,2/12/2024
REG102509,2/9/2023,2023,Kerala,Kollam (KL-02),4W,Sedan,Mahindra,Diesel,BS6,1968,8,1,REG19,2/9/2023,2/9/2023
REG102510,4/3/2022,2022,Kerala,Thrissur (KL-08),3W,Auto Rickshaw,TVS,Petrol,BS6,225,6,2,REG19,4/3/2022,4/3/2022
REG102511,5/11/2019,2019,Telangana,Warangal (TS-03),2W,Scooter,Ola Electric,Petrol,BS4,400,2,5,REG19,5/11/2019,5/11/2019
REG102512,6/1/2024,2024,Kerala,Kochi (KL-07),OTH,Road Roller,Mahindra,Diesel,BS6,3760,1,0,REG19,6/1/2024,6/1/2024
REG102513,4/2/2020,2020,Karnataka,Hubli (KA-25),2W,Moped,KTM,Petrol,BS6,160,2,4,REG19,4/2/2020,4/2/2020
REG102514,9/1/2020,2020,Kerala,Kochi (KL-07),LCV,Pickup Van,Eicher,Diesel,BS6,2956,15,4,REG19,9/1/2020,9/1/2020
REG102515,10/11/2019,2019,Punjab,Jalandhar (PB-08),2W,Moped,Ather,EV,BS4,0,2,5,REG19,10/11/2019,10/11/2019
REG102516,24-12-2023,2023,Uttar Pradesh,Agra (UP-80),LCV,Pickup Van,Ashok Leyland,Diesel,BS6,2956,12,1,REG19,24/12/2023,12/24/2023
REG102517,28-04-2020,2020,Maharashtra,Nagpur (MH-31),4W,Sedan,Maruti Suzuki,Diesel,BS6,800,8,4,REG19,28/04/2020,4/28/2020
REG102518,25-07-2022,2022,Uttar Pradesh,Varanasi (UP-65),4W,Hatchback,Skoda,Petrol,BS6,1197,5,2,REG19,25/07/2022,7/25/2022
REG102519,6/5/2022,2022,Madhya Pradesh,Gwalior (MP-07),2W,Motorcycle,Hero,Petrol,BS6,100,2,2,REG19,6/5/2022,6/5/2022
REG102520,20-03-2022,2022,West Bengal,Asansol (WB-39),2W,Motorcycle,Ather,EV,BS6,0,2,2,REG19,20/03/2022,3/20/2022
REG102521,12/6/2019,2019,Maharashtra,Nagpur (MH-31),2W,Scooter,KTM,Petrol,BS4,150,2,5,REG19,12/6/2019,12/6/2019
REG102522,12/9/2019,2019,Karnataka,Mysore (KA-09),3W,Tempo,TVS,Diesel,BS4,0,6,5,REG19,12/9/2019,12/9/2019
REG102523,22-10-2021,2021,Delhi,Delhi East (DL-02),2W,Scooter,Hero,Petrol,BS4,125,2,3,REG19,22/10/2021,10/22/2021
REG102524,18-04-2022,2022,Maharashtra,Pune (MH-12),4W,Hatchback,Skoda,Petrol,BS6,2179,5,2,REG19,18/04/2022,4/18/2022
REG102525,8/10/2024,2024,Delhi,Delhi West (DL-08),4W,SUV,Kia,Petrol,BS6,800,7,0,REG19,8/10/2024,8/10/2024
REG102526,25-04-2024,2024,West Bengal,Siliguri (WB-73),2W,Moped,Ather,Petrol,BS6,200,2,0,REG19,25/04/2024,4/25/2024
REG102527,8/11/2019,2019,Karnataka,Bangalore Central (KA-01),4W,MUV,Honda,Diesel,BS6,1000,8,5,REG19,8/11/2019,8/11/2019
REG102528,4/9/2024,2024,Madhya Pradesh,Bhopal (MP-04),OTH,Road Roller,Escorts,Petrol,BS6,4998,2,0,REG19,4/9/2024,4/9/2024
REG102529,19-01-2020,2020,Telangana,Khammam (TS-07),2W,Scooter,Yamaha,Petrol,BS6,0,2,4,REG19,19/01/2020,1/19/2020
REG102530,18-02-2022,2022,Karnataka,Belgaum (KA-22),4W,Hatchback,Toyota,Diesel,BS6,1598,8,2,REG19,18/02/2022,2/18/2022
REG102531,23-07-2022,2022,Gujarat,Vadodara (GJ-06),4W,MUV,Toyota,Petrol,BS6,800,8,2,REG19,23/07/2022,7/23/2022
REG102532,8/6/2024,2024,West Bengal,Kolkata (WB-01),2W,Motorcycle,Ola Electric,Petrol,BS6,200,2,0,REG19,8/6/2024,8/6/2024
REG102533,6/10/2024,2024,Gujarat,Ahmedabad (GJ-01),4W,Hatchback,Mahindra,CNG,BS6,1197,6,0,REG19,6/10/2024,6/10/2024
REG102534,21-01-2021,2021,Karnataka,Belgaum (KA-22),2W,Motorcycle,Ola Electric,Petrol,BS6,150,2,3,REG19,21/01/2021,1/21/2021
REG102535,11/1/2023,2023,Telangana,Nizamabad (TS-05),HCV,Tanker,MAN,Diesel,BS6,6700,52,1,REG19,11/1/2023,11/1/2023
REG102536,15-07-2023,2023,Telangana,Hyderabad (TS-09),2W,Scooter,TVS,EV,BS6,0,2,1,REG19,15/07/2023,7/15/2023
REG102537,1/8/2020,2020,Kerala,Thrissur (KL-08),4W,Sedan,Mahindra,Hybrid,BS4,1197,6,4,REG19,1/8/2020,1/8/2020
REG102538,16-09-2024,2024,Maharashtra,Pune (MH-12),4W,MUV,Kia,Petrol,BS6,800,8,0,REG19,16/09/2024,9/16/2024
REG102539,1/11/2024,2024,West Bengal,Kolkata (WB-01),3W,Tempo,Atul Auto,Diesel,BS6,225,3,0,REG19,1/11/2024,1/11/2024
REG102540,25-05-2023,2023,Madhya Pradesh,Bhopal (MP-04),4W,Hatchback,Renault,Hybrid,BS6,1462,5,1,REG19,25/05/2023,5/25/2023
REG102541,3/10/2019,2019,Karnataka,Mysore (KA-09),4W,Sedan,Honda,Diesel,BS4,1498,7,5,REG19,3/10/2019,3/10/2019
REG102542,1/11/2023,2023,Telangana,Hyderabad (TS-09),2W,Scooter,Bajaj,Petrol,BS6,250,2,1,REG19,1/11/2023,1/11/2023
REG102543,4/11/2018,2018,Maharashtra,Nagpur (MH-31),OTH,Road Roller,TAFE,Diesel,BS4,6700,1,6,REG19,4/11/2018,4/11/2018
REG102544,24-12-2021,2021,West Bengal,Siliguri (WB-73),HCV,Trailer,MAN,Diesel,BS6,3760,52,3,REG19,24/12/2021,12/24/2021
REG102545,19-07-2023,2023,Madhya Pradesh,Indore (MP-09),HCV,Bus,Tata Motors,Diesel,BS6,3760,52,1,REG19,19/07/2023,7/19/2023
REG102546,9/3/2023,2023,Punjab,Amritsar (PB-02),4W,SUV,Honda,Diesel,BS6,1968,6,1,REG19,9/3/2023,9/3/2023
REG102547,11/3/2020,2020,Delhi,Delhi West (DL-08),4W,MUV,Maruti Suzuki,Diesel,BS6,1968,5,4,REG19,11/3/2020,11/3/2020
REG102548,4/1/2023,2023,Kerala,Kollam (KL-02),2W,Motorcycle,Yamaha,EV,BS6,0,2,1,REG19,4/1/2023,4/1/2023
REG102549,21-07-2020,2020,Uttar Pradesh,Allahabad (UP-70),2W,Scooter,Hero,Petrol,BS6,150,2,4,REG19,21/07/2020,7/21/2020
REG102550,8/8/2019,2019,Uttar Pradesh,Lucknow (UP-32),2W,Motorcycle,Ather,EV,BS4,0,2,5,REG19,8/8/2019,8/8/2019
REG102551,2/3/2022,2022,Maharashtra,Aurangabad (MH-20),4W,Hatchback,Maruti Suzuki,Petrol,BS6,1197,5,2,REG19,2/3/2022,2/3/2022
REG102552,23-06-2018,2018,Kerala,Kochi (KL-07),4W,Sedan,Toyota,Petrol,BS4,1197,6,6,REG19,23/06/2018,6/23/2018
REG102553,20-07-2022,2022,West Bengal,Durgapur (WB-40),4W,SUV,Mahindra,Petrol,BS6,800,5,2,REG19,20/07/2022,7/20/2022
REG102554,31-05-2024,2024,Punjab,Patiala (PB-11),2W,Motorcycle,KTM,Petrol,BS6,200,2,0,REG19,31/05/2024,5/31/2024
REG102555,13-10-2021,2021,Gujarat,Vadodara (GJ-06),OTH,Road Roller,TAFE,Diesel,BS4,0,32,3,REG19,13/10/2021,10/13/2021
REG102556,19-11-2019,2019,Kerala,Kozhikode (KL-11),HCV,Bus,Eicher,Diesel,BS4,0,1,5,REG19,19/11/2019,11/19/2019
REG102557,18-06-2020,2020,Kerala,Kollam (KL-02),4W,SUV,Toyota,Diesel,BS6,1968,8,4,REG19,18/06/2020,6/18/2020
REG102558,27-01-2022,2022,Tamil Nadu,Coimbatore (TN-37),4W,SUV,Tata Motors,Petrol,BS6,1598,8,2,REG19,27/01/2022,1/27/2022
REG102559,4/10/2024,2024,Uttar Pradesh,Lucknow (UP-32),2W,Scooter,Honda,Petrol,BS6,250,2,0,REG19,4/10/2024,4/10/2024
REG102560,9/1/2022,2022,Maharashtra,Nashik (MH-15),2W,Scooter,TVS,Hybrid,BS6,125,2,2,REG19,9/1/2022,9/1/2022
REG102561,11/7/2021,2021,Delhi,Delhi West (DL-08),4W,Hatchback,Toyota,Diesel,BS6,1462,5,3,REG19,11/7/2021,11/7/2021
REG102562,11/6/2022,2022,Karnataka,Mangalore (KA-19),2W,Moped,Honda,Petrol,BS6,250,2,2,REG19,11/6/2022,11/6/2022
REG102563,4/6/2019,2019,Maharashtra,Nagpur (MH-31),3W,Tempo,Bajaj,Diesel,BS4,200,3,5,REG19,4/6/2019,4/6/2019
REG102564,16-05-2018,2018,Delhi,Delhi South (DL-09),2W,Scooter,Ola Electric,Petrol,BS4,200,2,6,REG19,16/05/2018,5/16/2018
REG102565,24-08-2018,2018,Delhi,Delhi Central (DL-01),4W,SUV,MG,CNG,BS4,1000,5,6,REG19,24/08/2018,8/24/2018
REG102566,26-07-2024,2024,Madhya Pradesh,Ujjain (MP-13),4W,MUV,Honda,Hybrid,BS6,1462,8,0,REG19,26/07/2024,7/26/2024
REG102567,6/11/2024,2024,Rajasthan,Udaipur (RJ-27),LCV,Light Bus,Mahindra,Diesel,BS6,0,12,0,REG19,6/11/2024,6/11/2024
REG102568,6/4/2023,2023,Madhya Pradesh,Ujjain (MP-13),3W,Tempo,Bajaj,Diesel,BS6,225,7,1,REG19,6/4/2023,6/4/2023
REG102569,25-11-2021,2021,Kerala,Thrissur (KL-08),LCV,Light Bus,Tata Motors,Diesel,BS6,2523,15,3,REG19,25/11/2021,11/25/2021
REG102570,14-03-2020,2020,Tamil Nadu,Coimbatore (TN-37),2W,Scooter,Suzuki,EV,BS6,0,2,4,REG19,14/03/2020,3/14/2020
REG102571,29-05-2022,2022,Kerala,Thrissur (KL-08),2W,Moped,TVS,Petrol,BS6,160,2,2,REG19,29/05/2022,5/29/2022
REG102572,24-08-2023,2023,Maharashtra,Pune (MH-12),LCV,Mini Truck,Ashok Leyland,Diesel,BS6,0,15,1,REG19,24/08/2023,8/24/2023
REG102573,23-03-2023,2023,Punjab,Ludhiana (PB-10),2W,Scooter,KTM,Petrol,BS6,150,2,1,REG19,23/03/2023,3/23/2023
REG102574,4/4/2019,2019,Kerala,Kollam (KL-02),LCV,Light Bus,Mahindra,Diesel,BS4,2523,15,5,REG19,4/4/2019,4/4/2019
REG102575,31-03-2022,2022,Karnataka,Hubli (KA-25),4W,Hatchback,Hyundai,Diesel,BS6,0,7,2,REG19,31/03/2022,3/31/2022
REG102576,26-09-2019,2019,Gujarat,Surat (GJ-05),2W,Scooter,KTM,EV,BS4,0,2,5,REG19,26/09/2019,9/26/2019
REG102577,17-05-2024,2024,Punjab,Chandigarh (CH-01),4W,MUV,Toyota,Diesel,BS6,1598,6,0,REG19,17/05/2024,5/17/2024
REG102578,15-11-2022,2022,Uttar Pradesh,Lucknow (UP-32),HCV,Tanker,Volvo,Diesel,BS6,3760,2,2,REG19,15/11/2022,11/15/2022
REG102579,10/12/2024,2024,Telangana,Warangal (TS-03),2W,Motorcycle,Suzuki,Petrol,BS6,125,2,0,REG19,10/12/2024,10/12/2024
REG102580,28-08-2022,2022,Tamil Nadu,Salem (TN-30),OTH,Road Roller,TAFE,Diesel,BS6,4998,2,2,REG19,28/08/2022,8/28/2022
REG102581,2/9/2021,2021,Karnataka,Mangalore (KA-19),LCV,Light Bus,Tata Motors,Diesel,BS6,2523,12,3,REG19,2/9/2021,2/9/2021
REG102582,11/11/2023,2023,Maharashtra,Pune (MH-12),4W,Hatchback,Mahindra,Diesel,BS6,1598,6,1,REG19,11/11/2023,11/11/2023
REG102583,24-11-2023,2023,Punjab,Patiala (PB-11),4W,Sedan,Kia,Petrol,BS6,2179,7,1,REG19,24/11/2023,11/24/2023
REG102584,31-08-2023,2023,Kerala,Thiruvananthapuram (KL-01),2W,Scooter,Royal Enfield,Petrol,BS6,200,2,1,REG19,31/08/2023,8/31/2023
REG102585,9/8/2022,2022,Telangana,Warangal (TS-03),2W,Scooter,TVS,Petrol,BS6,125,2,2,REG19,9/8/2022,9/8/2022
REG102586,21-11-2023,2023,Maharashtra,Mumbai Central (MH-01),2W,Scooter,Bajaj,EV,BS6,0,2,1,REG19,21/11/2023,11/21/2023
REG102587,6/9/2021,2021,Gujarat,Rajkot (GJ-03),4W,SUV,Skoda,Diesel,BS6,1462,5,3,REG19,6/9/2021,6/9/2021
REG102588,5/10/2022,2022,Telangana,Warangal (TS-03),OTH,Road Roller,Escorts,Diesel,BS6,5660,52,2,REG19,5/10/2022,5/10/2022
REG102589,10/6/2023,2023,Karnataka,Hubli (KA-25),4W,MUV,Maruti Suzuki,CNG,BS6,800,7,1,REG19,10/6/2023,10/6/2023
REG102590,23-04-2020,2020,Punjab,Ludhiana (PB-10),2W,Scooter,Suzuki,Petrol,BS6,0,2,4,REG19,23/04/2020,4/23/2020
REG102591,1/10/2022,2022,Gujarat,Rajkot (GJ-03),2W,Motorcycle,TVS,CNG,BS6,110,2,2,REG19,1/10/2022,1/10/2022
REG102592,3/1/2020,2020,Madhya Pradesh,Bhopal (MP-04),2W,Scooter,Ather,Petrol,BS6,110,2,4,REG19,3/1/2020,3/1/2020
REG102593,28-09-2024,2024,Tamil Nadu,Salem (TN-30),2W,Moped,TVS,Petrol,BS6,160,2,0,REG19,28/09/2024,9/28/2024
REG102594,16-09-2021,2021,West Bengal,Durgapur (WB-40),2W,Moped,TVS,Petrol,BS6,350,2,3,REG19,16/09/2021,9/16/2021
REG102595,7/10/2022,2022,Karnataka,Belgaum (KA-22),4W,Sedan,Tata Motors,Petrol,BS6,2179,5,2,REG19,7/10/2022,7/10/2022
REG102596,24-12-2022,2022,Rajasthan,Ajmer (RJ-01),OTH,Crane,Mahindra,Diesel,BS6,3760,2,2,REG19,24/12/2022,12/24/2022
REG102597,3/11/2022,2022,Kerala,Kozhikode (KL-11),4W,SUV,Honda,Petrol,BS6,0,7,2,REG19,3/11/2022,3/11/2022
REG102598,18-05-2023,2023,Uttar Pradesh,Lucknow (UP-32),4W,SUV,Renault,Diesel,BS6,1968,6,1,REG19,18/05/2023,5/18/2023
REG102599,2/3/2020,2020,Madhya Pradesh,Ujjain (MP-13),2W,Motorcycle,Ola Electric,EV,BS6,0,2,4,REG19,2/3/2020,2/3/2020
REG102600,4/1/2021,2021,Telangana,Hyderabad (TS-09),4W,Sedan,Honda,Petrol,BS6,1000,8,3,REG19,4/1/2021,4/1/2021
REG102601,19-06-2022,2022,Rajasthan,Kota (RJ-20),LCV,Light Bus,Force Motors,CNG,BS6,0,15,2,REG19,19/06/2022,6/19/2022
REG102602,11/5/2019,2019,Telangana,Karimnagar (TS-01),2W,Scooter,KTM,Petrol,BS4,350,2,5,REG19,11/5/2019,11/5/2019
REG102603,1/8/2022,2022,Uttar Pradesh,Agra (UP-80),2W,Motorcycle,Suzuki,EV,BS6,0,2,2,REG19,1/8/2022,1/8/2022
REG102604,16-06-2021,2021,Tamil Nadu,Madurai (TN-58),4W,SUV,Hyundai,Diesel,BS6,1000,6,3,REG19,16/06/2021,6/16/2021
REG102605,30-08-2022,2022,Tamil Nadu,Madurai (TN-58),LCV,Pickup Van,Tata Motors,EV,BS6,0,9,2,REG19,30/08/2022,8/30/2022
REG102606,30-04-2018,2018,Tamil Nadu,Coimbatore (TN-37),2W,Scooter,Ather,Petrol,BS3,200,2,6,REG19,30/04/2018,4/30/2018
REG102607,15-11-2021,2021,West Bengal,Kolkata (WB-01),4W,MUV,Maruti Suzuki,Petrol,BS6,1498,7,3,REG19,15/11/2021,11/15/2021
REG102608,20-06-2018,2018,Tamil Nadu,Coimbatore (TN-37),3W,E-Rickshaw,Bajaj,CNG,BS4,200,7,6,REG19,20/06/2018,6/20/2018
REG102609,9/12/2019,2019,Punjab,Patiala (PB-11),2W,Moped,Royal Enfield,Hybrid,BS4,0,2,5,REG19,9/12/2019,9/12/2019
REG102610,7/9/2022,2022,Maharashtra,Aurangabad (MH-20),4W,Hatchback,Skoda,Diesel,BS6,1197,7,2,REG19,7/9/2022,7/9/2022
REG102611,27-09-2021,2021,Rajasthan,Jodhpur (RJ-19),4W,Hatchback,Mahindra,Diesel,BS6,800,7,3,REG19,27/09/2021,9/27/2021
REG102612,18-09-2023,2023,Rajasthan,Jaipur (RJ-14),3W,E-Rickshaw,Mahindra,Petrol,BS6,200,7,1,REG19,18/09/2023,9/18/2023
REG102613,27-10-2023,2023,Rajasthan,Udaipur (RJ-27),4W,Sedan,Skoda,Petrol,BS6,0,5,1,REG19,27/10/2023,10/27/2023
REG102614,23-01-2021,2021,Tamil Nadu,Salem (TN-30),2W,Moped,Ola Electric,Petrol,BS6,150,2,3,REG19,23/01/2021,1/23/2021
REG102615,28-08-2021,2021,Karnataka,Hubli (KA-25),HCV,Bus,Volvo,Diesel,BS6,4998,32,3,REG19,28/08/2021,8/28/2021
REG102616,30-09-2022,2022,Tamil Nadu,Chennai Central (TN-01),2W,Moped,KTM,CNG,BS6,250,2,2,REG19,30/09/2022,9/30/2022
REG102617,17-05-2022,2022,West Bengal,Durgapur (WB-40),4W,Hatchback,Kia,Petrol,BS6,0,6,2,REG19,17/05/2022,5/17/2022
REG102618,24-09-2021,2021,Delhi,Delhi Central (DL-01),3W,Tempo,Piaggio,EV,BS6,0,7,3,REG19,24/09/2021,9/24/2021
REG102619,28-03-2023,2023,Telangana,Nizamabad (TS-05),2W,Scooter,TVS,Petrol,BS6,250,2,1,REG19,28/03/2023,3/28/2023
REG102620,4/8/2021,2021,Maharashtra,Nagpur (MH-31),4W,MUV,Skoda,Hybrid,BS6,2179,7,3,REG19,4/8/2021,4/8/2021
REG102621,4/4/2018,2018,Telangana,Warangal (TS-03),2W,Scooter,Bajaj,CNG,BS4,0,2,6,REG19,4/4/2018,4/4/2018
REG102622,31-05-2022,2022,Delhi,Delhi Central (DL-01),2W,Moped,Honda,EV,BS6,0,2,2,REG19,31/05/2022,5/31/2022
REG102623,4/8/2022,2022,Uttar Pradesh,Agra (UP-80),4W,SUV,Honda,CNG,BS6,1197,6,2,REG19,4/8/2022,4/8/2022
REG102624,24-10-2022,2022,Tamil Nadu,Salem (TN-30),4W,Sedan,MG,Petrol,BS6,800,6,2,REG19,24/10/2022,10/24/2022
REG102625,8/8/2023,2023,Tamil Nadu,Coimbatore (TN-37),3W,Tempo,Bajaj,CNG,BS6,250,6,1,REG19,8/8/2023,8/8/2023
REG102626,26-08-2024,2024,Kerala,Kollam (KL-02),4W,MUV,Maruti Suzuki,EV,BS6,0,7,0,REG19,26/08/2024,8/26/2024
REG102627,31-10-2021,2021,Kerala,Kozhikode (KL-11),2W,Scooter,Suzuki,EV,BS6,0,2,3,REG19,31/10/2021,10/31/2021
REG102628,3/2/2020,2020,Karnataka,Belgaum (KA-22),4W,Hatchback,MG,Hybrid,BS6,1598,5,4,REG19,3/2/2020,3/2/2020
REG102629,30-12-2024,2024,Rajasthan,Udaipur (RJ-27),4W,SUV,Toyota,Diesel,BS6,1968,6,0,REG19,30/12/2024,12/30/2024
REG102630,26-09-2022,2022,Uttar Pradesh,Allahabad (UP-70),2W,Scooter,Ather,EV,BS6,0,2,2,REG19,26/09/2022,9/26/2022
REG102631,14-12-2020,2020,Tamil Nadu,Chennai Central (TN-01),4W,MUV,Hyundai,Petrol,BS6,1000,6,4,REG19,14/12/2020,12/14/2020
REG102632,21-02-2024,2024,Karnataka,Belgaum (KA-22),2W,Scooter,Honda,EV,BS6,0,2,0,REG19,21/02/2024,2/21/2024
REG102633,10/3/2019,2019,Punjab,Patiala (PB-11),3W,E-Rickshaw,Kinetic Green,Petrol,BS6,200,7,5,REG19,10/3/2019,10/3/2019
REG102634,19-01-2024,2024,West Bengal,Kolkata (WB-01),HCV,Tanker,MAN,EV,BS6,0,1,0,REG19,19/01/2024,1/19/2024
REG102635,11/10/2022,2022,West Bengal,Asansol (WB-39),2W,Scooter,TVS,EV,BS6,0,2,2,REG19,11/10/2022,11/10/2022
REG102636,4/12/2024,2024,Delhi,Delhi East (DL-02),2W,Moped,Ather,EV,BS6,0,2,0,REG19,4/12/2024,4/12/2024
REG102637,17-06-2018,2018,Punjab,Jalandhar (PB-08),HCV,Bus,MAN,Diesel,BS4,6700,52,6,REG19,17/06/2018,6/17/2018
REG102638,17-08-2021,2021,Punjab,Jalandhar (PB-08),LCV,Light Bus,Mahindra,Diesel,BS6,2523,12,3,REG19,17/08/2021,8/17/2021
REG102639,20-11-2021,2021,West Bengal,Howrah (WB-13),4W,Sedan,Mahindra,Petrol,BS6,800,7,3,REG19,20/11/2021,11/20/2021
REG102640,12/12/2022,2022,West Bengal,Kolkata (WB-01),2W,Moped,Honda,EV,BS6,0,2,2,REG19,12/12/2022,12/12/2022
REG102641,3/10/2021,2021,Telangana,Nizamabad (TS-05),4W,SUV,Kia,Petrol,BS6,1462,5,3,REG19,3/10/2021,3/10/2021
REG102642,19-03-2024,2024,Karnataka,Hubli (KA-25),2W,Scooter,Hero,EV,BS6,0,2,0,REG19,19/03/2024,3/19/2024
REG102643,15-06-2024,2024,Madhya Pradesh,Gwalior (MP-07),LCV,Mini Truck,Force Motors,Diesel,BS6,0,15,0,REG19,15/06/2024,6/15/2024
REG102644,14-03-2022,2022,Punjab,Chandigarh (CH-01),4W,MUV,MG,CNG,BS6,1462,7,2,REG19,14/03/2022,3/14/2022
REG102645,22-10-2021,2021,Madhya Pradesh,Gwalior (MP-07),2W,Moped,Royal Enfield,Petrol,BS6,160,2,3,REG19,22/10/2021,10/22/2021
REG102646,10/8/2023,2023,Maharashtra,Pune (MH-12),4W,MUV,Honda,Petrol,BS6,1462,6,1,REG19,10/8/2023,10/8/2023
REG102647,30-06-2020,2020,Punjab,Amritsar (PB-02),3W,E-Rickshaw,Atul Auto,EV,BS6,0,6,4,REG19,30/06/2020,6/30/2020
REG102648,14-10-2019,2019,West Bengal,Howrah (WB-13),4W,Sedan,MG,Petrol,BS4,1462,5,5,REG19,14/10/2019,10/14/2019
REG102649,4/6/2024,2024,Tamil Nadu,Trichy (TN-45),4W,SUV,Renault,Diesel,BS6,1197,6,0,REG19,4/6/2024,4/6/2024
REG102650,11/5/2022,2022,Delhi,Delhi East (DL-02),2W,Scooter,Yamaha,Petrol,BS6,400,2,2,REG19,11/5/2022,11/5/2022
REG102651,29-05-2024,2024,Delhi,Delhi South (DL-09),2W,Scooter,Hero,EV,BS6,0,2,0,REG19,29/05/2024,5/29/2024
REG102652,2/7/2023,2023,West Bengal,Durgapur (WB-40),2W,Moped,Honda,Petrol,BS6,400,2,1,REG19,2/7/2023,2/7/2023
REG102653,28-02-2024,2024,Gujarat,Ahmedabad (GJ-01),HCV,Tanker,Volvo,CNG,BS6,6700,1,0,REG19,28/02/2024,2/28/2024
REG102654,27-07-2022,2022,West Bengal,Kolkata (WB-01),2W,Motorcycle,TVS,Petrol,BS6,0,2,2,REG19,27/07/2022,7/27/2022
REG102655,21-05-2023,2023,Telangana,Hyderabad (TS-09),4W,SUV,Hyundai,Petrol,BS6,2179,8,1,REG19,21/05/2023,5/21/2023
REG102656,28-05-2023,2023,Kerala,Thiruvananthapuram (KL-01),4W,SUV,Renault,Petrol,BS6,800,6,1,REG19,28/05/2023,5/28/2023
REG102657,19-03-2023,2023,Punjab,Ludhiana (PB-10),4W,SUV,Mahindra,Petrol,BS6,1968,7,1,REG19,19/03/2023,3/19/2023
REG102658,1/8/2022,2022,Kerala,Thiruvananthapuram (KL-01),4W,MUV,Tata Motors,Petrol,BS6,1968,8,2,REG19,1/8/2022,1/8/2022
REG102659,1/1/2022,2022,West Bengal,Kolkata (WB-01),4W,MUV,Honda,Diesel,BS6,1197,7,2,REG19,1/1/2022,1/1/2022
REG102660,10/3/2019,2019,Kerala,Thrissur (KL-08),HCV,Trailer,Ashok Leyland,Diesel,BS4,4998,32,5,REG19,10/3/2019,10/3/2019
REG102661,11/10/2022,2022,Punjab,Patiala (PB-11),4W,Hatchback,Mahindra,Hybrid,BS6,1462,8,2,REG19,11/10/2022,11/10/2022
REG102662,6/2/2024,2024,West Bengal,Durgapur (WB-40),4W,Hatchback,Hyundai,Diesel,BS6,1598,6,0,REG19,6/2/2024,6/2/2024
REG102663,26-03-2021,2021,Madhya Pradesh,Gwalior (MP-07),2W,Scooter,Honda,Petrol,BS6,150,2,3,REG19,26/03/2021,3/26/2021
REG102664,13-03-2022,2022,Delhi,Delhi West (DL-08),2W,Scooter,Suzuki,Petrol,BS6,250,2,2,REG19,13/03/2022,3/13/2022
REG102665,4/2/2019,2019,Maharashtra,Mumbai Central (MH-01),4W,Sedan,MG,Hybrid,BS4,1598,8,5,REG19,4/2/2019,4/2/2019
REG102666,15-05-2023,2023,Punjab,Amritsar (PB-02),2W,Motorcycle,TVS,EV,BS6,0,2,1,REG19,15/05/2023,5/15/2023
REG102667,21-06-2018,2018,Gujarat,Gandhinagar (GJ-18),2W,Motorcycle,Ather,Petrol,BS4,200,2,6,REG19,21/06/2018,6/21/2018
REG102668,23-07-2020,2020,Karnataka,Mysore (KA-09),LCV,Pickup Van,Ashok Leyland,CNG,BS6,0,9,4,REG19,23/07/2020,7/23/2020
REG102669,4/5/2021,2021,Tamil Nadu,Trichy (TN-45),HCV,Bus,Eicher,Diesel,BS4,4998,1,3,REG19,4/5/2021,4/5/2021
REG102670,25-10-2023,2023,Gujarat,Vadodara (GJ-06),2W,Moped,Honda,Petrol,BS6,150,2,1,REG19,25/10/2023,10/25/2023
REG102671,29-10-2022,2022,Tamil Nadu,Madurai (TN-58),2W,Scooter,Ola Electric,EV,BS6,0,2,2,REG19,29/10/2022,10/29/2022
REG102672,27-05-2018,2018,Delhi,Delhi Central (DL-01),2W,Moped,Hero,Petrol,BS4,150,2,6,REG19,27/05/2018,5/27/2018
REG102673,27-09-2020,2020,West Bengal,Siliguri (WB-73),4W,MUV,Hyundai,Diesel,BS4,1598,5,4,REG19,27/09/2020,9/27/2020
REG102674,13-02-2021,2021,Maharashtra,Mumbai Central (MH-01),4W,MUV,Mahindra,Petrol,BS6,1598,5,3,REG19,13/02/2021,2/13/2021
REG102675,8/1/2020,2020,Karnataka,Hubli (KA-25),2W,Scooter,Ather,Petrol,BS6,350,2,4,REG19,8/1/2020,8/1/2020
REG102676,26-09-2023,2023,Telangana,Hyderabad (TS-09),4W,Hatchback,Maruti Suzuki,CNG,BS6,1598,8,1,REG19,26/09/2023,9/26/2023
REG102677,2/1/2023,2023,Gujarat,Surat (GJ-05),2W,Scooter,Hero,Petrol,BS6,125,2,1,REG19,2/1/2023,2/1/2023
REG102678,27-12-2024,2024,Uttar Pradesh,Allahabad (UP-70),4W,Sedan,Hyundai,Diesel,BS6,1462,5,0,REG19,27/12/2024,12/27/2024
REG102679,20-06-2024,2024,Uttar Pradesh,Lucknow (UP-32),2W,Motorcycle,Hero,Petrol,BS6,200,2,0,REG19,20/06/2024,6/20/2024
REG102680,29-05-2023,2023,Kerala,Thiruvananthapuram (KL-01),4W,Sedan,Tata Motors,Petrol,BS6,1197,5,1,REG19,29/05/2023,5/29/2023
REG102681,28-10-2020,2020,Uttar Pradesh,Varanasi (UP-65),3W,Auto Rickshaw,TVS,CNG,BS4,225,3,4,REG19,28/10/2020,10/28/2020
REG102682,11/3/2022,2022,Karnataka,Mangalore (KA-19),2W,Motorcycle,Bajaj,CNG,BS6,125,2,2,REG19,11/3/2022,11/3/2022
REG102683,1/4/2019,2019,Gujarat,Ahmedabad (GJ-01),2W,Scooter,Bajaj,EV,BS4,0,2,5,REG19,1/4/2019,1/4/2019
REG102684,24-01-2023,2023,Rajasthan,Udaipur (RJ-27),2W,Motorcycle,Honda,EV,BS6,0,2,1,REG19,24/01/2023,1/24/2023
REG102685,27-04-2022,2022,Karnataka,Mysore (KA-09),2W,Scooter,Bajaj,Petrol,BS6,125,2,2,REG19,27/04/2022,4/27/2022
REG102686,10/5/2020,2020,Rajasthan,Jodhpur (RJ-19),3W,Auto Rickshaw,Piaggio,CNG,BS6,250,6,4,REG19,10/5/2020,10/5/2020
REG102687,2/6/2022,2022,Madhya Pradesh,Gwalior (MP-07),2W,Motorcycle,Royal Enfield,Petrol,BS6,0,2,2,REG19,2/6/2022,2/6/2022
REG102688,9/4/2022,2022,West Bengal,Siliguri (WB-73),4W,Sedan,Kia,CNG,BS6,1498,6,2,REG19,9/4/2022,9/4/2022
REG102689,10/12/2023,2023,Kerala,Thiruvananthapuram (KL-01),4W,SUV,Mahindra,Diesel,BS6,2179,6,1,REG19,10/12/2023,10/12/2023
REG102690,2/7/2022,2022,Gujarat,Gandhinagar (GJ-18),4W,SUV,Tata Motors,CNG,BS6,1968,5,2,REG19,2/7/2022,2/7/2022
REG102691,17-05-2022,2022,Rajasthan,Jodhpur (RJ-19),OTH,Crane,John Deere,Diesel,BS6,6700,45,2,REG19,17/05/2022,5/17/2022
REG102692,17-05-2021,2021,Tamil Nadu,Madurai (TN-58),4W,Hatchback,Skoda,Diesel,BS6,2179,7,3,REG19,17/05/2021,5/17/2021
REG102693,19-05-2021,2021,Delhi,Delhi East (DL-02),2W,Moped,Yamaha,Petrol,BS6,250,2,3,REG19,19/05/2021,5/19/2021
REG102694,25-12-2022,2022,Uttar Pradesh,Agra (UP-80),4W,SUV,Mahindra,CNG,BS6,1968,6,2,REG19,25/12/2022,12/25/2022
REG102695,18-07-2021,2021,Madhya Pradesh,Ujjain (MP-13),4W,SUV,Mahindra,Petrol,BS6,2179,6,3,REG19,18/07/2021,7/18/2021
REG102696,24-12-2022,2022,Gujarat,Ahmedabad (GJ-01),2W,Motorcycle,TVS,EV,BS6,0,2,2,REG19,24/12/2022,12/24/2022
REG102697,29-07-2024,2024,Delhi,Delhi South (DL-09),HCV,Trailer,Volvo,Diesel,BS6,0,32,0,REG19,29/07/2024,7/29/2024
REG102698,3/10/2023,2023,Telangana,Karimnagar (TS-01),2W,Moped,Hero,Petrol,BS6,125,2,1,REG19,3/10/2023,3/10/2023
REG102699,7/10/2022,2022,Gujarat,Gandhinagar (GJ-18),3W,Tempo,Piaggio,EV,BS6,0,6,2,REG19,7/10/2022,7/10/2022
REG102700,2/12/2019,2019,Karnataka,Hubli (KA-25),LCV,Light Bus,Eicher,Diesel,BS4,2956,15,5,REG19,2/12/2019,2/12/2019
REG102701,31-01-2022,2022,West Bengal,Kolkata (WB-01),2W,Motorcycle,KTM,Petrol,BS6,350,2,2,REG19,31/01/2022,1/31/2022
REG102702,4/9/2022,2022,Kerala,Kochi (KL-07),4W,Hatchback,Hyundai,Petrol,BS6,0,5,2,REG19,4/9/2022,4/9/2022
REG102703,27-05-2019,2019,Telangana,Warangal (TS-03),2W,Scooter,Ola Electric,Petrol,BS4,250,2,5,REG19,27/05/2019,5/27/2019
REG102704,15-03-2021,2021,Delhi,Delhi South (DL-09),4W,MUV,Honda,Petrol,BS6,1197,8,3,REG19,15/03/2021,3/15/2021
REG102705,13-03-2022,2022,Kerala,Kozhikode (KL-11),2W,Scooter,Bajaj,Petrol,BS6,0,2,2,REG19,13/03/2022,3/13/2022
REG102706,10/2/2022,2022,Punjab,Amritsar (PB-02),2W,Scooter,Ola Electric,Petrol,BS6,110,2,2,REG19,10/2/2022,10/2/2022
REG102707,29-07-2022,2022,Tamil Nadu,Salem (TN-30),4W,MUV,Kia,CNG,BS6,2179,5,2,REG19,29/07/2022,7/29/2022
REG102708,19-07-2019,2019,Uttar Pradesh,Allahabad (UP-70),2W,Scooter,Bajaj,EV,BS4,0,2,5,REG19,19/07/2019,7/19/2019
REG102709,18-10-2023,2023,Tamil Nadu,Madurai (TN-58),4W,Hatchback,Hyundai,Diesel,BS6,1498,5,1,REG19,18/10/2023,10/18/2023
REG102710,3/8/2022,2022,Karnataka,Mysore (KA-09),2W,Scooter,Royal Enfield,Petrol,BS6,350,2,2,REG19,3/8/2022,3/8/2022
REG102711,7/10/2021,2021,Madhya Pradesh,Indore (MP-09),HCV,Trailer,Eicher,Diesel,BS6,5660,1,3,REG19,7/10/2021,7/10/2021
REG102712,8/5/2020,2020,Kerala,Thiruvananthapuram (KL-01),HCV,Tanker,BharatBenz,Diesel,BS6,0,1,4,REG19,8/5/2020,8/5/2020
REG102713,3/12/2023,2023,Karnataka,Mangalore (KA-19),2W,Scooter,Ola Electric,EV,BS6,0,2,1,REG19,3/12/2023,3/12/2023
REG102714,1/8/2020,2020,Maharashtra,Mumbai Central (MH-01),LCV,Light Bus,Mahindra,Diesel,BS6,0,9,4,REG19,1/8/2020,1/8/2020
REG102715,30-05-2022,2022,Uttar Pradesh,Allahabad (UP-70),OTH,Road Roller,Mahindra,Diesel,BS6,4998,1,2,REG19,30/05/2022,5/30/2022
REG102716,31-01-2022,2022,Delhi,Delhi West (DL-08),3W,Tempo,TVS,CNG,BS6,225,6,2,REG19,31/01/2022,1/31/2022
REG102717,5/9/2024,2024,Delhi,Delhi Central (DL-01),2W,Moped,KTM,EV,BS6,0,2,0,REG19,5/9/2024,5/9/2024
REG102718,20-02-2021,2021,Karnataka,Mysore (KA-09),HCV,Tanker,Tata Motors,Diesel,BS6,3760,45,3,REG19,20/02/2021,2/20/2021
REG102719,11/3/2023,2023,Karnataka,Mysore (KA-09),LCV,Light Bus,Tata Motors,CNG,BS6,3298,12,1,REG19,11/3/2023,11/3/2023
REG102720,3/3/2019,2019,Madhya Pradesh,Bhopal (MP-04),2W,Moped,Ather,EV,BS4,0,2,5,REG19,3/3/2019,3/3/2019
REG102721,8/2/2024,2024,Telangana,Karimnagar (TS-01),LCV,Pickup Van,Ashok Leyland,Diesel,BS6,2956,12,0,REG19,8/2/2024,8/2/2024
REG102722,2/5/2020,2020,West Bengal,Asansol (WB-39),2W,Scooter,Royal Enfield,Petrol,BS6,400,2,4,REG19,2/5/2020,2/5/2020
REG102723,13-07-2024,2024,Karnataka,Bangalore Central (KA-01),HCV,Tanker,Volvo,Diesel,BS6,3760,52,0,REG19,13/07/2024,7/13/2024
REG102724,8/2/2021,2021,Gujarat,Surat (GJ-05),2W,Motorcycle,Honda,Petrol,BS6,150,2,3,REG19,8/2/2021,8/2/2021
REG102725,5/4/2023,2023,Karnataka,Hubli (KA-25),2W,Motorcycle,Suzuki,EV,BS6,0,2,1,REG19,5/4/2023,5/4/2023
REG102726,1/12/2024,2024,Karnataka,Mangalore (KA-19),4W,SUV,Toyota,Petrol,BS6,2179,7,0,REG19,1/12/2024,1/12/2024
REG102727,29-12-2023,2023,Karnataka,Bangalore Central (KA-01),2W,Scooter,Royal Enfield,EV,BS6,0,2,1,REG19,29/12/2023,12/29/2023
REG102728,6/8/2024,2024,Punjab,Patiala (PB-11),4W,SUV,Renault,Diesel,BS6,1968,7,0,REG19,6/8/2024,6/8/2024
REG102729,30-10-2018,2018,Telangana,Khammam (TS-07),OTH,Road Roller,TAFE,Diesel,BS4,5660,45,6,REG19,30/10/2018,10/30/2018
REG102730,1/6/2021,2021,West Bengal,Durgapur (WB-40),HCV,Tanker,Ashok Leyland,Diesel,BS6,4998,2,3,REG19,1/6/2021,1/6/2021
REG102731,27-07-2023,2023,West Bengal,Kolkata (WB-01),3W,E-Rickshaw,Mahindra,CNG,BS6,250,3,1,REG19,27/07/2023,7/27/2023
REG102732,1/12/2018,2018,Gujarat,Rajkot (GJ-03),LCV,Pickup Van,Tata Motors,CNG,BS4,3298,9,6,REG19,1/12/2018,1/12/2018
REG102733,2/4/2024,2024,Delhi,Delhi Central (DL-01),OTH,Crane,Escorts,Diesel,BS6,5660,1,0,REG19,2/4/2024,2/4/2024
REG102734,28-07-2024,2024,Kerala,Kollam (KL-02),2W,Motorcycle,Hero,Petrol,BS6,400,2,0,REG19,28/07/2024,7/28/2024
REG102735,30-08-2022,2022,Punjab,Chandigarh (CH-01),4W,Hatchback,MG,Petrol,BS6,1968,6,2,REG19,30/08/2022,8/30/2022
REG102736,14-03-2020,2020,Delhi,Delhi South (DL-09),4W,Hatchback,Toyota,EV,BS6,0,6,4,REG19,14/03/2020,3/14/2020
REG102737,21-03-2021,2021,Tamil Nadu,Coimbatore (TN-37),4W,SUV,Maruti Suzuki,Diesel,BS6,0,6,3,REG19,21/03/2021,3/21/2021
REG102738,11/10/2021,2021,Rajasthan,Ajmer (RJ-01),4W,SUV,Maruti Suzuki,Petrol,BS6,1498,8,3,REG19,11/10/2021,11/10/2021
REG102739,10/6/2021,2021,Punjab,Chandigarh (CH-01),2W,Motorcycle,Honda,Petrol,BS6,150,2,3,REG19,10/6/2021,10/6/2021
REG102740,12/8/2022,2022,Rajasthan,Udaipur (RJ-27),HCV,Bus,MAN,Diesel,BS6,5660,1,2,REG19,12/8/2022,12/8/2022
REG102741,15-01-2022,2022,Madhya Pradesh,Gwalior (MP-07),HCV,Truck,Eicher,EV,BS6,0,52,2,REG19,15/01/2022,1/15/2022
REG102742,18-06-2021,2021,Maharashtra,Mumbai Central (MH-01),2W,Scooter,Honda,EV,BS6,0,2,3,REG19,18/06/2021,6/18/2021
REG102743,14-05-2024,2024,Gujarat,Ahmedabad (GJ-01),4W,Sedan,Renault,Hybrid,BS6,1498,8,0,REG19,14/05/2024,5/14/2024
REG102744,25-11-2018,2018,Telangana,Karimnagar (TS-01),4W,SUV,Tata Motors,CNG,BS4,0,6,6,REG19,25/11/2018,11/25/2018
REG102745,11/12/2023,2023,Maharashtra,Nashik (MH-15),2W,Scooter,KTM,EV,BS6,0,2,1,REG19,11/12/2023,11/12/2023
REG102746,13-11-2020,2020,West Bengal,Asansol (WB-39),4W,Hatchback,Tata Motors,Petrol,BS6,2179,7,4,REG19,13/11/2020,11/13/2020
REG102747,10/9/2022,2022,Delhi,Delhi North (DL-04),4W,Hatchback,Toyota,Diesel,BS6,1598,7,2,REG19,10/9/2022,10/9/2022
REG102748,2/8/2024,2024,Kerala,Thiruvananthapuram (KL-01),4W,SUV,Tata Motors,CNG,BS6,1968,5,0,REG19,2/8/2024,2/8/2024
REG102749,8/1/2023,2023,Kerala,Kozhikode (KL-11),2W,Motorcycle,Ather,EV,BS6,0,2,1,REG19,8/1/2023,8/1/2023
REG102750,19-05-2020,2020,Karnataka,Bangalore Central (KA-01),2W,Scooter,KTM,Petrol,BS4,200,2,4,REG19,19/05/2020,5/19/2020
REG102751,3/8/2021,2021,West Bengal,Kolkata (WB-01),2W,Scooter,TVS,EV,BS6,0,2,3,REG19,3/8/2021,3/8/2021
REG102752,19-09-2020,2020,Karnataka,Hubli (KA-25),4W,Hatchback,Tata Motors,Diesel,BS6,1498,6,4,REG19,19/09/2020,9/19/2020
REG102753,24-08-2021,2021,West Bengal,Siliguri (WB-73),4W,Sedan,Skoda,Diesel,BS6,2179,6,3,REG19,24/08/2021,8/24/2021
REG102754,30-03-2020,2020,Rajasthan,Jaipur (RJ-14),4W,Sedan,Mahindra,Hybrid,BS6,1462,7,4,REG19,30/03/2020,3/30/2020
REG102755,26-02-2023,2023,Telangana,Hyderabad (TS-09),4W,SUV,Hyundai,Diesel,BS6,1598,7,1,REG19,26/02/2023,2/26/2023
REG102756,27-10-2021,2021,Delhi,Delhi North (DL-04),4W,SUV,Renault,Diesel,BS6,800,8,3,REG19,27/10/2021,10/27/2021
REG102757,20-08-2021,2021,Tamil Nadu,Salem (TN-30),4W,MUV,Maruti Suzuki,Petrol,BS6,800,6,3,REG19,20/08/2021,8/20/2021
REG102758,12/2/2021,2021,Delhi,Delhi East (DL-02),4W,SUV,Skoda,Petrol,BS6,1598,6,3,REG19,12/2/2021,12/2/2021
REG102759,5/4/2022,2022,Telangana,Karimnagar (TS-01),2W,Scooter,Hero,Petrol,BS6,0,2,2,REG19,5/4/2022,5/4/2022
REG102760,12/3/2024,2024,Punjab,Chandigarh (CH-01),2W,Motorcycle,KTM,Petrol,BS6,125,2,0,REG19,12/3/2024,12/3/2024
REG102761,2/7/2020,2020,Maharashtra,Nagpur (MH-31),2W,Scooter,Ather,Hybrid,BS6,150,2,4,REG19,2/7/2020,2/7/2020
REG102762,22-07-2022,2022,Punjab,Ludhiana (PB-10),LCV,Pickup Van,Eicher,Diesel,BS6,2956,9,2,REG19,22/07/2022,7/22/2022
REG102763,3/6/2020,2020,Rajasthan,Jaipur (RJ-14),OTH,Tractor,TAFE,Diesel,BS6,0,32,4,REG19,3/6/2020,3/6/2020
REG102764,23-10-2022,2022,Maharashtra,Pune (MH-12),2W,Scooter,Honda,CNG,BS6,150,2,2,REG19,23/10/2022,10/23/2022
REG102765,6/11/2022,2022,Madhya Pradesh,Indore (MP-09),2W,Moped,Bajaj,EV,BS6,0,2,2,REG19,6/11/2022,6/11/2022
REG102766,12/7/2021,2021,Maharashtra,Mumbai Central (MH-01),4W,Sedan,Skoda,EV,BS6,0,6,3,REG19,12/7/2021,12/7/2021
REG102767,1/7/2022,2022,Rajasthan,Udaipur (RJ-27),4W,SUV,MG,Petrol,BS6,1498,5,2,REG19,1/7/2022,1/7/2022
REG102768,26-06-2021,2021,Kerala,Thrissur (KL-08),4W,Sedan,Mahindra,Petrol,BS4,1462,6,3,REG19,26/06/2021,6/26/2021
REG102769,8/2/2024,2024,Kerala,Kochi (KL-07),2W,Scooter,KTM,EV,BS6,0,2,0,REG19,8/2/2024,8/2/2024
REG102770,2/3/2022,2022,Rajasthan,Udaipur (RJ-27),2W,Moped,Royal Enfield,Petrol,BS6,0,2,2,REG19,2/3/2022,2/3/2022
REG102771,8/8/2023,2023,Gujarat,Vadodara (GJ-06),2W,Moped,Honda,Petrol,BS6,250,2,1,REG19,8/8/2023,8/8/2023
REG102772,3/8/2022,2022,Kerala,Thrissur (KL-08),2W,Scooter,TVS,EV,BS6,0,2,2,REG19,3/8/2022,3/8/2022
REG102773,14-06-2023,2023,Tamil Nadu,Chennai Central (TN-01),4W,Sedan,Renault,Petrol,BS6,2179,5,1,REG19,14/06/2023,6/14/2023
REG102774,28-02-2020,2020,Uttar Pradesh,Lucknow (UP-32),4W,Hatchback,Tata Motors,Petrol,BS4,1968,8,4,REG19,28/02/2020,2/28/2020
REG102775,20-11-2023,2023,Madhya Pradesh,Ujjain (MP-13),4W,MUV,Maruti Suzuki,Diesel,BS6,1968,6,1,REG19,20/11/2023,11/20/2023
REG102776,21-03-2022,2022,Rajasthan,Jodhpur (RJ-19),2W,Motorcycle,KTM,Petrol,BS6,110,2,2,REG19,21/03/2022,3/21/2022
REG102777,12/2/2021,2021,Tamil Nadu,Salem (TN-30),4W,SUV,Renault,Diesel,BS6,1000,7,3,REG19,12/2/2021,12/2/2021
REG102778,20-08-2024,2024,Tamil Nadu,Trichy (TN-45),2W,Motorcycle,Hero,Petrol,BS6,200,2,0,REG19,20/08/2024,8/20/2024
REG102779,15-03-2023,2023,Delhi,Delhi South (DL-09),4W,Sedan,Mahindra,EV,BS6,0,8,1,REG19,15/03/2023,3/15/2023
REG102780,1/10/2020,2020,Rajasthan,Ajmer (RJ-01),4W,MUV,Honda,CNG,BS6,1498,5,4,REG19,1/10/2020,1/10/2020
REG102781,24-06-2021,2021,West Bengal,Asansol (WB-39),2W,Moped,KTM,Petrol,BS6,150,2,3,REG19,24/06/2021,6/24/2021
REG102782,29-06-2024,2024,Telangana,Warangal (TS-03),2W,Motorcycle,Royal Enfield,CNG,BS6,125,2,0,REG19,29/06/2024,6/29/2024
REG102783,7/7/2024,2024,Kerala,Thrissur (KL-08),2W,Motorcycle,Suzuki,EV,BS6,0,2,0,REG19,7/7/2024,7/7/2024
REG102784,7/9/2020,2020,Tamil Nadu,Salem (TN-30),2W,Scooter,Yamaha,Petrol,BS6,200,2,4,REG19,7/9/2020,7/9/2020
REG102785,27-09-2024,2024,Madhya Pradesh,Jabalpur (MP-20),2W,Scooter,Ola Electric,EV,BS6,0,2,0,REG19,27/09/2024,9/27/2024
REG102786,28-05-2023,2023,Telangana,Nizamabad (TS-05),4W,Sedan,Tata Motors,Petrol,BS6,1598,5,1,REG19,28/05/2023,5/28/2023
REG102787,7/3/2024,2024,Maharashtra,Nagpur (MH-31),2W,Motorcycle,Yamaha,Petrol,BS6,0,2,0,REG19,7/3/2024,7/3/2024
REG102788,4/8/2023,2023,Uttar Pradesh,Agra (UP-80),2W,Scooter,Honda,Petrol,BS6,125,2,1,REG19,4/8/2023,4/8/2023
REG102789,12/1/2023,2023,West Bengal,Siliguri (WB-73),4W,Sedan,Skoda,Petrol,BS6,2179,6,1,REG19,12/1/2023,12/1/2023
REG102790,3/12/2019,2019,Gujarat,Vadodara (GJ-06),LCV,Mini Truck,Mahindra,CNG,BS4,3298,9,5,REG19,3/12/2019,3/12/2019
REG102791,25-12-2022,2022,Tamil Nadu,Coimbatore (TN-37),4W,SUV,MG,Diesel,BS6,800,7,2,REG19,25/12/2022,12/25/2022
REG102792,30-05-2019,2019,Rajasthan,Udaipur (RJ-27),4W,MUV,Tata Motors,Diesel,BS4,800,8,5,REG19,30/05/2019,5/30/2019
REG102793,12/10/2019,2019,Maharashtra,Pune (MH-12),2W,Moped,Ather,Petrol,BS4,125,2,5,REG19,12/10/2019,12/10/2019
REG102794,24-12-2018,2018,Delhi,Delhi East (DL-02),2W,Moped,TVS,CNG,BS4,160,2,6,REG19,24/12/2018,12/24/2018
REG102795,7/1/2023,2023,Rajasthan,Jaipur (RJ-14),4W,MUV,MG,Diesel,BS6,1968,6,1,REG19,7/1/2023,7/1/2023
REG102796,19-03-2019,2019,Uttar Pradesh,Kanpur (UP-78),4W,MUV,Mahindra,Petrol,BS4,800,5,5,REG19,19/03/2019,3/19/2019
REG102797,6/10/2023,2023,Kerala,Kollam (KL-02),2W,Scooter,TVS,Petrol,BS6,150,2,1,REG19,6/10/2023,6/10/2023
REG102798,27-03-2018,2018,Delhi,Delhi East (DL-02),2W,Scooter,Ola Electric,Petrol,BS4,400,2,6,REG19,27/03/2018,3/27/2018
REG102799,5/1/2023,2023,Punjab,Jalandhar (PB-08),3W,Tempo,Kinetic Green,CNG,BS6,250,7,1,REG19,5/1/2023,5/1/2023
REG102800,9/7/2019,2019,Madhya Pradesh,Gwalior (MP-07),4W,SUV,Honda,CNG,BS4,1968,7,5,REG19,9/7/2019,9/7/2019
REG102801,17-02-2023,2023,Punjab,Chandigarh (CH-01),2W,Motorcycle,TVS,Petrol,BS6,0,2,1,REG19,17/02/2023,2/17/2023
REG102802,30-05-2019,2019,Delhi,Delhi West (DL-08),2W,Moped,Hero,Petrol,BS4,250,2,5,REG19,30/05/2019,5/30/2019
REG102803,25-09-2024,2024,Karnataka,Mangalore (KA-19),2W,Moped,Hero,EV,BS6,0,2,0,REG19,25/09/2024,9/25/2024
REG102804,4/5/2021,2021,Punjab,Chandigarh (CH-01),2W,Moped,Honda,Petrol,BS6,110,2,3,REG19,4/5/2021,4/5/2021
REG102805,8/4/2023,2023,Rajasthan,Udaipur (RJ-27),2W,Moped,Yamaha,Petrol,BS6,400,2,1,REG19,8/4/2023,8/4/2023
REG102806,30-06-2021,2021,Madhya Pradesh,Bhopal (MP-04),2W,Moped,Bajaj,EV,BS6,0,2,3,REG19,30/06/2021,6/30/2021
REG102807,11/6/2024,2024,Maharashtra,Pune (MH-12),2W,Moped,Hero,Petrol,BS6,250,2,0,REG19,11/6/2024,11/6/2024
REG102808,20-01-2018,2018,Gujarat,Rajkot (GJ-03),2W,Scooter,Ather,Petrol,BS4,125,2,6,REG19,20/01/2018,1/20/2018
REG102809,15-04-2022,2022,West Bengal,Kolkata (WB-01),2W,Moped,Ather,CNG,BS6,350,2,2,REG19,15/04/2022,4/15/2022
REG102810,21-09-2024,2024,Kerala,Thiruvananthapuram (KL-01),2W,Motorcycle,Yamaha,EV,BS6,0,2,0,REG19,21/09/2024,9/21/2024
REG102811,31-12-2021,2021,Karnataka,Bangalore Central (KA-01),4W,MUV,Honda,Diesel,BS6,0,6,3,REG19,31/12/2021,12/31/2021
REG102812,20-06-2023,2023,Madhya Pradesh,Indore (MP-09),2W,Motorcycle,KTM,Petrol,BS6,400,2,1,REG19,20/06/2023,6/20/2023
REG102813,17-06-2022,2022,Delhi,Delhi West (DL-08),2W,Scooter,Ather,Petrol,BS6,350,2,2,REG19,17/06/2022,6/17/2022
REG102814,1/12/2024,2024,Kerala,Kochi (KL-07),4W,Sedan,Toyota,Petrol,BS6,0,6,0,REG19,1/12/2024,1/12/2024
REG102815,25-12-2022,2022,Gujarat,Surat (GJ-05),2W,Moped,TVS,Petrol,BS4,350,2,2,REG19,25/12/2022,12/25/2022
REG102816,8/8/2023,2023,Rajasthan,Ajmer (RJ-01),2W,Moped,Yamaha,EV,BS6,0,2,1,REG19,8/8/2023,8/8/2023
REG102817,23-06-2020,2020,West Bengal,Asansol (WB-39),LCV,Mini Truck,Mahindra,Diesel,BS6,2956,9,4,REG19,23/06/2020,6/23/2020
REG102818,24-04-2022,2022,West Bengal,Howrah (WB-13),3W,E-Rickshaw,Mahindra,EV,BS6,0,6,2,REG19,24/04/2022,4/24/2022
REG102819,9/7/2019,2019,Karnataka,Hubli (KA-25),4W,Hatchback,Tata Motors,Diesel,BS4,1498,8,5,REG19,9/7/2019,9/7/2019
REG102820,1/10/2024,2024,Karnataka,Mysore (KA-09),2W,Moped,KTM,Petrol,BS6,0,2,0,REG19,1/10/2024,1/10/2024
REG102821,27-03-2023,2023,West Bengal,Howrah (WB-13),LCV,Mini Truck,Force Motors,EV,BS6,0,12,1,REG19,27/03/2023,3/27/2023
REG102822,13-06-2022,2022,West Bengal,Siliguri (WB-73),HCV,Truck,Tata Motors,EV,BS6,0,45,2,REG19,13/06/2022,6/13/2022
REG102823,15-08-2022,2022,Madhya Pradesh,Ujjain (MP-13),HCV,Bus,Tata Motors,EV,BS6,0,2,2,REG19,15/08/2022,8/15/2022
REG102824,8/9/2021,2021,Karnataka,Bangalore Central (KA-01),4W,SUV,Tata Motors,Petrol,BS6,1462,5,3,REG19,8/9/2021,8/9/2021
REG102825,31-12-2019,2019,Rajasthan,Udaipur (RJ-27),LCV,Light Bus,Force Motors,Diesel,BS4,0,9,5,REG19,31/12/2019,12/31/2019
REG102826,11/8/2021,2021,Madhya Pradesh,Ujjain (MP-13),4W,MUV,Hyundai,Diesel,BS6,1598,8,3,REG19,11/8/2021,11/8/2021
REG102827,26-09-2023,2023,Uttar Pradesh,Varanasi (UP-65),2W,Motorcycle,Ola Electric,EV,BS6,0,2,1,REG19,26/09/2023,9/26/2023
REG102828,24-03-2023,2023,Delhi,Delhi West (DL-08),4W,Hatchback,Maruti Suzuki,CNG,BS6,1498,6,1,REG19,24/03/2023,3/24/2023
REG102829,22-12-2022,2022,Madhya Pradesh,Jabalpur (MP-20),4W,SUV,Mahindra,Hybrid,BS6,1197,6,2,REG19,22/12/2022,12/22/2022
REG102830,11/1/2023,2023,Karnataka,Belgaum (KA-22),2W,Scooter,Bajaj,EV,BS6,0,2,1,REG19,11/1/2023,11/1/2023
REG102831,10/9/2023,2023,Kerala,Kozhikode (KL-11),3W,Auto Rickshaw,Mahindra,CNG,BS6,200,3,1,REG19,10/9/2023,10/9/2023
REG102832,3/8/2021,2021,Rajasthan,Jaipur (RJ-14),4W,Hatchback,Maruti Suzuki,Petrol,BS6,800,5,3,REG19,3/8/2021,3/8/2021
REG102833,14-05-2023,2023,Telangana,Hyderabad (TS-09),2W,Scooter,Ather,EV,BS6,0,2,1,REG19,14/05/2023,5/14/2023
REG102834,14-09-2021,2021,Rajasthan,Ajmer (RJ-01),3W,Tempo,Piaggio,CNG,BS6,225,6,3,REG19,14/09/2021,9/14/2021
REG102835,16-02-2021,2021,West Bengal,Kolkata (WB-01),4W,Hatchback,Kia,CNG,BS6,1498,8,3,REG19,16/02/2021,2/16/2021
REG102836,12/1/2023,2023,Delhi,Delhi South (DL-09),HCV,Tanker,Volvo,CNG,BS6,4998,1,1,REG19,12/1/2023,12/1/2023
REG102837,13-03-2020,2020,West Bengal,Howrah (WB-13),4W,MUV,Honda,Diesel,BS6,1498,8,4,REG19,13/03/2020,3/13/2020
REG102838,29-05-2022,2022,Telangana,Nizamabad (TS-05),2W,Moped,TVS,CNG,BS6,100,2,2,REG19,29/05/2022,5/29/2022
REG102839,14-02-2021,2021,Maharashtra,Mumbai Central (MH-01),4W,Sedan,Maruti Suzuki,Diesel,BS6,1498,8,3,REG19,14/02/2021,2/14/2021
REG102840,15-03-2021,2021,Maharashtra,Nagpur (MH-31),2W,Motorcycle,Ather,Hybrid,BS6,350,2,3,REG19,15/03/2021,3/15/2021
REG102841,11/4/2024,2024,Karnataka,Mangalore (KA-19),HCV,Bus,MAN,Diesel,BS6,4998,32,0,REG19,11/4/2024,11/4/2024
REG102842,30-01-2019,2019,Uttar Pradesh,Kanpur (UP-78),2W,Moped,Bajaj,Petrol,BS4,100,2,5,REG19,30/01/2019,1/30/2019
REG102843,24-09-2019,2019,Punjab,Chandigarh (CH-01),3W,Tempo,Atul Auto,CNG,BS4,200,7,5,REG19,24/09/2019,9/24/2019
REG102844,21-06-2022,2022,Maharashtra,Nagpur (MH-31),LCV,Light Bus,Tata Motors,Diesel,BS6,3298,9,2,REG19,21/06/2022,6/21/2022
REG102845,28-04-2023,2023,Rajasthan,Ajmer (RJ-01),LCV,Light Bus,Mahindra,CNG,BS6,2523,12,1,REG19,28/04/2023,4/28/2023
REG102846,20-07-2020,2020,Kerala,Kochi (KL-07),4W,MUV,Honda,Petrol,BS6,1197,5,4,REG19,20/07/2020,7/20/2020
REG102847,20-10-2019,2019,Telangana,Hyderabad (TS-09),2W,Motorcycle,Suzuki,EV,BS6,0,2,5,REG19,20/10/2019,10/20/2019
REG102848,19-01-2020,2020,West Bengal,Durgapur (WB-40),4W,Hatchback,Toyota,EV,BS6,0,6,4,REG19,19/01/2020,1/19/2020
REG102849,17-08-2024,2024,Madhya Pradesh,Indore (MP-09),2W,Moped,Suzuki,EV,BS6,0,2,0,REG19,17/08/2024,8/17/2024
REG102850,6/6/2024,2024,Telangana,Nizamabad (TS-05),OTH,Tractor,Escorts,Diesel,BS6,4998,45,0,REG19,6/6/2024,6/6/2024
REG102851,23-02-2023,2023,Punjab,Ludhiana (PB-10),3W,E-Rickshaw,Kinetic Green,Diesel,BS6,0,6,1,REG19,23/02/2023,2/23/2023
REG102852,3/12/2022,2022,Uttar Pradesh,Varanasi (UP-65),4W,Hatchback,Renault,Diesel,BS6,0,6,2,REG19,3/12/2022,3/12/2022
REG102853,23-07-2019,2019,Uttar Pradesh,Kanpur (UP-78),2W,Moped,Yamaha,Petrol,BS4,125,2,5,REG19,23/07/2019,7/23/2019
REG102854,21-09-2022,2022,West Bengal,Siliguri (WB-73),2W,Motorcycle,TVS,Petrol,BS6,400,2,2,REG19,21/09/2022,9/21/2022
REG102855,16-06-2021,2021,Maharashtra,Aurangabad (MH-20),4W,Sedan,MG,EV,BS6,0,6,3,REG19,16/06/2021,6/16/2021
REG102856,12/6/2022,2022,Telangana,Khammam (TS-07),4W,Hatchback,MG,Petrol,BS6,0,5,2,REG19,12/6/2022,12/6/2022
REG102857,4/11/2020,2020,Tamil Nadu,Madurai (TN-58),2W,Scooter,KTM,EV,BS6,0,2,4,REG19,4/11/2020,4/11/2020
REG102858,13-01-2024,2024,Uttar Pradesh,Agra (UP-80),2W,Motorcycle,Ather,Petrol,BS6,200,2,0,REG19,13/01/2024,1/13/2024
REG102859,18-07-2022,2022,Maharashtra,Mumbai Central (MH-01),HCV,Trailer,Tata Motors,EV,BS4,0,45,2,REG19,18/07/2022,7/18/2022
REG102860,21-07-2024,2024,Telangana,Khammam (TS-07),2W,Motorcycle,TVS,EV,BS6,0,2,0,REG19,21/07/2024,7/21/2024
REG102861,29-01-2022,2022,Karnataka,Belgaum (KA-22),4W,Hatchback,Hyundai,Petrol,BS6,1598,5,2,REG19,29/01/2022,1/29/2022
REG102862,17-08-2023,2023,Maharashtra,Aurangabad (MH-20),2W,Scooter,Ola Electric,CNG,BS6,400,2,1,REG19,17/08/2023,8/17/2023
REG102863,29-10-2018,2018,West Bengal,Durgapur (WB-40),4W,Hatchback,Mahindra,EV,BS4,0,5,6,REG19,29/10/2018,10/29/2018
REG102864,17-09-2018,2018,Karnataka,Bangalore Central (KA-01),4W,Sedan,Toyota,EV,BS4,0,5,6,REG19,17/09/2018,9/17/2018
REG102865,18-03-2023,2023,West Bengal,Durgapur (WB-40),2W,Motorcycle,Suzuki,EV,BS6,0,2,1,REG19,18/03/2023,3/18/2023
REG102866,15-10-2023,2023,Tamil Nadu,Coimbatore (TN-37),LCV,Pickup Van,Eicher,Diesel,BS6,2523,12,1,REG19,15/10/2023,10/15/2023
REG102867,29-03-2024,2024,Tamil Nadu,Chennai Central (TN-01),2W,Scooter,Bajaj,Petrol,BS6,250,2,0,REG19,29/03/2024,3/29/2024
REG102868,22-11-2021,2021,Madhya Pradesh,Jabalpur (MP-20),2W,Moped,Ola Electric,EV,BS6,0,2,3,REG19,22/11/2021,11/22/2021
REG102869,20-07-2023,2023,Maharashtra,Nagpur (MH-31),3W,Tempo,Bajaj,EV,BS6,0,6,1,REG19,20/07/2023,7/20/2023
REG102870,4/7/2024,2024,Madhya Pradesh,Jabalpur (MP-20),2W,Moped,Suzuki,EV,BS6,0,2,0,REG19,4/7/2024,4/7/2024
REG102871,9/10/2021,2021,Gujarat,Vadodara (GJ-06),2W,Scooter,Honda,Petrol,BS6,400,2,3,REG19,9/10/2021,9/10/2021
REG102872,17-09-2023,2023,Madhya Pradesh,Jabalpur (MP-20),2W,Moped,Bajaj,CNG,BS6,150,2,1,REG19,17/09/2023,9/17/2023
REG102873,19-11-2022,2022,Gujarat,Gandhinagar (GJ-18),4W,Sedan,Toyota,EV,BS6,0,8,2,REG19,19/11/2022,11/19/2022
REG102874,16-01-2021,2021,West Bengal,Howrah (WB-13),2W,Scooter,Royal Enfield,EV,BS6,0,2,3,REG19,16/01/2021,1/16/2021
REG102875,30-11-2021,2021,West Bengal,Durgapur (WB-40),3W,Auto Rickshaw,Atul Auto,EV,BS6,0,7,3,REG19,30/11/2021,11/30/2021
REG102876,8/8/2024,2024,Telangana,Warangal (TS-03),4W,SUV,Kia,Petrol,BS6,1598,5,0,REG19,8/8/2024,8/8/2024
REG102877,17-01-2021,2021,Rajasthan,Jaipur (RJ-14),4W,SUV,Toyota,Petrol,BS6,1197,7,3,REG19,17/01/2021,1/17/2021
REG102878,4/11/2020,2020,Uttar Pradesh,Varanasi (UP-65),2W,Motorcycle,Hero,EV,BS6,0,2,4,REG19,4/11/2020,4/11/2020
REG102879,30-10-2022,2022,Punjab,Chandigarh (CH-01),4W,MUV,Mahindra,Hybrid,BS6,1598,7,2,REG19,30/10/2022,10/30/2022
REG102880,3/8/2024,2024,Madhya Pradesh,Gwalior (MP-07),4W,Hatchback,Mahindra,CNG,BS6,1197,7,0,REG19,3/8/2024,3/8/2024
REG102881,3/6/2023,2023,Telangana,Nizamabad (TS-05),2W,Motorcycle,TVS,CNG,BS6,200,2,1,REG19,3/6/2023,3/6/2023
REG102882,13-03-2021,2021,Maharashtra,Pune (MH-12),HCV,Truck,Volvo,Diesel,BS6,6700,52,3,REG19,13/03/2021,3/13/2021
REG102883,21-02-2021,2021,Gujarat,Surat (GJ-05),4W,MUV,Skoda,Hybrid,BS6,1000,6,3,REG19,21/02/2021,2/21/2021
REG102884,16-05-2021,2021,Delhi,Delhi West (DL-08),4W,SUV,Tata Motors,Diesel,BS6,1197,8,3,REG19,16/05/2021,5/16/2021
REG102885,6/7/2023,2023,Madhya Pradesh,Jabalpur (MP-20),LCV,Light Bus,Ashok Leyland,Diesel,BS6,0,9,1,REG19,6/7/2023,6/7/2023
REG102886,13-05-2021,2021,Telangana,Warangal (TS-03),4W,SUV,Toyota,Petrol,BS6,1968,5,3,REG19,13/05/2021,5/13/2021
REG102887,26-06-2022,2022,Punjab,Chandigarh (CH-01),4W,SUV,Hyundai,Petrol,BS6,1598,7,2,REG19,26/06/2022,6/26/2022
REG102888,25-02-2022,2022,Madhya Pradesh,Indore (MP-09),4W,Hatchback,Honda,Petrol,BS6,1968,8,2,REG19,25/02/2022,2/25/2022
REG102889,11/6/2024,2024,Delhi,Delhi East (DL-02),2W,Scooter,Honda,Petrol,BS6,350,2,0,REG19,11/6/2024,11/6/2024
REG102890,5/8/2024,2024,Rajasthan,Udaipur (RJ-27),4W,Sedan,Honda,Petrol,BS6,800,7,0,REG19,5/8/2024,5/8/2024
REG102891,14-11-2020,2020,Telangana,Hyderabad (TS-09),3W,Tempo,Mahindra,Diesel,BS6,200,6,4,REG19,14/11/2020,11/14/2020
REG102892,13-11-2023,2023,Punjab,Ludhiana (PB-10),2W,Scooter,Bajaj,Petrol,BS6,0,2,1,REG19,13/11/2023,11/13/2023
REG102893,18-06-2021,2021,Rajasthan,Jaipur (RJ-14),2W,Scooter,Hero,Petrol,BS6,0,2,3,REG19,18/06/2021,6/18/2021
REG102894,29-03-2020,2020,Punjab,Patiala (PB-11),2W,Motorcycle,Suzuki,EV,BS6,0,2,4,REG19,29/03/2020,3/29/2020
REG102895,3/12/2021,2021,Gujarat,Surat (GJ-05),4W,Hatchback,Kia,Diesel,BS6,1498,6,3,REG19,3/12/2021,3/12/2021
REG102896,16-03-2021,2021,Maharashtra,Pune (MH-12),2W,Motorcycle,Suzuki,Petrol,BS6,400,2,3,REG19,16/03/2021,3/16/2021
REG102897,15-08-2021,2021,Tamil Nadu,Coimbatore (TN-37),2W,Scooter,TVS,EV,BS6,0,2,3,REG19,15/08/2021,8/15/2021
REG102898,13-01-2021,2021,West Bengal,Howrah (WB-13),4W,Hatchback,Hyundai,EV,BS6,0,7,3,REG19,13/01/2021,1/13/2021
REG102899,11/11/2021,2021,Delhi,Delhi Central (DL-01),3W,Tempo,Piaggio,EV,BS6,0,3,3,REG19,11/11/2021,11/11/2021
REG102900,25-11-2022,2022,Karnataka,Bangalore Central (KA-01),4W,Sedan,Skoda,Diesel,BS6,1000,7,2,REG19,25/11/2022,11/25/2022
REG102901,5/3/2024,2024,Maharashtra,Nashik (MH-15),2W,Moped,Honda,CNG,BS6,250,2,0,REG19,5/3/2024,5/3/2024
REG102902,14-03-2019,2019,Rajasthan,Jaipur (RJ-14),LCV,Mini Truck,Mahindra,Diesel,BS4,2523,15,5,REG19,14/03/2019,3/14/2019
REG102903,7/5/2019,2019,Maharashtra,Aurangabad (MH-20),3W,Tempo,Piaggio,CNG,BS4,0,7,5,REG19,7/5/2019,7/5/2019
REG102904,14-01-2023,2023,Karnataka,Hubli (KA-25),2W,Moped,KTM,EV,BS6,0,2,1,REG19,14/01/2023,1/14/2023
REG102905,27-06-2022,2022,Tamil Nadu,Trichy (TN-45),3W,E-Rickshaw,Mahindra,CNG,BS6,200,6,2,REG19,27/06/2022,6/27/2022
REG102906,4/1/2023,2023,Delhi,Delhi Central (DL-01),2W,Scooter,Hero,Petrol,BS6,125,2,1,REG19,4/1/2023,4/1/2023
REG102907,20-04-2022,2022,Madhya Pradesh,Jabalpur (MP-20),4W,Sedan,Renault,Diesel,BS6,1498,7,2,REG19,20/04/2022,4/20/2022
REG102908,29-11-2021,2021,Maharashtra,Pune (MH-12),4W,MUV,MG,Hybrid,BS6,800,7,3,REG19,29/11/2021,11/29/2021
REG102909,14-12-2023,2023,Maharashtra,Aurangabad (MH-20),4W,Sedan,Kia,Diesel,BS6,1598,7,1,REG19,14/12/2023,12/14/2023
REG102910,23-01-2022,2022,Madhya Pradesh,Bhopal (MP-04),4W,Sedan,Mahindra,Diesel,BS6,1000,6,2,REG19,23/01/2022,1/23/2022
REG102911,6/5/2021,2021,Telangana,Warangal (TS-03),2W,Motorcycle,Hero,Hybrid,BS6,160,2,3,REG19,6/5/2021,6/5/2021
REG102912,2/10/2018,2018,Uttar Pradesh,Lucknow (UP-32),2W,Scooter,TVS,Petrol,BS4,400,2,6,REG19,2/10/2018,2/10/2018
REG102913,17-12-2022,2022,Tamil Nadu,Madurai (TN-58),4W,Sedan,Maruti Suzuki,Hybrid,BS6,1000,8,2,REG19,17/12/2022,12/17/2022
REG102914,2/10/2024,2024,Telangana,Hyderabad (TS-09),4W,MUV,Mahindra,Diesel,BS6,1000,8,0,REG19,2/10/2024,2/10/2024
REG102915,6/9/2023,2023,Delhi,Delhi North (DL-04),4W,MUV,Renault,CNG,BS6,1968,8,1,REG19,6/9/2023,6/9/2023
REG102916,21-02-2020,2020,Tamil Nadu,Chennai Central (TN-01),2W,Scooter,TVS,Petrol,BS4,100,2,4,REG19,21/02/2020,2/21/2020
REG102917,1/12/2022,2022,West Bengal,Kolkata (WB-01),3W,E-Rickshaw,Piaggio,CNG,BS6,250,3,2,REG19,1/12/2022,1/12/2022
REG102918,27-10-2023,2023,Tamil Nadu,Coimbatore (TN-37),3W,Tempo,TVS,CNG,BS4,200,7,1,REG19,27/10/2023,10/27/2023
REG102919,22-07-2022,2022,Gujarat,Vadodara (GJ-06),2W,Scooter,Suzuki,EV,BS6,0,2,2,REG19,22/07/2022,7/22/2022
REG102920,13-08-2022,2022,Rajasthan,Udaipur (RJ-27),4W,Sedan,MG,Diesel,BS6,2179,5,2,REG19,13/08/2022,8/13/2022
REG102921,24-02-2022,2022,Kerala,Kollam (KL-02),3W,Auto Rickshaw,Mahindra,CNG,BS6,225,7,2,REG19,24/02/2022,2/24/2022
REG102922,5/7/2024,2024,Uttar Pradesh,Varanasi (UP-65),HCV,Tanker,Eicher,Diesel,BS6,6700,2,0,REG19,5/7/2024,5/7/2024
REG102923,26-03-2021,2021,West Bengal,Kolkata (WB-01),2W,Moped,KTM,Hybrid,BS6,125,2,3,REG19,26/03/2021,3/26/2021
REG102924,1/4/2023,2023,Delhi,Delhi West (DL-08),4W,Hatchback,Kia,Petrol,BS6,2179,8,1,REG19,1/4/2023,1/4/2023
REG102925,19-02-2023,2023,Delhi,Delhi East (DL-02),2W,Moped,Honda,Petrol,BS6,160,2,1,REG19,19/02/2023,2/19/2023
REG102926,30-09-2019,2019,Tamil Nadu,Chennai Central (TN-01),2W,Scooter,Ather,Petrol,BS4,250,2,5,REG19,30/09/2019,9/30/2019
REG102927,17-10-2021,2021,Delhi,Delhi North (DL-04),2W,Motorcycle,Royal Enfield,Petrol,BS6,250,2,3,REG19,17/10/2021,10/17/2021
REG102928,29-04-2022,2022,Punjab,Patiala (PB-11),LCV,Mini Truck,Mahindra,Diesel,BS4,2523,9,2,REG19,29/04/2022,4/29/2022
REG102929,26-04-2020,2020,Gujarat,Gandhinagar (GJ-18),2W,Moped,Ola Electric,EV,BS4,0,2,4,REG19,26/04/2020,4/26/2020
REG102930,28-02-2024,2024,Rajasthan,Ajmer (RJ-01),OTH,Road Roller,TAFE,Petrol,BS6,4998,45,0,REG19,28/02/2024,2/28/2024
REG102931,26-01-2018,2018,Maharashtra,Nashik (MH-15),2W,Motorcycle,Royal Enfield,Petrol,BS4,250,2,6,REG19,26/01/2018,1/26/2018
REG102932,21-03-2020,2020,Kerala,Kochi (KL-07),4W,Hatchback,Renault,Diesel,BS6,1498,8,4,REG19,21/03/2020,3/21/2020
REG102933,25-07-2022,2022,Karnataka,Belgaum (KA-22),2W,Motorcycle,Ather,Petrol,BS6,100,2,2,REG19,25/07/2022,7/25/2022
REG102934,10/11/2024,2024,West Bengal,Durgapur (WB-40),4W,SUV,Skoda,Diesel,BS6,2179,5,0,REG19,10/11/2024,10/11/2024
REG102935,7/10/2019,2019,Rajasthan,Jodhpur (RJ-19),HCV,Bus,Tata Motors,Diesel,BS4,6700,32,5,REG19,7/10/2019,7/10/2019
REG102936,5/1/2022,2022,Uttar Pradesh,Agra (UP-80),3W,Auto Rickshaw,Atul Auto,EV,BS6,0,3,2,REG19,5/1/2022,5/1/2022
REG102937,13-04-2019,2019,West Bengal,Howrah (WB-13),4W,SUV,Honda,Petrol,BS4,1000,6,5,REG19,13/04/2019,4/13/2019
REG102938,1/8/2023,2023,Punjab,Jalandhar (PB-08),OTH,Crane,John Deere,Diesel,BS6,3760,45,1,REG19,1/8/2023,1/8/2023
REG102939,21-10-2022,2022,Punjab,Amritsar (PB-02),4W,Sedan,MG,CNG,BS6,1462,5,2,REG19,21/10/2022,10/21/2022
REG102940,7/1/2023,2023,Uttar Pradesh,Allahabad (UP-70),OTH,Tractor,Mahindra,Diesel,BS6,6700,1,1,REG19,7/1/2023,7/1/2023
REG102941,10/4/2021,2021,Uttar Pradesh,Varanasi (UP-65),2W,Moped,TVS,Petrol,BS6,250,2,3,REG19,10/4/2021,10/4/2021
REG102942,24-01-2021,2021,Karnataka,Mysore (KA-09),2W,Moped,Ather,Petrol,BS6,160,2,3,REG19,24/01/2021,1/24/2021
REG102943,31-05-2020,2020,Kerala,Kollam (KL-02),LCV,Mini Truck,Force Motors,CNG,BS6,3298,15,4,REG19,31/05/2020,5/31/2020
REG102944,8/10/2023,2023,Rajasthan,Ajmer (RJ-01),2W,Moped,Suzuki,Petrol,BS6,110,2,1,REG19,8/10/2023,8/10/2023
REG102945,14-06-2023,2023,Tamil Nadu,Salem (TN-30),LCV,Light Bus,Mahindra,CNG,BS6,3298,9,1,REG19,14/06/2023,6/14/2023
REG102946,19-11-2022,2022,West Bengal,Durgapur (WB-40),2W,Moped,TVS,Petrol,BS6,160,2,2,REG19,19/11/2022,11/19/2022
REG102947,3/3/2020,2020,West Bengal,Siliguri (WB-73),LCV,Mini Truck,Mahindra,EV,BS6,0,9,4,REG19,3/3/2020,3/3/2020
REG102948,9/5/2023,2023,Punjab,Patiala (PB-11),2W,Scooter,Honda,Petrol,BS6,200,2,1,REG19,9/5/2023,9/5/2023
REG102949,28-08-2020,2020,Delhi,Delhi Central (DL-01),2W,Motorcycle,Hero,EV,BS4,0,2,4,REG19,28/08/2020,8/28/2020
REG102950,23-12-2023,2023,Uttar Pradesh,Allahabad (UP-70),4W,SUV,Skoda,Petrol,BS6,1498,7,1,REG19,23/12/2023,12/23/2023
REG102951,9/11/2018,2018,Punjab,Patiala (PB-11),3W,Tempo,TVS,Petrol,BS3,225,7,6,REG19,9/11/2018,9/11/2018
REG102952,2/8/2024,2024,Karnataka,Mangalore (KA-19),3W,Auto Rickshaw,TVS,EV,BS6,0,7,0,REG19,2/8/2024,2/8/2024
REG102953,19-08-2020,2020,Karnataka,Bangalore Central (KA-01),LCV,Mini Truck,Eicher,Diesel,BS6,2523,12,4,REG19,19/08/2020,8/19/2020
REG102954,28-12-2021,2021,Kerala,Kochi (KL-07),2W,Moped,Bajaj,CNG,BS6,125,2,3,REG19,28/12/2021,12/28/2021
REG102955,28-04-2023,2023,Gujarat,Surat (GJ-05),4W,Sedan,Kia,Petrol,BS6,800,8,1,REG19,28/04/2023,4/28/2023
REG102956,18-02-2021,2021,Madhya Pradesh,Indore (MP-09),2W,Motorcycle,Suzuki,Petrol,BS6,400,2,3,REG19,18/02/2021,2/18/2021
REG102957,20-03-2024,2024,Karnataka,Hubli (KA-25),2W,Motorcycle,Royal Enfield,Hybrid,BS6,100,2,0,REG19,20/03/2024,3/20/2024
REG102958,30-07-2022,2022,Tamil Nadu,Madurai (TN-58),2W,Scooter,Hero,CNG,BS6,200,2,2,REG19,30/07/2022,7/30/2022
REG102959,2/8/2023,2023,Kerala,Thiruvananthapuram (KL-01),2W,Moped,Ather,Petrol,BS6,160,2,1,REG19,2/8/2023,2/8/2023
REG102960,14-11-2022,2022,Maharashtra,Aurangabad (MH-20),4W,SUV,Hyundai,Petrol,BS6,0,5,2,REG19,14/11/2022,11/14/2022
REG102961,17-12-2023,2023,Delhi,Delhi North (DL-04),2W,Scooter,TVS,Petrol,BS6,0,2,1,REG19,17/12/2023,12/17/2023
REG102962,6/2/2023,2023,Maharashtra,Aurangabad (MH-20),LCV,Mini Truck,Force Motors,Diesel,BS4,2523,15,1,REG19,6/2/2023,6/2/2023
REG102963,31-03-2023,2023,Delhi,Delhi West (DL-08),2W,Moped,Royal Enfield,Petrol,BS6,100,2,1,REG19,31/03/2023,3/31/2023
REG102964,4/11/2022,2022,Madhya Pradesh,Indore (MP-09),2W,Scooter,Suzuki,EV,BS6,0,2,2,REG19,4/11/2022,4/11/2022
REG102965,17-02-2019,2019,Tamil Nadu,Trichy (TN-45),2W,Motorcycle,Ather,Petrol,BS4,110,2,5,REG19,17/02/2019,2/17/2019
REG102966,29-04-2018,2018,Madhya Pradesh,Ujjain (MP-13),4W,Sedan,Skoda,EV,BS4,0,6,6,REG19,29/04/2018,4/29/2018
REG102967,6/4/2020,2020,Gujarat,Surat (GJ-05),2W,Scooter,Suzuki,CNG,BS4,160,2,4,REG19,6/4/2020,6/4/2020
REG102968,12/5/2022,2022,Uttar Pradesh,Kanpur (UP-78),2W,Scooter,Ather,EV,BS6,0,2,2,REG19,12/5/2022,12/5/2022
REG102969,11/5/2022,2022,West Bengal,Durgapur (WB-40),2W,Moped,Ather,Petrol,BS6,100,2,2,REG19,11/5/2022,11/5/2022
REG102970,15-10-2021,2021,Telangana,Karimnagar (TS-01),4W,SUV,Kia,Petrol,BS6,1197,8,3,REG19,15/10/2021,10/15/2021
REG102971,12/1/2021,2021,Punjab,Ludhiana (PB-10),4W,SUV,Maruti Suzuki,Diesel,BS6,1598,6,3,REG19,12/1/2021,12/1/2021
REG102972,19-11-2024,2024,Telangana,Khammam (TS-07),4W,SUV,Skoda,Petrol,BS6,800,6,0,REG19,19/11/2024,11/19/2024
REG102973,19-02-2020,2020,Punjab,Jalandhar (PB-08),4W,MUV,Kia,Diesel,BS6,2179,8,4,REG19,19/02/2020,2/19/2020
REG102974,30-10-2020,2020,Rajasthan,Jaipur (RJ-14),2W,Motorcycle,Ather,EV,BS6,0,2,4,REG19,30/10/2020,10/30/2020
REG102975,8/11/2024,2024,Rajasthan,Kota (RJ-20),2W,Moped,KTM,Petrol,BS6,250,2,0,REG19,8/11/2024,8/11/2024
REG102976,24-10-2022,2022,Madhya Pradesh,Jabalpur (MP-20),3W,E-Rickshaw,Mahindra,Diesel,BS6,250,6,2,REG19,24/10/2022,10/24/2022
REG102977,14-05-2022,2022,Maharashtra,Nashik (MH-15),4W,MUV,Maruti Suzuki,Diesel,BS6,2179,5,2,REG19,14/05/2022,5/14/2022
REG102978,18-08-2023,2023,Karnataka,Bangalore Central (KA-01),HCV,Bus,Eicher,Diesel,BS6,3760,32,1,REG19,18/08/2023,8/18/2023
REG102979,23-06-2021,2021,Uttar Pradesh,Varanasi (UP-65),4W,MUV,Honda,Hybrid,BS6,1000,8,3,REG19,23/06/2021,6/23/2021
REG102980,16-12-2022,2022,Maharashtra,Mumbai Central (MH-01),2W,Moped,Royal Enfield,Petrol,BS6,125,2,2,REG19,16/12/2022,12/16/2022
REG102981,21-09-2024,2024,Delhi,Delhi West (DL-08),4W,SUV,Skoda,EV,BS6,0,5,0,REG19,21/09/2024,9/21/2024
REG102982,23-10-2021,2021,Gujarat,Vadodara (GJ-06),4W,Hatchback,Toyota,Diesel,BS6,1462,8,3,REG19,23/10/2021,10/23/2021
REG102983,6/2/2023,2023,Rajasthan,Kota (RJ-20),2W,Moped,Royal Enfield,Petrol,BS6,350,2,1,REG19,6/2/2023,6/2/2023
REG102984,8/3/2021,2021,Kerala,Kollam (KL-02),4W,SUV,MG,Petrol,BS6,1598,5,3,REG19,8/3/2021,8/3/2021
REG102985,3/6/2020,2020,Madhya Pradesh,Indore (MP-09),4W,MUV,Honda,Hybrid,BS6,0,5,4,REG19,3/6/2020,3/6/2020
REG102986,28-07-2021,2021,Madhya Pradesh,Jabalpur (MP-20),4W,Sedan,Renault,EV,BS6,0,5,3,REG19,28/07/2021,7/28/2021
REG102987,12/1/2018,2018,Madhya Pradesh,Jabalpur (MP-20),2W,Moped,Yamaha,Petrol,BS4,110,2,6,REG19,12/1/2018,12/1/2018
REG102988,29-11-2019,2019,Tamil Nadu,Salem (TN-30),4W,MUV,Skoda,Diesel,BS4,1462,5,5,REG19,29/11/2019,11/29/2019
REG102989,1/9/2021,2021,Gujarat,Gandhinagar (GJ-18),LCV,Mini Truck,Force Motors,Diesel,BS6,2523,9,3,REG19,1/9/2021,1/9/2021
REG102990,5/6/2022,2022,Uttar Pradesh,Agra (UP-80),2W,Motorcycle,Bajaj,Hybrid,BS6,160,2,2,REG19,5/6/2022,5/6/2022
REG102991,6/5/2023,2023,Delhi,Delhi South (DL-09),2W,Moped,Ola Electric,Petrol,BS6,150,2,1,REG19,6/5/2023,6/5/2023
REG102992,4/8/2021,2021,Karnataka,Belgaum (KA-22),2W,Motorcycle,Bajaj,Petrol,BS6,110,2,3,REG19,4/8/2021,4/8/2021
REG102993,25-08-2021,2021,West Bengal,Kolkata (WB-01),2W,Motorcycle,Honda,EV,BS6,0,2,3,REG19,25/08/2021,8/25/2021
REG102994,2/10/2024,2024,Uttar Pradesh,Kanpur (UP-78),4W,Sedan,Honda,Petrol,BS6,1598,5,0,REG19,2/10/2024,2/10/2024
REG102995,11/9/2023,2023,Telangana,Khammam (TS-07),LCV,Light Bus,Eicher,Diesel,BS6,3298,15,1,REG19,11/9/2023,11/9/2023
REG102996,1/7/2021,2021,Gujarat,Vadodara (GJ-06),4W,SUV,Renault,EV,BS6,0,8,3,REG19,1/7/2021,1/7/2021
REG102997,13-10-2021,2021,Kerala,Thrissur (KL-08),4W,Hatchback,Mahindra,Diesel,BS6,2179,7,3,REG19,13/10/2021,10/13/2021
REG102998,7/6/2022,2022,Maharashtra,Nagpur (MH-31),LCV,Mini Truck,Force Motors,Diesel,BS6,0,12,2,REG19,7/6/2022,7/6/2022
REG102999,16-04-2020,2020,Delhi,Delhi West (DL-08),2W,Scooter,KTM,Hybrid,BS4,100,2,4,REG19,16/04/2020,4/16/2020
REG103000,18-01-2024,2024,Punjab,Patiala (PB-11),2W,Motorcycle,Hero,EV,BS6,0,2,0,REG19,18/01/2024,1/18/2024
REG103001,15-05-2023,2023,Rajasthan,Udaipur (RJ-27),2W,Moped,TVS,Petrol,BS6,200,2,1,REG19,15/05/2023,5/15/2023
REG103002,12/4/2020,2020,Delhi,Delhi South (DL-09),OTH,Crane,Sonalika,Diesel,BS6,4998,45,4,REG19,12/4/2020,12/4/2020
REG103003,10/2/2022,2022,Uttar Pradesh,Lucknow (UP-32),4W,Hatchback,Maruti Suzuki,Petrol,BS6,1000,5,2,REG19,10/2/2022,10/2/2022
REG103004,3/11/2019,2019,Kerala,Kochi (KL-07),4W,SUV,Honda,Petrol,BS4,0,8,5,REG19,3/11/2019,3/11/2019
REG103005,21-05-2020,2020,Rajasthan,Jaipur (RJ-14),2W,Motorcycle,Yamaha,EV,BS6,0,2,4,REG19,21/05/2020,5/21/2020
REG103006,19-09-2022,2022,Uttar Pradesh,Lucknow (UP-32),2W,Scooter,KTM,EV,BS6,0,2,2,REG19,19/09/2022,9/19/2022
REG103007,10/12/2022,2022,Telangana,Karimnagar (TS-01),4W,SUV,MG,Hybrid,BS6,1968,6,2,REG19,10/12/2022,10/12/2022
REG103008,28-10-2021,2021,Kerala,Kollam (KL-02),2W,Scooter,TVS,Petrol,BS6,200,2,3,REG19,28/10/2021,10/28/2021
REG103009,20-12-2020,2020,Maharashtra,Aurangabad (MH-20),4W,Hatchback,Kia,EV,BS6,0,5,4,REG19,20/12/2020,12/20/2020
REG103010,10/6/2024,2024,Kerala,Kochi (KL-07),4W,Sedan,MG,Diesel,BS6,1498,8,0,REG19,10/6/2024,10/6/2024
REG103011,1/7/2019,2019,Madhya Pradesh,Indore (MP-09),4W,MUV,Tata Motors,Petrol,BS4,1000,6,5,REG19,1/7/2019,1/7/2019
REG103012,20-04-2021,2021,Karnataka,Belgaum (KA-22),2W,Motorcycle,Royal Enfield,EV,BS6,0,2,3,REG19,20/04/2021,4/20/2021
REG103013,2/6/2020,2020,Punjab,Chandigarh (CH-01),2W,Moped,Ather,Petrol,BS6,160,2,4,REG19,2/6/2020,2/6/2020
REG103014,11/12/2019,2019,Tamil Nadu,Chennai Central (TN-01),2W,Moped,Royal Enfield,Petrol,BS6,125,2,5,REG19,11/12/2019,11/12/2019
REG103015,15-12-2024,2024,Kerala,Kochi (KL-07),4W,MUV,Mahindra,Diesel,BS6,1968,8,0,REG19,15/12/2024,12/15/2024
REG103016,9/2/2024,2024,Gujarat,Rajkot (GJ-03),3W,Auto Rickshaw,Piaggio,CNG,BS6,225,3,0,REG19,9/2/2024,9/2/2024
REG103017,10/2/2023,2023,Tamil Nadu,Madurai (TN-58),3W,Auto Rickshaw,TVS,Diesel,BS6,250,3,1,REG19,10/2/2023,10/2/2023
REG103018,5/11/2019,2019,Punjab,Patiala (PB-11),4W,SUV,Tata Motors,EV,BS4,0,7,5,REG19,5/11/2019,5/11/2019
REG103019,8/2/2023,2023,Punjab,Patiala (PB-11),2W,Moped,Ather,Petrol,BS6,125,2,1,REG19,8/2/2023,8/2/2023
REG103020,14-11-2022,2022,Telangana,Karimnagar (TS-01),2W,Moped,Honda,Petrol,BS6,125,2,2,REG19,14/11/2022,11/14/2022
REG103021,20-10-2021,2021,Delhi,Delhi South (DL-09),2W,Motorcycle,Ola Electric,Petrol,BS4,110,2,3,REG19,20/10/2021,10/20/2021
REG103022,7/4/2023,2023,Telangana,Hyderabad (TS-09),4W,Sedan,Renault,Petrol,BS6,1498,6,1,REG19,7/4/2023,7/4/2023
REG103023,9/7/2019,2019,Kerala,Kollam (KL-02),OTH,Tractor,John Deere,Diesel,BS4,0,45,5,REG19,9/7/2019,9/7/2019
REG103024,2/2/2024,2024,Kerala,Kochi (KL-07),OTH,Tractor,Escorts,Petrol,BS6,0,32,0,REG19,2/2/2024,2/2/2024
REG103025,15-02-2021,2021,Tamil Nadu,Salem (TN-30),LCV,Pickup Van,Tata Motors,Diesel,BS6,2956,9,3,REG19,15/02/2021,2/15/2021
REG103026,13-06-2024,2024,Karnataka,Hubli (KA-25),LCV,Pickup Van,Ashok Leyland,Diesel,BS6,2956,9,0,REG19,13/06/2024,6/13/2024
REG103027,10/12/2022,2022,Delhi,Delhi Central (DL-01),4W,SUV,Maruti Suzuki,Diesel,BS6,1000,5,2,REG19,10/12/2022,10/12/2022
REG103028,22-08-2023,2023,Punjab,Jalandhar (PB-08),2W,Moped,Royal Enfield,EV,BS6,0,2,1,REG19,22/08/2023,8/22/2023
REG103029,5/4/2019,2019,Kerala,Thrissur (KL-08),2W,Scooter,Yamaha,Petrol,BS4,0,2,5,REG19,5/4/2019,5/4/2019
REG103030,2/8/2021,2021,Punjab,Chandigarh (CH-01),2W,Moped,Ola Electric,Petrol,BS6,160,2,3,REG19,2/8/2021,2/8/2021
REG103031,14-07-2024,2024,Madhya Pradesh,Bhopal (MP-04),HCV,Truck,Tata Motors,Diesel,BS6,6700,52,0,REG19,14/07/2024,7/14/2024
REG103032,9/5/2019,2019,Karnataka,Bangalore Central (KA-01),2W,Moped,Ather,EV,BS4,0,2,5,REG19,9/5/2019,9/5/2019
REG103033,17-12-2024,2024,Kerala,Thiruvananthapuram (KL-01),2W,Motorcycle,Suzuki,EV,BS6,0,2,0,REG19,17/12/2024,12/17/2024
REG103034,13-11-2023,2023,Madhya Pradesh,Jabalpur (MP-20),2W,Moped,Suzuki,Petrol,BS6,0,2,1,REG19,13/11/2023,11/13/2023
REG103035,14-02-2022,2022,Uttar Pradesh,Kanpur (UP-78),2W,Motorcycle,Royal Enfield,EV,BS6,0,2,2,REG19,14/02/2022,2/14/2022
REG103036,10/10/2019,2019,Maharashtra,Nagpur (MH-31),4W,Sedan,Toyota,Diesel,BS4,2179,5,5,REG19,10/10/2019,10/10/2019
REG103037,14-10-2023,2023,Kerala,Kochi (KL-07),2W,Motorcycle,Hero,EV,BS6,0,2,1,REG19,14/10/2023,10/14/2023
REG103038,16-03-2022,2022,Punjab,Jalandhar (PB-08),4W,SUV,Mahindra,CNG,BS6,1598,5,2,REG19,16/03/2022,3/16/2022
REG103039,25-11-2023,2023,Gujarat,Vadodara (GJ-06),2W,Moped,Hero,Petrol,BS6,100,2,1,REG19,25/11/2023,11/25/2023
REG103040,15-01-2018,2018,Kerala,Kochi (KL-07),HCV,Tanker,Tata Motors,Diesel,BS4,4998,2,6,REG19,15/01/2018,1/15/2018
REG103041,21-12-2021,2021,Gujarat,Ahmedabad (GJ-01),2W,Scooter,Royal Enfield,EV,BS6,0,2,3,REG19,21/12/2021,12/21/2021
REG103042,27-10-2023,2023,Rajasthan,Jaipur (RJ-14),4W,Hatchback,Kia,Petrol,BS6,0,7,1,REG19,27/10/2023,10/27/2023
REG103043,18-06-2019,2019,Uttar Pradesh,Varanasi (UP-65),HCV,Trailer,Ashok Leyland,Diesel,BS4,5660,45,5,REG19,18/06/2019,6/18/2019
REG103044,14-07-2024,2024,Tamil Nadu,Coimbatore (TN-37),3W,E-Rickshaw,Atul Auto,EV,BS6,0,6,0,REG19,14/07/2024,7/14/2024
REG103045,2/8/2021,2021,Kerala,Kollam (KL-02),4W,Sedan,Hyundai,Petrol,BS6,1197,6,3,REG19,2/8/2021,2/8/2021
REG103046,4/9/2021,2021,Punjab,Chandigarh (CH-01),LCV,Mini Truck,Mahindra,CNG,BS6,3298,15,3,REG19,4/9/2021,4/9/2021
REG103047,4/3/2018,2018,West Bengal,Kolkata (WB-01),4W,Hatchback,Mahindra,Diesel,BS4,1498,7,6,REG19,4/3/2018,4/3/2018
REG103048,4/3/2022,2022,Kerala,Kochi (KL-07),4W,SUV,Kia,Petrol,BS6,1498,8,2,REG19,4/3/2022,4/3/2022
REG103049,29-10-2019,2019,Punjab,Chandigarh (CH-01),HCV,Bus,Volvo,Diesel,BS4,5660,1,5,REG19,29/10/2019,10/29/2019
REG103050,6/3/2021,2021,Kerala,Thrissur (KL-08),3W,Tempo,Bajaj,EV,BS6,0,6,3,REG19,6/3/2021,6/3/2021
REG103051,31-07-2023,2023,Maharashtra,Aurangabad (MH-20),2W,Moped,Ather,Petrol,BS6,200,2,1,REG19,31/07/2023,7/31/2023
REG103052,1/10/2023,2023,Uttar Pradesh,Kanpur (UP-78),4W,Sedan,Toyota,Hybrid,BS6,1197,6,1,REG19,1/10/2023,1/10/2023
REG103053,10/7/2020,2020,Telangana,Warangal (TS-03),4W,Hatchback,Hyundai,Diesel,BS6,1462,5,4,REG19,10/7/2020,10/7/2020
REG103054,6/9/2021,2021,Uttar Pradesh,Allahabad (UP-70),3W,E-Rickshaw,Atul Auto,Petrol,BS6,0,7,3,REG19,6/9/2021,6/9/2021
REG103055,3/9/2023,2023,West Bengal,Asansol (WB-39),2W,Scooter,Royal Enfield,Petrol,BS6,160,2,1,REG19,3/9/2023,3/9/2023
REG103056,22-11-2019,2019,Kerala,Kozhikode (KL-11),4W,MUV,Toyota,Petrol,BS4,1462,5,5,REG19,22/11/2019,11/22/2019
REG103057,25-12-2023,2023,West Bengal,Durgapur (WB-40),LCV,Light Bus,Ashok Leyland,CNG,BS6,0,12,1,REG19,25/12/2023,12/25/2023
REG103058,27-09-2023,2023,Telangana,Karimnagar (TS-01),HCV,Truck,MAN,Diesel,BS6,6700,2,1,REG19,27/09/2023,9/27/2023
REG103059,12/5/2022,2022,Uttar Pradesh,Varanasi (UP-65),2W,Motorcycle,Honda,EV,BS6,0,2,2,REG19,12/5/2022,12/5/2022
REG103060,25-11-2023,2023,Delhi,Delhi West (DL-08),4W,SUV,Toyota,Petrol,BS4,1968,7,1,REG19,25/11/2023,11/25/2023
REG103061,5/1/2020,2020,Karnataka,Belgaum (KA-22),2W,Moped,Ola Electric,Petrol,BS4,100,2,4,REG19,5/1/2020,5/1/2020
REG103062,9/4/2023,2023,Punjab,Ludhiana (PB-10),2W,Moped,TVS,Petrol,BS6,100,2,1,REG19,9/4/2023,9/4/2023
REG103063,23-05-2020,2020,Karnataka,Hubli (KA-25),4W,Sedan,Tata Motors,Petrol,BS6,0,6,4,REG19,23/05/2020,5/23/2020
REG103064,24-09-2018,2018,Gujarat,Gandhinagar (GJ-18),2W,Scooter,Suzuki,EV,BS4,0,2,6,REG19,24/09/2018,9/24/2018
REG103065,3/6/2023,2023,Uttar Pradesh,Lucknow (UP-32),HCV,Truck,Volvo,Diesel,BS6,0,1,1,REG19,3/6/2023,3/6/2023
REG103066,24-07-2023,2023,Karnataka,Hubli (KA-25),LCV,Pickup Van,Mahindra,Diesel,BS6,0,15,1,REG19,24/07/2023,7/24/2023
REG103067,26-06-2021,2021,West Bengal,Kolkata (WB-01),HCV,Trailer,Volvo,Diesel,BS6,4998,52,3,REG19,26/06/2021,6/26/2021
REG103068,20-11-2024,2024,Tamil Nadu,Salem (TN-30),2W,Scooter,KTM,Petrol,BS6,125,2,0,REG19,20/11/2024,11/20/2024
REG103069,15-11-2024,2024,West Bengal,Howrah (WB-13),2W,Scooter,Bajaj,Petrol,BS6,0,2,0,REG19,15/11/2024,11/15/2024
REG103070,17-11-2021,2021,Karnataka,Bangalore Central (KA-01),4W,Sedan,Renault,Diesel,BS6,1197,7,3,REG19,17/11/2021,11/17/2021
REG103071,3/12/2023,2023,Kerala,Thiruvananthapuram (KL-01),2W,Motorcycle,Yamaha,Petrol,BS6,150,2,1,REG19,3/12/2023,3/12/2023
REG103072,9/10/2021,2021,Telangana,Warangal (TS-03),LCV,Light Bus,Force Motors,Diesel,BS6,2956,9,3,REG19,9/10/2021,9/10/2021
REG103073,25-11-2021,2021,Tamil Nadu,Salem (TN-30),2W,Scooter,Bajaj,EV,BS6,0,2,3,REG19,25/11/2021,11/25/2021
REG103074,4/9/2022,2022,Gujarat,Vadodara (GJ-06),4W,Hatchback,MG,CNG,BS6,1598,5,2,REG19,4/9/2022,4/9/2022
REG103075,11/7/2019,2019,Madhya Pradesh,Ujjain (MP-13),4W,Hatchback,Skoda,Diesel,BS4,1598,5,5,REG19,11/7/2019,11/7/2019
REG103076,26-03-2023,2023,Tamil Nadu,Trichy (TN-45),4W,SUV,Kia,Petrol,BS6,1598,6,1,REG19,26/03/2023,3/26/2023
REG103077,10/12/2020,2020,Madhya Pradesh,Bhopal (MP-04),2W,Scooter,Ola Electric,EV,BS4,0,2,4,REG19,10/12/2020,10/12/2020
REG103078,14-07-2022,2022,Telangana,Nizamabad (TS-05),4W,MUV,Kia,Diesel,BS6,1598,5,2,REG19,14/07/2022,7/14/2022
REG103079,18-04-2023,2023,West Bengal,Kolkata (WB-01),2W,Scooter,Ola Electric,Petrol,BS6,160,2,1,REG19,18/04/2023,4/18/2023
REG103080,30-03-2024,2024,Delhi,Delhi North (DL-04),4W,MUV,Hyundai,Diesel,BS6,1197,5,0,REG19,30/03/2024,3/30/2024
REG103081,3/5/2024,2024,Punjab,Amritsar (PB-02),4W,Hatchback,MG,Diesel,BS6,1498,5,0,REG19,3/5/2024,3/5/2024
REG103082,25-01-2024,2024,Rajasthan,Jodhpur (RJ-19),2W,Scooter,KTM,Petrol,BS6,110,2,0,REG19,25/01/2024,1/25/2024
REG103083,15-05-2023,2023,Karnataka,Hubli (KA-25),4W,MUV,MG,Petrol,BS6,1462,5,1,REG19,15/05/2023,5/15/2023
REG103084,28-08-2021,2021,Madhya Pradesh,Gwalior (MP-07),4W,MUV,Tata Motors,Petrol,BS6,0,7,3,REG19,28/08/2021,8/28/2021
REG103085,6/9/2024,2024,Uttar Pradesh,Agra (UP-80),2W,Scooter,Royal Enfield,EV,BS6,0,2,0,REG19,6/9/2024,6/9/2024
REG103086,19-03-2022,2022,Karnataka,Mangalore (KA-19),4W,SUV,MG,Petrol,BS6,1462,6,2,REG19,19/03/2022,3/19/2022
REG103087,26-10-2023,2023,Telangana,Nizamabad (TS-05),HCV,Trailer,Eicher,Diesel,BS6,5660,45,1,REG19,26/10/2023,10/26/2023
REG103088,26-07-2019,2019,Kerala,Kollam (KL-02),2W,Scooter,Yamaha,EV,BS4,0,2,5,REG19,26/07/2019,7/26/2019
REG103089,2/5/2020,2020,Tamil Nadu,Trichy (TN-45),4W,SUV,Hyundai,Hybrid,BS6,1462,7,4,REG19,2/5/2020,2/5/2020
REG103090,16-08-2021,2021,West Bengal,Kolkata (WB-01),2W,Scooter,Honda,Petrol,BS6,110,2,3,REG19,16/08/2021,8/16/2021
REG103091,13-06-2019,2019,Gujarat,Rajkot (GJ-03),4W,MUV,Mahindra,Petrol,BS4,1598,5,5,REG19,13/06/2019,6/13/2019
REG103092,4/3/2023,2023,Telangana,Warangal (TS-03),3W,E-Rickshaw,TVS,Petrol,BS6,0,3,1,REG19,4/3/2023,4/3/2023
REG103093,14-12-2022,2022,Delhi,Delhi South (DL-09),4W,Hatchback,Maruti Suzuki,Petrol,BS6,800,5,2,REG19,14/12/2022,12/14/2022
REG103094,22-10-2023,2023,Karnataka,Mangalore (KA-19),4W,MUV,MG,CNG,BS6,800,8,1,REG19,22/10/2023,10/22/2023
REG103095,23-07-2021,2021,Telangana,Karimnagar (TS-01),4W,Sedan,Renault,Diesel,BS6,1197,5,3,REG19,23/07/2021,7/23/2021
REG103096,6/8/2023,2023,Kerala,Kozhikode (KL-11),4W,Sedan,Renault,Hybrid,BS6,2179,8,1,REG19,6/8/2023,6/8/2023
REG103097,10/12/2024,2024,Madhya Pradesh,Indore (MP-09),2W,Motorcycle,Suzuki,EV,BS6,0,2,0,REG19,10/12/2024,10/12/2024
REG103098,1/10/2022,2022,Kerala,Kollam (KL-02),4W,Hatchback,MG,Petrol,BS6,0,6,2,REG19,1/10/2022,1/10/2022
REG103099,4/1/2023,2023,Gujarat,Ahmedabad (GJ-01),HCV,Bus,Volvo,Diesel,BS6,3760,32,1,REG19,4/1/2023,4/1/2023
REG103100,27-04-2023,2023,Delhi,Delhi Central (DL-01),4W,SUV,Tata Motors,Diesel,BS6,1968,8,1,REG19,27/04/2023,4/27/2023
REG103101,22-12-2022,2022,Madhya Pradesh,Indore (MP-09),2W,Moped,Ola Electric,Petrol,BS6,160,2,2,REG19,22/12/2022,12/22/2022
REG103102,11/12/2018,2018,Telangana,Hyderabad (TS-09),2W,Moped,Hero,CNG,BS4,150,2,6,REG19,11/12/2018,11/12/2018
REG103103,31-03-2023,2023,Rajasthan,Udaipur (RJ-27),LCV,Light Bus,Mahindra,Diesel,BS6,3298,9,1,REG19,31/03/2023,3/31/2023
REG103104,4/2/2024,2024,Madhya Pradesh,Jabalpur (MP-20),2W,Moped,KTM,EV,BS6,0,2,0,REG19,4/2/2024,4/2/2024
REG103105,7/3/2023,2023,Telangana,Khammam (TS-07),2W,Moped,Honda,Petrol,BS6,150,2,1,REG19,7/3/2023,7/3/2023
REG103106,12/2/2024,2024,Tamil Nadu,Chennai Central (TN-01),2W,Moped,TVS,Petrol,BS6,110,2,0,REG19,12/2/2024,12/2/2024
REG103107,12/6/2024,2024,Punjab,Jalandhar (PB-08),4W,Sedan,Toyota,CNG,BS6,2179,7,0,REG19,12/6/2024,12/6/2024
REG103108,24-05-2021,2021,Madhya Pradesh,Gwalior (MP-07),2W,Scooter,Bajaj,Petrol,BS6,160,2,3,REG19,24/05/2021,5/24/2021
REG103109,24-06-2024,2024,Karnataka,Bangalore Central (KA-01),3W,Tempo,Atul Auto,EV,BS6,0,3,0,REG19,24/06/2024,6/24/2024
REG103110,28-11-2018,2018,Uttar Pradesh,Varanasi (UP-65),2W,Motorcycle,Yamaha,Petrol,BS4,400,2,6,REG19,28/11/2018,11/28/2018
REG103111,2/10/2021,2021,Karnataka,Belgaum (KA-22),2W,Moped,Suzuki,EV,BS6,0,2,3,REG19,2/10/2021,2/10/2021
REG103112,14-05-2018,2018,West Bengal,Kolkata (WB-01),2W,Moped,TVS,Petrol,BS4,400,2,6,REG19,14/05/2018,5/14/2018
REG103113,28-03-2019,2019,Delhi,Delhi East (DL-02),2W,Scooter,Hero,Petrol,BS4,400,2,5,REG19,28/03/2019,3/28/2019
REG103114,29-05-2024,2024,Delhi,Delhi North (DL-04),2W,Motorcycle,Ather,EV,BS6,0,2,0,REG19,29/05/2024,5/29/2024
REG103115,25-02-2023,2023,West Bengal,Kolkata (WB-01),4W,Hatchback,Honda,EV,BS6,0,6,1,REG19,25/02/2023,2/25/2023
REG103116,5/9/2022,2022,West Bengal,Siliguri (WB-73),2W,Moped,Yamaha,Petrol,BS6,110,2,2,REG19,5/9/2022,5/9/2022
REG103117,26-09-2018,2018,Madhya Pradesh,Jabalpur (MP-20),2W,Motorcycle,KTM,Petrol,BS4,400,2,6,REG19,26/09/2018,9/26/2018
REG103118,24-04-2021,2021,Uttar Pradesh,Allahabad (UP-70),2W,Scooter,Honda,EV,BS6,0,2,3,REG19,24/04/2021,4/24/2021
REG103119,27-08-2020,2020,Delhi,Delhi East (DL-02),2W,Scooter,Yamaha,Petrol,BS6,160,2,4,REG19,27/08/2020,8/27/2020
REG103120,29-04-2023,2023,Karnataka,Belgaum (KA-22),4W,MUV,Maruti Suzuki,Diesel,BS6,800,8,1,REG19,29/04/2023,4/29/2023
REG103121,8/3/2018,2018,Gujarat,Gandhinagar (GJ-18),2W,Moped,KTM,EV,BS4,0,2,6,REG19,8/3/2018,8/3/2018
REG103122,11/7/2022,2022,Madhya Pradesh,Bhopal (MP-04),4W,MUV,Maruti Suzuki,Petrol,BS6,0,5,2,REG19,11/7/2022,11/7/2022
REG103123,25-08-2022,2022,Delhi,Delhi North (DL-04),OTH,Tractor,Escorts,Diesel,BS6,5660,2,2,REG19,25/08/2022,8/25/2022
REG103124,12/3/2023,2023,Karnataka,Hubli (KA-25),HCV,Truck,Eicher,Diesel,BS6,5660,2,1,REG19,12/3/2023,12/3/2023
REG103125,13-01-2023,2023,Uttar Pradesh,Lucknow (UP-32),2W,Motorcycle,Suzuki,EV,BS6,0,2,1,REG19,13/01/2023,1/13/2023
REG103126,28-04-2020,2020,Kerala,Kollam (KL-02),3W,E-Rickshaw,Atul Auto,CNG,BS6,225,6,4,REG19,28/04/2020,4/28/2020
REG103127,12/2/2023,2023,Telangana,Warangal (TS-03),4W,SUV,Mahindra,EV,BS6,0,8,1,REG19,12/2/2023,12/2/2023
REG103128,13-07-2021,2021,Rajasthan,Udaipur (RJ-27),2W,Scooter,Honda,EV,BS6,0,2,3,REG19,13/07/2021,7/13/2021
REG103129,15-02-2018,2018,Delhi,Delhi West (DL-08),2W,Motorcycle,Honda,Petrol,BS3,125,2,6,REG19,15/02/2018,2/15/2018
REG103130,26-10-2022,2022,Telangana,Warangal (TS-03),2W,Moped,Yamaha,Petrol,BS6,350,2,2,REG19,26/10/2022,10/26/2022
REG103131,21-02-2024,2024,Punjab,Patiala (PB-11),2W,Motorcycle,Yamaha,Hybrid,BS6,350,2,0,REG19,21/02/2024,2/21/2024
REG103132,14-09-2018,2018,West Bengal,Kolkata (WB-01),LCV,Light Bus,Tata Motors,Diesel,BS4,0,9,6,REG19,14/09/2018,9/14/2018
REG103133,10/5/2021,2021,Punjab,Amritsar (PB-02),2W,Scooter,Suzuki,Petrol,BS6,400,2,3,REG19,10/5/2021,10/5/2021
REG103134,1/3/2021,2021,Delhi,Delhi South (DL-09),4W,Sedan,Mahindra,Diesel,BS6,0,8,3,REG19,1/3/2021,1/3/2021
REG103135,25-04-2018,2018,Uttar Pradesh,Varanasi (UP-65),3W,Tempo,Mahindra,CNG,BS4,250,6,6,REG19,25/04/2018,4/25/2018
REG103136,2/5/2023,2023,Madhya Pradesh,Ujjain (MP-13),4W,MUV,Mahindra,Petrol,BS6,800,6,1,REG19,2/5/2023,2/5/2023
REG103137,15-05-2024,2024,Delhi,Delhi East (DL-02),2W,Scooter,KTM,Petrol,BS6,200,2,0,REG19,15/05/2024,5/15/2024
REG103138,13-08-2022,2022,Karnataka,Bangalore Central (KA-01),2W,Scooter,Ather,Petrol,BS6,150,2,2,REG19,13/08/2022,8/13/2022
REG103139,24-03-2024,2024,Karnataka,Belgaum (KA-22),2W,Scooter,Suzuki,Petrol,BS6,350,2,0,REG19,24/03/2024,3/24/2024
REG103140,30-07-2024,2024,Maharashtra,Nashik (MH-15),4W,SUV,Skoda,EV,BS6,0,5,0,REG19,30/07/2024,7/30/2024
REG103141,5/7/2021,2021,Karnataka,Bangalore Central (KA-01),3W,Tempo,Mahindra,Diesel,BS6,250,7,3,REG19,5/7/2021,5/7/2021
REG103142,19-03-2022,2022,Kerala,Kozhikode (KL-11),2W,Scooter,TVS,EV,BS6,0,2,2,REG19,19/03/2022,3/19/2022
REG103143,13-01-2024,2024,Uttar Pradesh,Allahabad (UP-70),2W,Moped,Yamaha,Petrol,BS6,150,2,0,REG19,13/01/2024,1/13/2024
REG103144,1/8/2024,2024,Punjab,Chandigarh (CH-01),4W,SUV,Honda,Diesel,BS6,800,8,0,REG19,1/8/2024,1/8/2024
REG103145,28-07-2020,2020,Uttar Pradesh,Allahabad (UP-70),4W,Sedan,Honda,Petrol,BS6,0,8,4,REG19,28/07/2020,7/28/2020
REG103146,28-08-2022,2022,Maharashtra,Aurangabad (MH-20),4W,MUV,MG,Diesel,BS6,800,6,2,REG19,28/08/2022,8/28/2022
REG103147,28-10-2020,2020,Punjab,Patiala (PB-11),LCV,Pickup Van,Mahindra,Diesel,BS6,2956,15,4,REG19,28/10/2020,10/28/2020
REG103148,5/3/2023,2023,West Bengal,Kolkata (WB-01),4W,Hatchback,Maruti Suzuki,Diesel,BS6,1197,8,1,REG19,5/3/2023,5/3/2023
REG103149,26-03-2024,2024,Tamil Nadu,Coimbatore (TN-37),4W,Hatchback,Honda,Diesel,BS6,1498,6,0,REG19,26/03/2024,3/26/2024
REG103150,27-04-2020,2020,Tamil Nadu,Coimbatore (TN-37),2W,Motorcycle,Hero,Petrol,BS6,160,2,4,REG19,27/04/2020,4/27/2020
REG103151,29-12-2022,2022,Gujarat,Rajkot (GJ-03),2W,Scooter,Hero,Petrol,BS6,150,2,2,REG19,29/12/2022,12/29/2022
REG103152,20-07-2021,2021,Madhya Pradesh,Bhopal (MP-04),2W,Scooter,TVS,Petrol,BS6,200,2,3,REG19,20/07/2021,7/20/2021
REG103153,25-01-2020,2020,Tamil Nadu,Trichy (TN-45),2W,Motorcycle,Ather,Petrol,BS4,100,2,4,REG19,25/01/2020,1/25/2020
REG103154,24-06-2022,2022,Uttar Pradesh,Agra (UP-80),2W,Moped,Yamaha,Petrol,BS4,150,2,2,REG19,24/06/2022,6/24/2022
REG103155,15-03-2021,2021,Karnataka,Bangalore Central (KA-01),HCV,Truck,Volvo,Diesel,BS6,0,1,3,REG19,15/03/2021,3/15/2021
REG103156,3/9/2021,2021,Rajasthan,Jodhpur (RJ-19),OTH,Crane,John Deere,Diesel,BS6,0,45,3,REG19,3/9/2021,3/9/2021
REG103157,22-01-2018,2018,Telangana,Khammam (TS-07),4W,MUV,Renault,Diesel,BS4,1462,6,6,REG19,22/01/2018,1/22/2018
REG103158,14-11-2024,2024,Tamil Nadu,Chennai Central (TN-01),2W,Motorcycle,KTM,Petrol,BS6,200,2,0,REG19,14/11/2024,11/14/2024
REG103159,4/10/2022,2022,Telangana,Karimnagar (TS-01),HCV,Bus,Eicher,EV,BS6,0,52,2,REG19,4/10/2022,4/10/2022
REG103160,9/2/2023,2023,Telangana,Karimnagar (TS-01),2W,Moped,KTM,Petrol,BS6,160,2,1,REG19,9/2/2023,9/2/2023
REG103161,8/12/2023,2023,Tamil Nadu,Madurai (TN-58),4W,MUV,Tata Motors,CNG,BS6,1968,7,1,REG19,8/12/2023,8/12/2023
REG103162,16-09-2020,2020,Gujarat,Ahmedabad (GJ-01),2W,Motorcycle,Bajaj,Hybrid,BS6,100,2,4,REG19,16/09/2020,9/16/2020
REG103163,23-06-2022,2022,West Bengal,Kolkata (WB-01),2W,Motorcycle,Hero,Petrol,BS6,110,2,2,REG19,23/06/2022,6/23/2022
REG103164,4/7/2023,2023,Tamil Nadu,Chennai Central (TN-01),2W,Motorcycle,Hero,Petrol,BS6,160,2,1,REG19,4/7/2023,4/7/2023
REG103165,23-12-2022,2022,Rajasthan,Kota (RJ-20),2W,Scooter,Ather,EV,BS6,0,2,2,REG19,23/12/2022,12/23/2022
REG103166,20-02-2023,2023,Maharashtra,Nagpur (MH-31),2W,Motorcycle,KTM,Petrol,BS6,200,2,1,REG19,20/02/2023,2/20/2023
REG103167,27-04-2020,2020,Tamil Nadu,Salem (TN-30),4W,MUV,Kia,Petrol,BS6,1968,5,4,REG19,27/04/2020,4/27/2020
REG103168,14-04-2022,2022,West Bengal,Asansol (WB-39),LCV,Pickup Van,Ashok Leyland,EV,BS6,0,15,2,REG19,14/04/2022,4/14/2022
REG103169,1/10/2022,2022,Rajasthan,Ajmer (RJ-01),HCV,Bus,Ashok Leyland,CNG,BS6,3760,45,2,REG19,1/10/2022,1/10/2022
REG103170,24-07-2020,2020,Maharashtra,Mumbai Central (MH-01),LCV,Pickup Van,Force Motors,CNG,BS6,0,9,4,REG19,24/07/2020,7/24/2020
REG103171,18-02-2023,2023,Gujarat,Gandhinagar (GJ-18),2W,Moped,Honda,EV,BS6,0,2,1,REG19,18/02/2023,2/18/2023
REG103172,13-11-2023,2023,Maharashtra,Mumbai Central (MH-01),4W,MUV,Skoda,Diesel,BS6,1197,7,1,REG19,13/11/2023,11/13/2023
REG103173,30-06-2022,2022,Karnataka,Belgaum (KA-22),2W,Motorcycle,Ather,Petrol,BS6,125,2,2,REG19,30/06/2022,6/30/2022
REG103174,2/9/2022,2022,Delhi,Delhi East (DL-02),4W,MUV,Maruti Suzuki,Petrol,BS6,1598,6,2,REG19,2/9/2022,2/9/2022
REG103175,8/8/2023,2023,Punjab,Chandigarh (CH-01),2W,Moped,Yamaha,Petrol,BS6,150,2,1,REG19,8/8/2023,8/8/2023
REG103176,20-06-2024,2024,Punjab,Jalandhar (PB-08),2W,Moped,TVS,Petrol,BS6,350,2,0,REG19,20/06/2024,6/20/2024
REG103177,2/5/2022,2022,Gujarat,Ahmedabad (GJ-01),OTH,Crane,TAFE,Diesel,BS6,0,45,2,REG19,2/5/2022,2/5/2022
REG103178,20-12-2024,2024,Tamil Nadu,Salem (TN-30),2W,Moped,Honda,EV,BS6,0,2,0,REG19,20/12/2024,12/20/2024
REG103179,11/8/2023,2023,Tamil Nadu,Madurai (TN-58),4W,MUV,MG,Petrol,BS6,2179,8,1,REG19,11/8/2023,11/8/2023
REG103180,5/6/2023,2023,Tamil Nadu,Madurai (TN-58),2W,Moped,Royal Enfield,Petrol,BS6,0,2,1,REG19,5/6/2023,5/6/2023
REG103181,27-07-2022,2022,West Bengal,Asansol (WB-39),3W,Tempo,Mahindra,Diesel,BS6,250,3,2,REG19,27/07/2022,7/27/2022
REG103182,19-05-2023,2023,Telangana,Hyderabad (TS-09),LCV,Light Bus,Eicher,Diesel,BS6,2523,15,1,REG19,19/05/2023,5/19/2023
REG103183,26-01-2023,2023,Gujarat,Surat (GJ-05),2W,Moped,Suzuki,Petrol,BS6,0,2,1,REG19,26/01/2023,1/26/2023
REG103184,6/3/2020,2020,Gujarat,Ahmedabad (GJ-01),4W,MUV,Toyota,Diesel,BS6,1498,6,4,REG19,6/3/2020,6/3/2020
REG103185,17-01-2021,2021,Uttar Pradesh,Varanasi (UP-65),4W,Sedan,Tata Motors,Diesel,BS6,1462,8,3,REG19,17/01/2021,1/17/2021
REG103186,13-12-2024,2024,Punjab,Ludhiana (PB-10),2W,Motorcycle,Royal Enfield,EV,BS6,0,2,0,REG19,13/12/2024,12/13/2024
REG103187,22-07-2022,2022,Tamil Nadu,Salem (TN-30),2W,Moped,Honda,Hybrid,BS6,160,2,2,REG19,22/07/2022,7/22/2022
REG103188,6/1/2024,2024,Karnataka,Hubli (KA-25),3W,E-Rickshaw,Mahindra,EV,BS6,0,7,0,REG19,6/1/2024,6/1/2024
REG103189,20-05-2022,2022,Gujarat,Surat (GJ-05),HCV,Bus,Ashok Leyland,Diesel,BS6,6700,32,2,REG19,20/05/2022,5/20/2022
REG103190,22-12-2021,2021,Tamil Nadu,Coimbatore (TN-37),4W,Sedan,Toyota,CNG,BS6,2179,8,3,REG19,22/12/2021,12/22/2021
REG103191,24-03-2020,2020,Karnataka,Hubli (KA-25),2W,Moped,Hero,Petrol,BS4,160,2,4,REG19,24/03/2020,3/24/2020
REG103192,15-10-2020,2020,West Bengal,Howrah (WB-13),2W,Motorcycle,Hero,CNG,BS6,100,2,4,REG19,15/10/2020,10/15/2020
REG103193,4/2/2024,2024,Punjab,Chandigarh (CH-01),4W,Hatchback,Honda,Petrol,BS6,1498,7,0,REG19,4/2/2024,4/2/2024
REG103194,4/12/2021,2021,Tamil Nadu,Salem (TN-30),3W,Auto Rickshaw,Kinetic Green,Petrol,BS6,200,7,3,REG19,4/12/2021,4/12/2021
REG103195,28-12-2022,2022,Gujarat,Surat (GJ-05),4W,Hatchback,Honda,CNG,BS6,800,8,2,REG19,28/12/2022,12/28/2022
REG103196,29-04-2023,2023,West Bengal,Durgapur (WB-40),4W,SUV,Skoda,Petrol,BS6,1968,5,1,REG19,29/04/2023,4/29/2023
REG103197,27-06-2023,2023,Gujarat,Vadodara (GJ-06),LCV,Light Bus,Eicher,Diesel,BS6,2956,15,1,REG19,27/06/2023,6/27/2023
REG103198,20-02-2020,2020,West Bengal,Asansol (WB-39),4W,SUV,MG,Petrol,BS6,1462,6,4,REG19,20/02/2020,2/20/2020
REG103199,16-04-2024,2024,Maharashtra,Nashik (MH-15),2W,Scooter,Bajaj,EV,BS6,0,2,0,REG19,16/04/2024,4/16/2024
REG103200,10/5/2021,2021,Tamil Nadu,Coimbatore (TN-37),2W,Motorcycle,TVS,Petrol,BS6,100,2,3,REG19,10/5/2021,10/5/2021
REG103201,27-06-2018,2018,Madhya Pradesh,Ujjain (MP-13),4W,Sedan,MG,Petrol,BS4,800,7,6,REG19,27/06/2018,6/27/2018
REG103202,7/9/2019,2019,Karnataka,Mangalore (KA-19),2W,Motorcycle,TVS,Petrol,BS4,110,2,5,REG19,7/9/2019,7/9/2019
REG103203,20-11-2024,2024,Rajasthan,Kota (RJ-20),2W,Scooter,Hero,EV,BS6,0,2,0,REG19,20/11/2024,11/20/2024
REG103204,10/2/2021,2021,Gujarat,Surat (GJ-05),2W,Moped,Royal Enfield,Petrol,BS6,0,2,3,REG19,10/2/2021,10/2/2021
REG103205,19-01-2021,2021,Punjab,Ludhiana (PB-10),2W,Scooter,Honda,Petrol,BS6,350,2,3,REG19,19/01/2021,1/19/2021
REG103206,25-04-2021,2021,Telangana,Hyderabad (TS-09),4W,Sedan,Toyota,Petrol,BS4,1498,7,3,REG19,25/04/2021,4/25/2021
REG103207,10/6/2023,2023,Karnataka,Belgaum (KA-22),4W,MUV,Hyundai,Diesel,BS6,1598,8,1,REG19,10/6/2023,10/6/2023
REG103208,23-05-2023,2023,Karnataka,Mangalore (KA-19),2W,Motorcycle,TVS,EV,BS6,0,2,1,REG19,23/05/2023,5/23/2023
REG103209,10/12/2021,2021,Delhi,Delhi Central (DL-01),LCV,Pickup Van,Tata Motors,EV,BS6,0,15,3,REG19,10/12/2021,10/12/2021
REG103210,10/6/2022,2022,Uttar Pradesh,Kanpur (UP-78),2W,Motorcycle,Hero,EV,BS6,0,2,2,REG19,10/6/2022,10/6/2022
REG103211,8/12/2021,2021,Gujarat,Surat (GJ-05),2W,Moped,Ather,EV,BS6,0,2,3,REG19,8/12/2021,8/12/2021
REG103212,5/8/2023,2023,Punjab,Jalandhar (PB-08),3W,Auto Rickshaw,TVS,CNG,BS6,200,7,1,REG19,5/8/2023,5/8/2023
REG103213,19-02-2023,2023,Maharashtra,Aurangabad (MH-20),2W,Motorcycle,Honda,Petrol,BS6,100,2,1,REG19,19/02/2023,2/19/2023
REG103214,3/10/2022,2022,Kerala,Kochi (KL-07),4W,MUV,Renault,Diesel,BS6,1462,5,2,REG19,3/10/2022,3/10/2022
REG103215,18-09-2022,2022,Gujarat,Rajkot (GJ-03),4W,MUV,Mahindra,CNG,BS6,2179,7,2,REG19,18/09/2022,9/18/2022
REG103216,18-11-2018,2018,Karnataka,Belgaum (KA-22),4W,SUV,Honda,CNG,BS4,800,8,6,REG19,18/11/2018,11/18/2018
REG103217,7/1/2020,2020,Rajasthan,Udaipur (RJ-27),4W,Sedan,Honda,Diesel,BS6,2179,6,4,REG19,7/1/2020,7/1/2020
REG103218,18-08-2023,2023,Kerala,Thrissur (KL-08),2W,Motorcycle,Ather,Petrol,BS6,125,2,1,REG19,18/08/2023,8/18/2023
REG103219,25-04-2018,2018,Madhya Pradesh,Indore (MP-09),3W,E-Rickshaw,Mahindra,CNG,BS4,200,7,6,REG19,25/04/2018,4/25/2018
REG103220,19-10-2022,2022,Delhi,Delhi Central (DL-01),4W,MUV,Renault,Hybrid,BS6,1598,5,2,REG19,19/10/2022,10/19/2022
REG103221,10/2/2020,2020,Madhya Pradesh,Gwalior (MP-07),2W,Scooter,Ola Electric,EV,BS6,0,2,4,REG19,10/2/2020,10/2/2020
REG103222,2/8/2022,2022,Uttar Pradesh,Varanasi (UP-65),2W,Motorcycle,Suzuki,Petrol,BS6,350,2,2,REG19,2/8/2022,2/8/2022
REG103223,1/7/2019,2019,Rajasthan,Jaipur (RJ-14),LCV,Pickup Van,Force Motors,Diesel,BS4,0,9,5,REG19,1/7/2019,1/7/2019
REG103224,15-02-2020,2020,Rajasthan,Ajmer (RJ-01),4W,MUV,Mahindra,Petrol,BS4,0,5,4,REG19,15/02/2020,2/15/2020
REG103225,28-09-2018,2018,Madhya Pradesh,Jabalpur (MP-20),2W,Motorcycle,Hero,CNG,BS4,200,2,6,REG19,28/09/2018,9/28/2018
REG103226,4/9/2022,2022,Uttar Pradesh,Agra (UP-80),4W,Sedan,Mahindra,Hybrid,BS6,1462,5,2,REG19,4/9/2022,4/9/2022
REG103227,1/8/2019,2019,Madhya Pradesh,Indore (MP-09),2W,Scooter,Ather,EV,BS4,0,2,5,REG19,1/8/2019,1/8/2019
REG103228,30-01-2020,2020,Rajasthan,Kota (RJ-20),4W,Sedan,Maruti Suzuki,Petrol,BS4,1197,7,4,REG19,30/01/2020,1/30/2020
REG103229,17-09-2021,2021,Gujarat,Vadodara (GJ-06),2W,Moped,Hero,Petrol,BS6,100,2,3,REG19,17/09/2021,9/17/2021
REG103230,2/5/2021,2021,Madhya Pradesh,Ujjain (MP-13),4W,Sedan,Skoda,Diesel,BS6,0,8,3,REG19,2/5/2021,2/5/2021
REG103231,24-05-2020,2020,Tamil Nadu,Madurai (TN-58),2W,Scooter,Bajaj,Petrol,BS4,150,2,4,REG19,24/05/2020,5/24/2020
REG103232,25-04-2022,2022,Telangana,Warangal (TS-03),4W,Hatchback,Maruti Suzuki,Petrol,BS6,1598,6,2,REG19,25/04/2022,4/25/2022
REG103233,23-05-2023,2023,Punjab,Amritsar (PB-02),4W,Sedan,Maruti Suzuki,Diesel,BS6,1000,8,1,REG19,23/05/2023,5/23/2023
REG103234,20-03-2021,2021,Punjab,Patiala (PB-11),HCV,Tanker,Volvo,Diesel,BS6,0,52,3,REG19,20/03/2021,3/20/2021
REG103235,20-03-2020,2020,West Bengal,Howrah (WB-13),2W,Moped,Ola Electric,Petrol,BS6,350,2,4,REG19,20/03/2020,3/20/2020
REG103236,27-05-2018,2018,Rajasthan,Udaipur (RJ-27),2W,Motorcycle,TVS,Petrol,BS4,100,2,6,REG19,27/05/2018,5/27/2018
REG103237,8/7/2021,2021,Rajasthan,Udaipur (RJ-27),4W,MUV,Hyundai,Petrol,BS6,0,5,3,REG19,8/7/2021,8/7/2021
REG103238,26-07-2021,2021,Gujarat,Ahmedabad (GJ-01),HCV,Bus,Eicher,Diesel,BS6,6700,1,3,REG19,26/07/2021,7/26/2021
REG103239,11/10/2019,2019,Kerala,Kollam (KL-02),4W,Sedan,Mahindra,CNG,BS4,1498,7,5,REG19,11/10/2019,11/10/2019
REG103240,13-03-2021,2021,West Bengal,Asansol (WB-39),2W,Moped,Suzuki,Petrol,BS6,350,2,3,REG19,13/03/2021,3/13/2021
REG103241,16-03-2021,2021,Uttar Pradesh,Allahabad (UP-70),2W,Moped,Royal Enfield,Petrol,BS6,125,2,3,REG19,16/03/2021,3/16/2021
REG103242,5/5/2020,2020,Gujarat,Gandhinagar (GJ-18),2W,Moped,Ather,Petrol,BS6,350,2,4,REG19,5/5/2020,5/5/2020
REG103243,29-09-2024,2024,Delhi,Delhi North (DL-04),2W,Scooter,Hero,Petrol,BS6,100,2,0,REG19,29/09/2024,9/29/2024
REG103244,5/11/2024,2024,Kerala,Kochi (KL-07),2W,Scooter,Ola Electric,Petrol,BS6,150,2,0,REG19,5/11/2024,5/11/2024
REG103245,14-09-2021,2021,Madhya Pradesh,Ujjain (MP-13),2W,Scooter,Honda,Petrol,BS6,0,2,3,REG19,14/09/2021,9/14/2021
REG103246,3/12/2023,2023,Kerala,Thiruvananthapuram (KL-01),LCV,Light Bus,Eicher,Diesel,BS6,2956,12,1,REG19,3/12/2023,3/12/2023
REG103247,23-04-2019,2019,Kerala,Thrissur (KL-08),2W,Moped,Bajaj,Petrol,BS4,160,2,5,REG19,23/04/2019,4/23/2019
REG103248,21-11-2019,2019,Karnataka,Hubli (KA-25),2W,Motorcycle,Ather,Petrol,BS4,110,2,5,REG19,21/11/2019,11/21/2019
REG103249,11/6/2023,2023,Gujarat,Ahmedabad (GJ-01),HCV,Trailer,Tata Motors,CNG,BS6,3760,45,1,REG19,11/6/2023,11/6/2023
REG103250,21-10-2021,2021,Punjab,Chandigarh (CH-01),2W,Scooter,Hero,EV,BS6,0,2,3,REG19,21/10/2021,10/21/2021
REG103251,5/2/2022,2022,Maharashtra,Nashik (MH-15),3W,E-Rickshaw,Kinetic Green,Diesel,BS6,200,3,2,REG19,5/2/2022,5/2/2022
REG103252,20-03-2021,2021,Karnataka,Hubli (KA-25),4W,SUV,Honda,Petrol,BS6,2179,7,3,REG19,20/03/2021,3/20/2021
REG103253,20-04-2021,2021,Madhya Pradesh,Jabalpur (MP-20),4W,Hatchback,MG,Hybrid,BS6,2179,7,3,REG19,20/04/2021,4/20/2021
REG103254,7/11/2024,2024,Gujarat,Gandhinagar (GJ-18),4W,MUV,Maruti Suzuki,CNG,BS6,1000,6,0,REG19,7/11/2024,7/11/2024
REG103255,9/1/2019,2019,Uttar Pradesh,Allahabad (UP-70),2W,Motorcycle,Suzuki,Petrol,BS4,150,2,5,REG19,9/1/2019,9/1/2019
REG103256,26-11-2024,2024,Tamil Nadu,Salem (TN-30),4W,MUV,Toyota,Petrol,BS6,0,5,0,REG19,26/11/2024,11/26/2024
REG103257,11/2/2023,2023,Rajasthan,Udaipur (RJ-27),HCV,Tanker,Ashok Leyland,Diesel,BS6,3760,52,1,REG19,11/2/2023,11/2/2023
REG103258,21-07-2020,2020,Punjab,Jalandhar (PB-08),4W,SUV,Honda,Petrol,BS6,800,8,4,REG19,21/07/2020,7/21/2020
REG103259,3/6/2021,2021,Gujarat,Ahmedabad (GJ-01),2W,Scooter,Royal Enfield,EV,BS6,0,2,3,REG19,3/6/2021,3/6/2021
REG103260,7/1/2022,2022,Uttar Pradesh,Allahabad (UP-70),4W,SUV,Renault,Petrol,BS6,1462,8,2,REG19,7/1/2022,7/1/2022
REG103261,6/9/2023,2023,Karnataka,Bangalore Central (KA-01),OTH,Crane,Sonalika,Diesel,BS6,4998,45,1,REG19,6/9/2023,6/9/2023
REG103262,16-08-2023,2023,Rajasthan,Ajmer (RJ-01),LCV,Light Bus,Mahindra,Diesel,BS6,2523,9,1,REG19,16/08/2023,8/16/2023
REG103263,11/11/2024,2024,Karnataka,Mangalore (KA-19),2W,Moped,Suzuki,Petrol,BS6,100,2,0,REG19,11/11/2024,11/11/2024
REG103264,5/8/2021,2021,Tamil Nadu,Chennai Central (TN-01),2W,Scooter,Honda,Petrol,BS6,350,2,3,REG19,5/8/2021,5/8/2021
REG103265,28-07-2023,2023,Gujarat,Surat (GJ-05),2W,Moped,Ather,Petrol,BS6,200,2,1,REG19,28/07/2023,7/28/2023
REG103266,30-04-2023,2023,Rajasthan,Jodhpur (RJ-19),2W,Motorcycle,KTM,Hybrid,BS6,200,2,1,REG19,30/04/2023,4/30/2023
REG103267,26-10-2023,2023,Delhi,Delhi Central (DL-01),LCV,Mini Truck,Ashok Leyland,CNG,BS6,2956,12,1,REG19,26/10/2023,10/26/2023
REG103268,11/11/2019,2019,Madhya Pradesh,Jabalpur (MP-20),OTH,Tractor,Sonalika,Petrol,BS6,6700,45,5,REG19,11/11/2019,11/11/2019
REG103269,21-03-2023,2023,Delhi,Delhi Central (DL-01),OTH,Tractor,Escorts,Diesel,BS6,5660,52,1,REG19,21/03/2023,3/21/2023
REG103270,12/7/2023,2023,West Bengal,Howrah (WB-13),HCV,Bus,MAN,Diesel,BS6,5660,2,1,REG19,12/7/2023,12/7/2023
REG103271,14-05-2022,2022,Punjab,Ludhiana (PB-10),LCV,Light Bus,Force Motors,CNG,BS6,2523,9,2,REG19,14/05/2022,5/14/2022
REG103272,9/8/2021,2021,Gujarat,Gandhinagar (GJ-18),2W,Motorcycle,KTM,EV,BS6,0,2,3,REG19,9/8/2021,9/8/2021
REG103273,8/11/2023,2023,Rajasthan,Kota (RJ-20),4W,Hatchback,MG,Petrol,BS6,1197,5,1,REG19,8/11/2023,8/11/2023
REG103274,13-10-2023,2023,Kerala,Thiruvananthapuram (KL-01),2W,Scooter,Hero,Petrol,BS6,0,2,1,REG19,13/10/2023,10/13/2023
REG103275,30-09-2020,2020,Delhi,Delhi West (DL-08),4W,MUV,Kia,Diesel,BS6,2179,5,4,REG19,30/09/2020,9/30/2020
REG103276,3/11/2018,2018,Karnataka,Hubli (KA-25),4W,SUV,Toyota,Diesel,BS4,1462,7,6,REG19,3/11/2018,3/11/2018
REG103277,25-10-2024,2024,Madhya Pradesh,Indore (MP-09),3W,Auto Rickshaw,Kinetic Green,EV,BS6,0,6,0,REG19,25/10/2024,10/25/2024
REG103278,19-07-2023,2023,Rajasthan,Jodhpur (RJ-19),4W,Hatchback,Toyota,Petrol,BS6,800,5,1,REG19,19/07/2023,7/19/2023
REG103279,7/2/2023,2023,Maharashtra,Mumbai Central (MH-01),4W,Hatchback,Maruti Suzuki,Petrol,BS6,1968,5,1,REG19,7/2/2023,7/2/2023
REG103280,21-09-2023,2023,Punjab,Jalandhar (PB-08),2W,Scooter,Royal Enfield,Hybrid,BS6,110,2,1,REG19,21/09/2023,9/21/2023
REG103281,13-03-2023,2023,Tamil Nadu,Chennai Central (TN-01),LCV,Mini Truck,Tata Motors,CNG,BS6,2956,15,1,REG19,13/03/2023,3/13/2023
REG103282,15-10-2023,2023,Gujarat,Rajkot (GJ-03),LCV,Light Bus,Tata Motors,EV,BS6,0,12,1,REG19,15/10/2023,10/15/2023
REG103283,28-09-2021,2021,Tamil Nadu,Coimbatore (TN-37),4W,Sedan,Hyundai,Petrol,BS6,1000,8,3,REG19,28/09/2021,9/28/2021
REG103284,11/6/2024,2024,Madhya Pradesh,Jabalpur (MP-20),HCV,Bus,MAN,Diesel,BS6,6700,1,0,REG19,11/6/2024,11/6/2024
REG103285,11/1/2019,2019,Punjab,Ludhiana (PB-10),2W,Motorcycle,Ather,EV,BS4,0,2,5,REG19,11/1/2019,11/1/2019
REG103286,23-11-2022,2022,Delhi,Delhi Central (DL-01),3W,E-Rickshaw,TVS,CNG,BS6,225,3,2,REG19,23/11/2022,11/23/2022
REG103287,6/4/2020,2020,Tamil Nadu,Coimbatore (TN-37),2W,Motorcycle,Suzuki,EV,BS6,0,2,4,REG19,6/4/2020,6/4/2020
REG103288,17-03-2021,2021,Madhya Pradesh,Ujjain (MP-13),4W,MUV,MG,Diesel,BS6,1462,5,3,REG19,17/03/2021,3/17/2021
REG103289,18-03-2023,2023,Kerala,Kollam (KL-02),4W,Sedan,Toyota,Petrol,BS6,1968,8,1,REG19,18/03/2023,3/18/2023
REG103290,16-11-2022,2022,Karnataka,Mysore (KA-09),2W,Moped,Bajaj,EV,BS6,0,2,2,REG19,16/11/2022,11/16/2022
REG103291,13-05-2021,2021,Rajasthan,Jodhpur (RJ-19),HCV,Trailer,Ashok Leyland,Diesel,BS6,5660,52,3,REG19,13/05/2021,5/13/2021
REG103292,8/2/2022,2022,Gujarat,Surat (GJ-05),4W,MUV,Renault,Diesel,BS6,1498,6,2,REG19,8/2/2022,8/2/2022
REG103293,15-10-2022,2022,Delhi,Delhi Central (DL-01),2W,Motorcycle,Ola Electric,CNG,BS6,350,2,2,REG19,15/10/2022,10/15/2022
REG103294,29-01-2023,2023,West Bengal,Kolkata (WB-01),LCV,Pickup Van,Ashok Leyland,CNG,BS6,0,15,1,REG19,29/01/2023,1/29/2023
REG103295,19-03-2022,2022,Tamil Nadu,Salem (TN-30),4W,Hatchback,Tata Motors,Diesel,BS6,800,7,2,REG19,19/03/2022,3/19/2022
REG103296,21-07-2024,2024,Uttar Pradesh,Kanpur (UP-78),3W,Auto Rickshaw,Mahindra,CNG,BS6,200,3,0,REG19,21/07/2024,7/21/2024
REG103297,15-11-2023,2023,Tamil Nadu,Coimbatore (TN-37),2W,Scooter,Honda,EV,BS6,0,2,1,REG19,15/11/2023,11/15/2023
REG103298,19-10-2020,2020,Rajasthan,Ajmer (RJ-01),4W,MUV,MG,Hybrid,BS6,1462,7,4,REG19,19/10/2020,10/19/2020
REG103299,10/5/2024,2024,West Bengal,Asansol (WB-39),2W,Scooter,Honda,EV,BS6,0,2,0,REG19,10/5/2024,10/5/2024
REG103300,7/1/2024,2024,Gujarat,Ahmedabad (GJ-01),2W,Scooter,Bajaj,Petrol,BS6,150,2,0,REG19,7/1/2024,7/1/2024
REG103301,23-02-2022,2022,Kerala,Kollam (KL-02),2W,Scooter,Suzuki,EV,BS6,0,2,2,REG19,23/02/2022,2/23/2022
REG103302,8/1/2020,2020,Tamil Nadu,Madurai (TN-58),HCV,Trailer,MAN,Diesel,BS6,0,1,4,REG19,8/1/2020,8/1/2020
REG103303,27-03-2023,2023,Rajasthan,Udaipur (RJ-27),HCV,Truck,MAN,Diesel,BS6,5660,52,1,REG19,27/03/2023,3/27/2023
REG103304,24-09-2024,2024,Tamil Nadu,Trichy (TN-45),3W,Auto Rickshaw,Bajaj,CNG,BS6,225,3,0,REG19,24/09/2024,9/24/2024
REG103305,27-06-2024,2024,Tamil Nadu,Salem (TN-30),2W,Scooter,Yamaha,Hybrid,BS6,125,2,0,REG19,27/06/2024,6/27/2024
REG103306,9/10/2022,2022,Tamil Nadu,Chennai Central (TN-01),3W,Auto Rickshaw,Bajaj,EV,BS6,0,3,2,REG19,9/10/2022,9/10/2022
REG103307,8/9/2023,2023,Telangana,Karimnagar (TS-01),2W,Moped,Honda,EV,BS6,0,2,1,REG19,8/9/2023,8/9/2023
REG103308,17-06-2019,2019,Kerala,Thrissur (KL-08),4W,Sedan,Honda,Diesel,BS4,1598,7,5,REG19,17/06/2019,6/17/2019
REG103309,5/6/2022,2022,Karnataka,Bangalore Central (KA-01),2W,Scooter,Honda,Petrol,BS6,400,2,2,REG19,5/6/2022,5/6/2022
REG103310,3/8/2018,2018,Gujarat,Surat (GJ-05),2W,Motorcycle,Bajaj,CNG,BS4,100,2,6,REG19,3/8/2018,3/8/2018
REG103311,29-04-2023,2023,West Bengal,Howrah (WB-13),2W,Scooter,Hero,Petrol,BS6,100,2,1,REG19,29/04/2023,4/29/2023
REG103312,14-04-2024,2024,Kerala,Kochi (KL-07),4W,Sedan,Kia,Petrol,BS6,1000,8,0,REG19,14/04/2024,4/14/2024
REG103313,30-12-2019,2019,Punjab,Ludhiana (PB-10),LCV,Light Bus,Tata Motors,CNG,BS4,0,9,5,REG19,30/12/2019,12/30/2019
REG103314,13-12-2023,2023,Karnataka,Mangalore (KA-19),LCV,Pickup Van,Eicher,Diesel,BS6,3298,9,1,REG19,13/12/2023,12/13/2023
REG103315,10/1/2024,2024,Delhi,Delhi East (DL-02),LCV,Pickup Van,Ashok Leyland,Diesel,BS6,0,9,0,REG19,10/1/2024,10/1/2024
REG103316,29-05-2023,2023,Uttar Pradesh,Varanasi (UP-65),2W,Scooter,Hero,Petrol,BS6,200,2,1,REG19,29/05/2023,5/29/2023
REG103317,25-10-2021,2021,Telangana,Hyderabad (TS-09),2W,Moped,Honda,EV,BS6,0,2,3,REG19,25/10/2021,10/25/2021
REG103318,4/1/2019,2019,Kerala,Kochi (KL-07),3W,Tempo,Piaggio,CNG,BS4,250,3,5,REG19,4/1/2019,4/1/2019
REG103319,20-02-2024,2024,Madhya Pradesh,Ujjain (MP-13),HCV,Tanker,Eicher,Diesel,BS6,4998,1,0,REG19,20/02/2024,2/20/2024
REG103320,9/3/2020,2020,Rajasthan,Jodhpur (RJ-19),4W,SUV,Tata Motors,EV,BS6,0,5,4,REG19,9/3/2020,9/3/2020
REG103321,1/5/2022,2022,Rajasthan,Ajmer (RJ-01),LCV,Mini Truck,Force Motors,CNG,BS6,3298,12,2,REG19,1/5/2022,1/5/2022
REG103322,12/12/2020,2020,Kerala,Thiruvananthapuram (KL-01),HCV,Trailer,BharatBenz,Diesel,BS6,4998,52,4,REG19,12/12/2020,12/12/2020
REG103323,13-06-2023,2023,Rajasthan,Jaipur (RJ-14),4W,Hatchback,Hyundai,Diesel,BS6,0,8,1,REG19,13/06/2023,6/13/2023
REG103324,23-04-2020,2020,Tamil Nadu,Salem (TN-30),2W,Moped,Ather,EV,BS6,0,2,4,REG19,23/04/2020,4/23/2020
REG103325,30-09-2020,2020,West Bengal,Durgapur (WB-40),4W,Hatchback,Mahindra,Petrol,BS6,0,5,4,REG19,30/09/2020,9/30/2020
REG103326,9/3/2023,2023,Kerala,Kollam (KL-02),3W,Tempo,Mahindra,CNG,BS6,225,7,1,REG19,9/3/2023,9/3/2023
REG103327,6/7/2021,2021,Delhi,Delhi West (DL-08),HCV,Trailer,MAN,EV,BS6,0,2,3,REG19,6/7/2021,6/7/2021
REG103328,11/9/2022,2022,Maharashtra,Nagpur (MH-31),4W,SUV,Skoda,Diesel,BS6,1000,5,2,REG19,11/9/2022,11/9/2022
REG103329,28-08-2021,2021,Madhya Pradesh,Indore (MP-09),4W,Sedan,Maruti Suzuki,EV,BS6,0,6,3,REG19,28/08/2021,8/28/2021
REG103330,8/10/2024,2024,West Bengal,Durgapur (WB-40),2W,Moped,Honda,Petrol,BS6,0,2,0,REG19,8/10/2024,8/10/2024
REG103331,3/4/2023,2023,Rajasthan,Ajmer (RJ-01),4W,Hatchback,Hyundai,Diesel,BS6,1000,6,1,REG19,3/4/2023,3/4/2023
REG103332,19-05-2024,2024,Delhi,Delhi North (DL-04),4W,MUV,Maruti Suzuki,Petrol,BS6,2179,8,0,REG19,19/05/2024,5/19/2024
REG103333,27-04-2022,2022,Madhya Pradesh,Bhopal (MP-04),2W,Moped,Ola Electric,EV,BS6,0,2,2,REG19,27/04/2022,4/27/2022
REG103334,5/11/2020,2020,Madhya Pradesh,Jabalpur (MP-20),2W,Motorcycle,Honda,Hybrid,BS6,350,2,4,REG19,5/11/2020,5/11/2020
REG103335,23-04-2021,2021,Punjab,Patiala (PB-11),2W,Motorcycle,Yamaha,CNG,BS6,150,2,3,REG19,23/04/2021,4/23/2021
REG103336,15-10-2021,2021,Telangana,Karimnagar (TS-01),4W,SUV,Tata Motors,Diesel,BS6,0,8,3,REG19,15/10/2021,10/15/2021
REG103337,5/5/2022,2022,Telangana,Hyderabad (TS-09),4W,SUV,Mahindra,CNG,BS6,800,5,2,REG19,5/5/2022,5/5/2022
REG103338,1/12/2022,2022,Madhya Pradesh,Bhopal (MP-04),3W,E-Rickshaw,Atul Auto,CNG,BS6,250,6,2,REG19,1/12/2022,1/12/2022
REG103339,20-08-2019,2019,Rajasthan,Udaipur (RJ-27),4W,SUV,Kia,Petrol,BS4,1968,6,5,REG19,20/08/2019,8/20/2019
REG103340,20-08-2023,2023,Kerala,Thrissur (KL-08),2W,Moped,Yamaha,Petrol,BS6,200,2,1,REG19,20/08/2023,8/20/2023
REG103341,21-09-2021,2021,Punjab,Chandigarh (CH-01),4W,Hatchback,Kia,Petrol,BS6,1462,7,3,REG19,21/09/2021,9/21/2021
REG103342,6/7/2023,2023,Madhya Pradesh,Ujjain (MP-13),4W,MUV,Skoda,EV,BS6,0,7,1,REG19,6/7/2023,6/7/2023
REG103343,6/2/2023,2023,West Bengal,Asansol (WB-39),4W,MUV,Toyota,Diesel,BS6,1968,8,1,REG19,6/2/2023,6/2/2023
REG103344,18-04-2018,2018,Telangana,Nizamabad (TS-05),OTH,Tractor,John Deere,Diesel,BS4,3760,45,6,REG19,18/04/2018,4/18/2018
REG103345,23-11-2019,2019,Madhya Pradesh,Bhopal (MP-04),4W,MUV,MG,Diesel,BS4,1462,7,5,REG19,23/11/2019,11/23/2019
REG103346,26-10-2022,2022,Madhya Pradesh,Bhopal (MP-04),4W,Hatchback,MG,Diesel,BS6,1197,6,2,REG19,26/10/2022,10/26/2022
REG103347,28-07-2020,2020,Delhi,Delhi East (DL-02),4W,SUV,Kia,Petrol,BS6,1598,6,4,REG19,28/07/2020,7/28/2020
REG103348,16-12-2019,2019,Telangana,Nizamabad (TS-05),4W,Hatchback,Tata Motors,Petrol,BS4,1968,7,5,REG19,16/12/2019,12/16/2019
REG103349,26-05-2023,2023,Delhi,Delhi East (DL-02),3W,E-Rickshaw,Kinetic Green,EV,BS6,0,3,1,REG19,26/05/2023,5/26/2023
REG103350,6/9/2020,2020,Gujarat,Gandhinagar (GJ-18),4W,Sedan,Tata Motors,Petrol,BS6,1000,7,4,REG19,6/9/2020,6/9/2020
REG103351,8/7/2023,2023,Uttar Pradesh,Allahabad (UP-70),2W,Motorcycle,Ola Electric,Petrol,BS6,200,2,1,REG19,8/7/2023,8/7/2023
REG103352,29-08-2018,2018,Kerala,Thrissur (KL-08),OTH,Tractor,TAFE,Diesel,BS4,5660,1,6,REG19,29/08/2018,8/29/2018
REG103353,20-07-2021,2021,Delhi,Delhi North (DL-04),OTH,Crane,John Deere,Diesel,BS6,3760,2,3,REG19,20/07/2021,7/20/2021
REG103354,8/1/2023,2023,Karnataka,Belgaum (KA-22),4W,Hatchback,Tata Motors,Diesel,BS6,1968,7,1,REG19,8/1/2023,8/1/2023
REG103355,28-11-2024,2024,Maharashtra,Nashik (MH-15),4W,Hatchback,Tata Motors,Petrol,BS6,1462,5,0,REG19,28/11/2024,11/28/2024
REG103356,3/1/2021,2021,Rajasthan,Udaipur (RJ-27),2W,Scooter,Ather,CNG,BS6,160,2,3,REG19,3/1/2021,3/1/2021
REG103357,19-04-2018,2018,Rajasthan,Kota (RJ-20),2W,Scooter,Ola Electric,Petrol,BS4,200,2,6,REG19,19/04/2018,4/19/2018
REG103358,21-04-2023,2023,Uttar Pradesh,Lucknow (UP-32),3W,E-Rickshaw,Atul Auto,EV,BS6,0,7,1,REG19,21/04/2023,4/21/2023
REG103359,14-12-2022,2022,Tamil Nadu,Salem (TN-30),2W,Motorcycle,Ola Electric,CNG,BS6,250,2,2,REG19,14/12/2022,12/14/2022
REG103360,5/12/2021,2021,Maharashtra,Mumbai Central (MH-01),3W,Tempo,Kinetic Green,CNG,BS6,225,6,3,REG19,5/12/2021,5/12/2021
REG103361,11/7/2019,2019,Punjab,Chandigarh (CH-01),2W,Moped,TVS,Petrol,BS4,200,2,5,REG19,11/7/2019,11/7/2019
REG103362,13-01-2022,2022,Madhya Pradesh,Bhopal (MP-04),2W,Scooter,Ola Electric,Petrol,BS6,110,2,2,REG19,13/01/2022,1/13/2022
REG103363,7/6/2024,2024,Rajasthan,Jaipur (RJ-14),2W,Motorcycle,Bajaj,EV,BS6,0,2,0,REG19,7/6/2024,7/6/2024
REG103364,7/2/2021,2021,Maharashtra,Nashik (MH-15),2W,Scooter,TVS,Petrol,BS6,400,2,3,REG19,7/2/2021,7/2/2021
REG103365,2/11/2023,2023,Madhya Pradesh,Indore (MP-09),4W,Sedan,Skoda,Hybrid,BS6,1197,8,1,REG19,2/11/2023,2/11/2023
REG103366,23-03-2018,2018,Madhya Pradesh,Ujjain (MP-13),2W,Motorcycle,Yamaha,Petrol,BS4,125,2,6,REG19,23/03/2018,3/23/2018
REG103367,26-08-2022,2022,Uttar Pradesh,Lucknow (UP-32),LCV,Light Bus,Mahindra,Diesel,BS6,0,15,2,REG19,26/08/2022,8/26/2022
REG103368,9/9/2023,2023,Gujarat,Surat (GJ-05),3W,Auto Rickshaw,TVS,CNG,BS6,0,3,1,REG19,9/9/2023,9/9/2023
REG103369,22-12-2023,2023,Telangana,Warangal (TS-03),2W,Motorcycle,TVS,Petrol,BS6,100,2,1,REG19,22/12/2023,12/22/2023
REG103370,31-07-2024,2024,Karnataka,Mysore (KA-09),2W,Moped,Ather,Petrol,BS6,250,2,0,REG19,31/07/2024,7/31/2024
REG103371,2/8/2021,2021,Rajasthan,Ajmer (RJ-01),4W,Sedan,Kia,Diesel,BS6,800,8,3,REG19,2/8/2021,2/8/2021
REG103372,21-04-2020,2020,Gujarat,Rajkot (GJ-03),2W,Moped,Royal Enfield,Petrol,BS6,350,2,4,REG19,21/04/2020,4/21/2020
REG103373,8/1/2024,2024,Telangana,Karimnagar (TS-01),4W,MUV,MG,CNG,BS6,2179,5,0,REG19,8/1/2024,8/1/2024
REG103374,11/8/2022,2022,Kerala,Kollam (KL-02),2W,Scooter,KTM,EV,BS6,0,2,2,REG19,11/8/2022,11/8/2022
REG103375,24-07-2022,2022,Tamil Nadu,Trichy (TN-45),3W,Tempo,Mahindra,CNG,BS6,200,7,2,REG19,24/07/2022,7/24/2022
REG103376,26-11-2023,2023,Tamil Nadu,Trichy (TN-45),4W,Sedan,Honda,EV,BS6,0,7,1,REG19,26/11/2023,11/26/2023
REG103377,6/8/2019,2019,Karnataka,Mangalore (KA-19),2W,Scooter,Bajaj,EV,BS4,0,2,5,REG19,6/8/2019,6/8/2019
REG103378,8/2/2018,2018,Rajasthan,Udaipur (RJ-27),4W,MUV,Renault,Diesel,BS4,1968,8,6,REG19,8/2/2018,8/2/2018
REG103379,25-09-2020,2020,Gujarat,Rajkot (GJ-03),HCV,Trailer,MAN,Diesel,BS6,4998,1,4,REG19,25/09/2020,9/25/2020
REG103380,17-12-2024,2024,Tamil Nadu,Madurai (TN-58),2W,Moped,Yamaha,Petrol,BS6,160,2,0,REG19,17/12/2024,12/17/2024
REG103381,12/10/2019,2019,Karnataka,Mangalore (KA-19),4W,Hatchback,Skoda,CNG,BS4,1498,5,5,REG19,12/10/2019,12/10/2019
REG103382,17-12-2018,2018,Telangana,Karimnagar (TS-01),2W,Moped,Honda,EV,BS4,0,2,6,REG19,17/12/2018,12/17/2018
REG103383,29-01-2023,2023,West Bengal,Kolkata (WB-01),2W,Motorcycle,KTM,EV,BS6,0,2,1,REG19,29/01/2023,1/29/2023
REG103384,15-08-2022,2022,Gujarat,Ahmedabad (GJ-01),2W,Motorcycle,Suzuki,EV,BS6,0,2,2,REG19,15/08/2022,8/15/2022
REG103385,4/2/2023,2023,Uttar Pradesh,Varanasi (UP-65),4W,SUV,Honda,Petrol,BS6,1000,5,1,REG19,4/2/2023,4/2/2023
REG103386,5/7/2022,2022,Punjab,Chandigarh (CH-01),2W,Scooter,Hero,Petrol,BS6,100,2,2,REG19,5/7/2022,5/7/2022
REG103387,31-08-2023,2023,Kerala,Kochi (KL-07),2W,Motorcycle,TVS,Petrol,BS6,125,2,1,REG19,31/08/2023,8/31/2023
REG103388,30-03-2018,2018,Madhya Pradesh,Indore (MP-09),4W,Sedan,Maruti Suzuki,Petrol,BS4,2179,7,6,REG19,30/03/2018,3/30/2018
REG103389,20-06-2023,2023,Punjab,Patiala (PB-11),3W,Tempo,Mahindra,EV,BS6,0,7,1,REG19,20/06/2023,6/20/2023
REG103390,27-06-2023,2023,Uttar Pradesh,Agra (UP-80),4W,MUV,Kia,Petrol,BS6,1197,8,1,REG19,27/06/2023,6/27/2023
REG103391,26-05-2021,2021,Madhya Pradesh,Ujjain (MP-13),4W,SUV,Tata Motors,Petrol,BS6,1000,7,3,REG19,26/05/2021,5/26/2021
REG103392,2/5/2024,2024,Kerala,Kochi (KL-07),2W,Motorcycle,Yamaha,Petrol,BS6,350,2,0,REG19,2/5/2024,2/5/2024
REG103393,8/11/2022,2022,Punjab,Ludhiana (PB-10),LCV,Pickup Van,Force Motors,EV,BS6,0,12,2,REG19,8/11/2022,8/11/2022
REG103394,15-02-2021,2021,Telangana,Hyderabad (TS-09),4W,MUV,Maruti Suzuki,Diesel,BS6,2179,7,3,REG19,15/02/2021,2/15/2021
REG103395,10/2/2021,2021,Punjab,Chandigarh (CH-01),4W,SUV,Skoda,Hybrid,BS6,1498,7,3,REG19,10/2/2021,10/2/2021
REG103396,26-05-2022,2022,Punjab,Patiala (PB-11),2W,Motorcycle,Bajaj,Petrol,BS6,100,2,2,REG19,26/05/2022,5/26/2022
REG103397,13-10-2022,2022,Madhya Pradesh,Gwalior (MP-07),2W,Scooter,Yamaha,Petrol,BS6,250,2,2,REG19,13/10/2022,10/13/2022
REG103398,29-10-2024,2024,Delhi,Delhi East (DL-02),2W,Motorcycle,Yamaha,Petrol,BS6,110,2,0,REG19,29/10/2024,10/29/2024
REG103399,1/10/2023,2023,Karnataka,Bangalore Central (KA-01),2W,Motorcycle,Ather,Petrol,BS6,160,2,1,REG19,1/10/2023,1/10/2023
REG103400,1/11/2024,2024,Uttar Pradesh,Varanasi (UP-65),LCV,Light Bus,Eicher,CNG,BS6,2956,9,0,REG19,1/11/2024,1/11/2024
REG103401,27-01-2022,2022,Karnataka,Mysore (KA-09),2W,Moped,Suzuki,Petrol,BS6,350,2,2,REG19,27/01/2022,1/27/2022
REG103402,15-05-2020,2020,Kerala,Kochi (KL-07),4W,Hatchback,Maruti Suzuki,Petrol,BS6,1197,7,4,REG19,15/05/2020,5/15/2020
REG103403,6/10/2024,2024,Punjab,Jalandhar (PB-08),4W,Sedan,Maruti Suzuki,Diesel,BS6,1197,8,0,REG19,6/10/2024,6/10/2024
REG103404,16-12-2023,2023,Telangana,Hyderabad (TS-09),4W,Sedan,Hyundai,Hybrid,BS6,1498,7,1,REG19,16/12/2023,12/16/2023
REG103405,23-02-2020,2020,West Bengal,Durgapur (WB-40),2W,Scooter,TVS,EV,BS6,0,2,4,REG19,23/02/2020,2/23/2020
REG103406,23-08-2021,2021,Kerala,Kollam (KL-02),HCV,Tanker,Ashok Leyland,Diesel,BS6,4998,45,3,REG19,23/08/2021,8/23/2021
REG103407,5/8/2023,2023,Rajasthan,Ajmer (RJ-01),2W,Scooter,Yamaha,Petrol,BS6,350,2,1,REG19,5/8/2023,5/8/2023
REG103408,19-06-2022,2022,Uttar Pradesh,Allahabad (UP-70),HCV,Tanker,Eicher,Diesel,BS6,5660,32,2,REG19,19/06/2022,6/19/2022
REG103409,29-02-2020,2020,Rajasthan,Ajmer (RJ-01),2W,Scooter,Royal Enfield,Petrol,BS6,0,2,4,REG19,29/02/2020,2/29/2020
REG103410,11/8/2023,2023,Tamil Nadu,Trichy (TN-45),OTH,Tractor,Sonalika,Diesel,BS6,4998,45,1,REG19,11/8/2023,11/8/2023
REG103411,22-09-2021,2021,Rajasthan,Jaipur (RJ-14),OTH,Road Roller,TAFE,Diesel,BS6,0,1,3,REG19,22/09/2021,9/22/2021
REG103412,5/8/2022,2022,Karnataka,Mysore (KA-09),LCV,Light Bus,Ashok Leyland,Diesel,BS6,3298,12,2,REG19,5/8/2022,5/8/2022
REG103413,26-12-2019,2019,Karnataka,Bangalore Central (KA-01),OTH,Crane,Escorts,Diesel,BS4,4998,1,5,REG19,26/12/2019,12/26/2019
REG103414,29-04-2022,2022,West Bengal,Kolkata (WB-01),4W,SUV,Skoda,Petrol,BS6,1000,8,2,REG19,29/04/2022,4/29/2022
REG103415,13-08-2020,2020,Maharashtra,Pune (MH-12),4W,MUV,Kia,Petrol,BS6,1197,8,4,REG19,13/08/2020,8/13/2020
REG103416,3/8/2021,2021,Karnataka,Belgaum (KA-22),2W,Moped,TVS,Petrol,BS6,150,2,3,REG19,3/8/2021,3/8/2021
REG103417,6/10/2023,2023,Karnataka,Bangalore Central (KA-01),2W,Motorcycle,Bajaj,EV,BS6,0,2,1,REG19,6/10/2023,6/10/2023
REG103418,2/6/2019,2019,Telangana,Karimnagar (TS-01),4W,Hatchback,Honda,Diesel,BS4,1598,7,5,REG19,2/6/2019,2/6/2019
REG103419,10/2/2023,2023,Telangana,Karimnagar (TS-01),2W,Scooter,Suzuki,Petrol,BS6,400,2,1,REG19,10/2/2023,10/2/2023
REG103420,6/12/2019,2019,Maharashtra,Pune (MH-12),4W,Sedan,Toyota,Petrol,BS4,0,8,5,REG19,6/12/2019,6/12/2019
REG103421,7/11/2021,2021,Uttar Pradesh,Allahabad (UP-70),2W,Scooter,Ola Electric,Petrol,BS6,400,2,3,REG19,7/11/2021,7/11/2021
REG103422,18-06-2022,2022,Gujarat,Surat (GJ-05),4W,Sedan,Renault,Petrol,BS6,1197,5,2,REG19,18/06/2022,6/18/2022
REG103423,16-02-2022,2022,Delhi,Delhi Central (DL-01),4W,Sedan,Skoda,Diesel,BS6,1197,6,2,REG19,16/02/2022,2/16/2022
REG103424,6/3/2022,2022,Kerala,Kochi (KL-07),HCV,Bus,BharatBenz,Diesel,BS6,6700,45,2,REG19,6/3/2022,6/3/2022
REG103425,25-08-2022,2022,Telangana,Karimnagar (TS-01),2W,Moped,Yamaha,Petrol,BS6,250,2,2,REG19,25/08/2022,8/25/2022
REG103426,13-08-2022,2022,Maharashtra,Pune (MH-12),2W,Moped,KTM,EV,BS6,0,2,2,REG19,13/08/2022,8/13/2022
REG103427,23-11-2023,2023,Kerala,Thiruvananthapuram (KL-01),2W,Moped,Ather,Petrol,BS6,200,2,1,REG19,23/11/2023,11/23/2023
REG103428,7/3/2020,2020,Madhya Pradesh,Gwalior (MP-07),3W,E-Rickshaw,Mahindra,CNG,BS6,0,6,4,REG19,7/3/2020,7/3/2020
REG103429,27-10-2022,2022,Madhya Pradesh,Bhopal (MP-04),2W,Scooter,Bajaj,Petrol,BS6,350,2,2,REG19,27/10/2022,10/27/2022
REG103430,29-03-2023,2023,Delhi,Delhi Central (DL-01),HCV,Tanker,Ashok Leyland,EV,BS6,0,32,1,REG19,29/03/2023,3/29/2023
REG103431,19-06-2023,2023,West Bengal,Kolkata (WB-01),2W,Motorcycle,Royal Enfield,Petrol,BS6,200,2,1,REG19,19/06/2023,6/19/2023
REG103432,25-04-2023,2023,Rajasthan,Kota (RJ-20),LCV,Light Bus,Eicher,EV,BS6,0,12,1,REG19,25/04/2023,4/25/2023
REG103433,5/2/2024,2024,Madhya Pradesh,Bhopal (MP-04),2W,Motorcycle,Suzuki,EV,BS6,0,2,0,REG19,5/2/2024,5/2/2024
REG103434,20-07-2022,2022,Punjab,Jalandhar (PB-08),4W,SUV,Honda,EV,BS6,0,8,2,REG19,20/07/2022,7/20/2022
REG103435,9/12/2024,2024,Punjab,Chandigarh (CH-01),2W,Scooter,Ather,CNG,BS6,250,2,0,REG19,9/12/2024,9/12/2024
REG103436,24-03-2024,2024,West Bengal,Howrah (WB-13),2W,Moped,TVS,EV,BS6,0,2,0,REG19,24/03/2024,3/24/2024
REG103437,4/12/2022,2022,Telangana,Khammam (TS-07),2W,Moped,KTM,CNG,BS6,250,2,2,REG19,4/12/2022,4/12/2022
REG103438,22-05-2024,2024,Tamil Nadu,Coimbatore (TN-37),4W,SUV,Toyota,CNG,BS6,1197,8,0,REG19,22/05/2024,5/22/2024
REG103439,31-01-2022,2022,Gujarat,Ahmedabad (GJ-01),3W,Auto Rickshaw,Kinetic Green,EV,BS6,0,3,2,REG19,31/01/2022,1/31/2022
REG103440,4/5/2018,2018,Kerala,Thiruvananthapuram (KL-01),2W,Motorcycle,Ola Electric,EV,BS4,0,2,6,REG19,4/5/2018,4/5/2018
REG103441,5/8/2020,2020,West Bengal,Kolkata (WB-01),LCV,Pickup Van,Mahindra,Diesel,BS6,2523,12,4,REG19,5/8/2020,5/8/2020
REG103442,16-04-2021,2021,Telangana,Hyderabad (TS-09),2W,Moped,Hero,Petrol,BS6,350,2,3,REG19,16/04/2021,4/16/2021
REG103443,9/9/2023,2023,Gujarat,Surat (GJ-05),2W,Scooter,Hero,Petrol,BS6,125,2,1,REG19,9/9/2023,9/9/2023
REG103444,14-11-2022,2022,Telangana,Karimnagar (TS-01),2W,Scooter,Suzuki,Petrol,BS6,200,2,2,REG19,14/11/2022,11/14/2022
REG103445,10/11/2021,2021,West Bengal,Asansol (WB-39),4W,SUV,Toyota,Diesel,BS6,1598,7,3,REG19,10/11/2021,10/11/2021
REG103446,16-10-2023,2023,Maharashtra,Nagpur (MH-31),2W,Moped,Bajaj,CNG,BS6,110,2,1,REG19,16/10/2023,10/16/2023
REG103447,26-06-2022,2022,West Bengal,Kolkata (WB-01),2W,Scooter,Royal Enfield,Petrol,BS6,125,2,2,REG19,26/06/2022,6/26/2022
REG103448,21-08-2023,2023,Kerala,Kozhikode (KL-11),2W,Moped,Yamaha,Petrol,BS6,400,2,1,REG19,21/08/2023,8/21/2023
REG103449,9/11/2021,2021,Madhya Pradesh,Ujjain (MP-13),2W,Motorcycle,Suzuki,EV,BS6,0,2,3,REG19,9/11/2021,9/11/2021
REG103450,18-03-2023,2023,Karnataka,Hubli (KA-25),LCV,Pickup Van,Force Motors,Diesel,BS6,2523,9,1,REG19,18/03/2023,3/18/2023
REG103451,20-09-2022,2022,Maharashtra,Pune (MH-12),3W,E-Rickshaw,Atul Auto,CNG,BS6,225,6,2,REG19,20/09/2022,9/20/2022
REG103452,28-03-2023,2023,Maharashtra,Pune (MH-12),4W,SUV,Mahindra,Petrol,BS6,1498,7,1,REG19,28/03/2023,3/28/2023
REG103453,22-10-2023,2023,Maharashtra,Pune (MH-12),4W,MUV,Mahindra,Petrol,BS6,1498,5,1,REG19,22/10/2023,10/22/2023
REG103454,1/7/2023,2023,Tamil Nadu,Chennai Central (TN-01),4W,Hatchback,Toyota,EV,BS6,0,7,1,REG19,1/7/2023,1/7/2023
REG103455,15-02-2022,2022,Punjab,Patiala (PB-11),2W,Motorcycle,Royal Enfield,EV,BS6,0,2,2,REG19,15/02/2022,2/15/2022
REG103456,1/11/2018,2018,Madhya Pradesh,Indore (MP-09),LCV,Pickup Van,Ashok Leyland,Diesel,BS4,2523,9,6,REG19,1/11/2018,1/11/2018
REG103457,5/2/2023,2023,Delhi,Delhi West (DL-08),4W,Sedan,Kia,Diesel,BS6,1462,6,1,REG19,5/2/2023,5/2/2023
REG103458,6/4/2022,2022,Punjab,Patiala (PB-11),2W,Motorcycle,KTM,Petrol,BS6,350,2,2,REG19,6/4/2022,6/4/2022
REG103459,14-11-2018,2018,Delhi,Delhi West (DL-08),4W,Hatchback,Hyundai,Petrol,BS4,1000,6,6,REG19,14/11/2018,11/14/2018
REG103460,14-10-2022,2022,Telangana,Hyderabad (TS-09),OTH,Tractor,Mahindra,Diesel,BS6,3760,2,2,REG19,14/10/2022,10/14/2022
REG103461,5/2/2023,2023,Punjab,Patiala (PB-11),HCV,Truck,Eicher,Diesel,BS6,0,45,1,REG19,5/2/2023,5/2/2023
REG103462,25-02-2019,2019,Madhya Pradesh,Jabalpur (MP-20),2W,Scooter,TVS,Petrol,BS4,0,2,5,REG19,25/02/2019,2/25/2019
REG103463,14-10-2020,2020,Punjab,Chandigarh (CH-01),3W,Auto Rickshaw,Kinetic Green,CNG,BS6,225,3,4,REG19,14/10/2020,10/14/2020
REG103464,31-12-2018,2018,West Bengal,Howrah (WB-13),2W,Scooter,Suzuki,EV,BS4,0,2,6,REG19,31/12/2018,12/31/2018
REG103465,17-02-2022,2022,West Bengal,Kolkata (WB-01),2W,Moped,Bajaj,CNG,BS6,0,2,2,REG19,17/02/2022,2/17/2022
REG103466,27-02-2021,2021,Karnataka,Belgaum (KA-22),4W,MUV,Kia,Petrol,BS6,1462,6,3,REG19,27/02/2021,2/27/2021
REG103467,15-01-2022,2022,Tamil Nadu,Chennai Central (TN-01),4W,Sedan,Kia,Petrol,BS6,2179,5,2,REG19,15/01/2022,1/15/2022
REG103468,21-08-2023,2023,Gujarat,Gandhinagar (GJ-18),3W,E-Rickshaw,TVS,CNG,BS6,250,7,1,REG19,21/08/2023,8/21/2023
REG103469,17-04-2019,2019,Tamil Nadu,Madurai (TN-58),4W,MUV,Tata Motors,Petrol,BS4,1000,8,5,REG19,17/04/2019,4/17/2019
REG103470,29-01-2024,2024,Maharashtra,Pune (MH-12),4W,Hatchback,Hyundai,EV,BS6,0,8,0,REG19,29/01/2024,1/29/2024
REG103471,12/1/2022,2022,Maharashtra,Pune (MH-12),4W,MUV,Mahindra,Petrol,BS6,800,7,2,REG19,12/1/2022,12/1/2022
REG103472,12/3/2023,2023,Punjab,Patiala (PB-11),2W,Moped,Suzuki,Petrol,BS6,150,2,1,REG19,12/3/2023,12/3/2023
REG103473,5/1/2023,2023,Delhi,Delhi North (DL-04),2W,Scooter,Honda,Hybrid,BS6,100,2,1,REG19,5/1/2023,5/1/2023
REG103474,12/4/2018,2018,Punjab,Jalandhar (PB-08),LCV,Mini Truck,Ashok Leyland,CNG,BS4,2956,9,6,REG19,12/4/2018,12/4/2018
REG103475,8/9/2024,2024,Delhi,Delhi West (DL-08),2W,Motorcycle,Suzuki,Petrol,BS6,160,2,0,REG19,8/9/2024,8/9/2024
REG103476,20-06-2020,2020,Gujarat,Gandhinagar (GJ-18),4W,Sedan,Skoda,EV,BS6,0,8,4,REG19,20/06/2020,6/20/2020
REG103477,8/10/2020,2020,Tamil Nadu,Coimbatore (TN-37),3W,E-Rickshaw,Atul Auto,EV,BS6,0,7,4,REG19,8/10/2020,8/10/2020
REG103478,4/8/2023,2023,Gujarat,Vadodara (GJ-06),2W,Motorcycle,Bajaj,EV,BS6,0,2,1,REG19,4/8/2023,4/8/2023
REG103479,16-04-2022,2022,Delhi,Delhi West (DL-08),3W,Auto Rickshaw,Piaggio,Diesel,BS6,0,3,2,REG19,16/04/2022,4/16/2022
REG103480,13-05-2022,2022,Uttar Pradesh,Allahabad (UP-70),LCV,Mini Truck,Mahindra,Diesel,BS6,2956,12,2,REG19,13/05/2022,5/13/2022
REG103481,21-09-2024,2024,Gujarat,Rajkot (GJ-03),2W,Scooter,Suzuki,Petrol,BS6,250,2,0,REG19,21/09/2024,9/21/2024
REG103482,15-02-2020,2020,Kerala,Thrissur (KL-08),HCV,Trailer,Tata Motors,Diesel,BS4,4998,1,4,REG19,15/02/2020,2/15/2020
REG103483,24-07-2022,2022,Uttar Pradesh,Kanpur (UP-78),2W,Scooter,Yamaha,Petrol,BS6,100,2,2,REG19,24/07/2022,7/24/2022
REG103484,18-05-2019,2019,Karnataka,Hubli (KA-25),2W,Scooter,Hero,EV,BS6,0,2,5,REG19,18/05/2019,5/18/2019
REG103485,26-12-2021,2021,Karnataka,Hubli (KA-25),2W,Moped,Honda,CNG,BS6,250,2,3,REG19,26/12/2021,12/26/2021
REG103486,12/4/2021,2021,Karnataka,Bangalore Central (KA-01),2W,Scooter,Honda,Petrol,BS6,250,2,3,REG19,12/4/2021,12/4/2021
REG103487,24-06-2023,2023,Karnataka,Bangalore Central (KA-01),3W,Auto Rickshaw,Mahindra,Petrol,BS6,250,7,1,REG19,24/06/2023,6/24/2023
REG103488,7/5/2023,2023,Madhya Pradesh,Gwalior (MP-07),2W,Scooter,Royal Enfield,Petrol,BS6,250,2,1,REG19,7/5/2023,7/5/2023
REG103489,14-01-2019,2019,Telangana,Nizamabad (TS-05),HCV,Bus,BharatBenz,Diesel,BS4,4998,32,5,REG19,14/01/2019,1/14/2019
REG103490,11/12/2024,2024,Madhya Pradesh,Gwalior (MP-07),4W,SUV,Kia,Diesel,BS6,1968,8,0,REG19,11/12/2024,11/12/2024
REG103491,26-11-2022,2022,Maharashtra,Mumbai Central (MH-01),2W,Motorcycle,Honda,Petrol,BS6,125,2,2,REG19,26/11/2022,11/26/2022
REG103492,17-05-2023,2023,Tamil Nadu,Salem (TN-30),4W,Sedan,Renault,Diesel,BS6,1197,5,1,REG19,17/05/2023,5/17/2023
REG103493,2/12/2020,2020,Madhya Pradesh,Jabalpur (MP-20),4W,Sedan,Honda,Diesel,BS6,800,7,4,REG19,2/12/2020,2/12/2020
REG103494,6/11/2018,2018,Madhya Pradesh,Jabalpur (MP-20),2W,Moped,Bajaj,Petrol,BS4,0,2,6,REG19,6/11/2018,6/11/2018
REG103495,30-07-2019,2019,Karnataka,Mangalore (KA-19),4W,SUV,Maruti Suzuki,Diesel,BS4,1498,5,5,REG19,30/07/2019,7/30/2019
REG103496,30-08-2020,2020,Delhi,Delhi West (DL-08),4W,SUV,Renault,Petrol,BS4,2179,5,4,REG19,30/08/2020,8/30/2020
REG103497,21-06-2023,2023,Maharashtra,Nashik (MH-15),2W,Scooter,Ola Electric,Petrol,BS6,110,2,1,REG19,21/06/2023,6/21/2023
REG103498,8/8/2022,2022,Gujarat,Surat (GJ-05),4W,SUV,Kia,Petrol,BS6,1598,7,2,REG19,8/8/2022,8/8/2022
REG103499,11/8/2023,2023,Tamil Nadu,Chennai Central (TN-01),OTH,Road Roller,Sonalika,Diesel,BS6,4998,45,1,REG19,11/8/2023,11/8/2023
REG103500,4/2/2024,2024,Rajasthan,Jodhpur (RJ-19),3W,Auto Rickshaw,Bajaj,Diesel,BS6,0,3,0,REG19,4/2/2024,4/2/2024
REG103501,5/4/2023,2023,Gujarat,Vadodara (GJ-06),3W,Tempo,TVS,EV,BS6,0,6,1,REG19,5/4/2023,5/4/2023
REG103502,23-05-2023,2023,Madhya Pradesh,Bhopal (MP-04),4W,Sedan,Renault,Petrol,BS6,0,8,1,REG19,23/05/2023,5/23/2023
REG103503,12/10/2022,2022,Kerala,Thiruvananthapuram (KL-01),4W,Hatchback,Maruti Suzuki,Petrol,BS6,1000,6,2,REG19,12/10/2022,12/10/2022
REG103504,3/5/2021,2021,Madhya Pradesh,Ujjain (MP-13),2W,Moped,Yamaha,EV,BS6,0,2,3,REG19,3/5/2021,3/5/2021
REG103505,29-03-2024,2024,Gujarat,Gandhinagar (GJ-18),2W,Scooter,Honda,CNG,BS6,150,2,0,REG19,29/03/2024,3/29/2024
REG103506,29-08-2020,2020,Rajasthan,Kota (RJ-20),4W,Sedan,Mahindra,Diesel,BS6,1598,8,4,REG19,29/08/2020,8/29/2020
REG103507,15-06-2024,2024,Madhya Pradesh,Jabalpur (MP-20),4W,Hatchback,Mahindra,Petrol,BS6,1968,7,0,REG19,15/06/2024,6/15/2024
REG103508,8/3/2021,2021,Madhya Pradesh,Jabalpur (MP-20),HCV,Tanker,Tata Motors,Diesel,BS6,3760,52,3,REG19,8/3/2021,8/3/2021
REG103509,22-10-2024,2024,West Bengal,Kolkata (WB-01),4W,SUV,Hyundai,Hybrid,BS6,1000,5,0,REG19,22/10/2024,10/22/2024
REG103510,11/2/2021,2021,Uttar Pradesh,Lucknow (UP-32),2W,Scooter,Royal Enfield,Petrol,BS6,110,2,3,REG19,11/2/2021,11/2/2021
REG103511,4/6/2023,2023,Punjab,Patiala (PB-11),2W,Moped,KTM,Petrol,BS6,350,2,1,REG19,4/6/2023,4/6/2023
REG103512,8/12/2020,2020,Delhi,Delhi South (DL-09),HCV,Trailer,MAN,Diesel,BS4,6700,32,4,REG19,8/12/2020,8/12/2020
REG103513,20-11-2022,2022,Telangana,Karimnagar (TS-01),3W,Auto Rickshaw,Mahindra,EV,BS6,0,6,2,REG19,20/11/2022,11/20/2022
REG103514,12/10/2023,2023,Delhi,Delhi East (DL-02),2W,Motorcycle,TVS,Petrol,BS6,100,2,1,REG19,12/10/2023,12/10/2023
REG103515,10/11/2024,2024,Telangana,Warangal (TS-03),4W,MUV,MG,CNG,BS6,1968,8,0,REG19,10/11/2024,10/11/2024
REG103516,20-04-2024,2024,Uttar Pradesh,Lucknow (UP-32),2W,Scooter,Yamaha,CNG,BS6,0,2,0,REG19,20/04/2024,4/20/2024
REG103517,29-09-2023,2023,Madhya Pradesh,Gwalior (MP-07),3W,E-Rickshaw,TVS,Diesel,BS6,225,3,1,REG19,29/09/2023,9/29/2023
REG103518,31-10-2023,2023,Kerala,Thiruvananthapuram (KL-01),4W,Sedan,MG,Petrol,BS6,800,8,1,REG19,31/10/2023,10/31/2023
REG103519,2/8/2022,2022,Maharashtra,Pune (MH-12),3W,Auto Rickshaw,Atul Auto,EV,BS6,0,7,2,REG19,2/8/2022,2/8/2022
REG103520,30-04-2024,2024,Delhi,Delhi East (DL-02),2W,Moped,Hero,EV,BS6,0,2,0,REG19,30/04/2024,4/30/2024
REG103521,29-07-2021,2021,Telangana,Nizamabad (TS-05),4W,MUV,MG,Hybrid,BS6,1197,8,3,REG19,29/07/2021,7/29/2021
REG103522,10/3/2021,2021,Rajasthan,Jaipur (RJ-14),LCV,Pickup Van,Ashok Leyland,Diesel,BS6,0,12,3,REG19,10/3/2021,10/3/2021
REG103523,16-08-2020,2020,Uttar Pradesh,Agra (UP-80),4W,Hatchback,Skoda,Diesel,BS6,1498,8,4,REG19,16/08/2020,8/16/2020
REG103524,18-03-2021,2021,West Bengal,Asansol (WB-39),2W,Motorcycle,Bajaj,Petrol,BS6,100,2,3,REG19,18/03/2021,3/18/2021
REG103525,19-07-2018,2018,Tamil Nadu,Salem (TN-30),OTH,Crane,Escorts,Diesel,BS4,5660,32,6,REG19,19/07/2018,7/19/2018
REG103526,17-01-2022,2022,Tamil Nadu,Madurai (TN-58),HCV,Bus,Ashok Leyland,Diesel,BS6,6700,32,2,REG19,17/01/2022,1/17/2022
REG103527,18-03-2021,2021,Maharashtra,Nashik (MH-15),2W,Motorcycle,Suzuki,EV,BS6,0,2,3,REG19,18/03/2021,3/18/2021
REG103528,13-04-2021,2021,West Bengal,Siliguri (WB-73),4W,SUV,Hyundai,Petrol,BS6,2179,5,3,REG19,13/04/2021,4/13/2021
REG103529,3/11/2024,2024,Maharashtra,Nagpur (MH-31),LCV,Mini Truck,Force Motors,EV,BS6,0,9,0,REG19,3/11/2024,3/11/2024
REG103530,22-12-2020,2020,Tamil Nadu,Salem (TN-30),2W,Motorcycle,Royal Enfield,Petrol,BS6,250,2,4,REG19,22/12/2020,12/22/2020
REG103531,22-06-2023,2023,Tamil Nadu,Trichy (TN-45),2W,Motorcycle,Bajaj,EV,BS6,0,2,1,REG19,22/06/2023,6/22/2023
REG103532,28-01-2023,2023,Delhi,Delhi Central (DL-01),2W,Motorcycle,KTM,Hybrid,BS6,100,2,1,REG19,28/01/2023,1/28/2023
REG103533,14-04-2024,2024,Telangana,Khammam (TS-07),2W,Moped,Bajaj,Petrol,BS6,350,2,0,REG19,14/04/2024,4/14/2024
REG103534,3/10/2019,2019,Maharashtra,Nagpur (MH-31),2W,Motorcycle,Bajaj,CNG,BS4,400,2,5,REG19,3/10/2019,3/10/2019
REG103535,8/10/2021,2021,Delhi,Delhi South (DL-09),2W,Scooter,Honda,Petrol,BS6,100,2,3,REG19,8/10/2021,8/10/2021
REG103536,17-11-2023,2023,Gujarat,Rajkot (GJ-03),2W,Motorcycle,Ola Electric,EV,BS6,0,2,1,REG19,17/11/2023,11/17/2023
REG103537,1/12/2021,2021,Madhya Pradesh,Bhopal (MP-04),3W,E-Rickshaw,Atul Auto,EV,BS6,0,6,3,REG19,1/12/2021,1/12/2021
REG103538,23-12-2021,2021,Rajasthan,Kota (RJ-20),2W,Moped,TVS,Petrol,BS6,400,2,3,REG19,23/12/2021,12/23/2021
REG103539,16-03-2018,2018,Delhi,Delhi North (DL-04),4W,Sedan,Honda,Petrol,BS4,2179,6,6,REG19,16/03/2018,3/16/2018
REG103540,8/3/2020,2020,Madhya Pradesh,Ujjain (MP-13),2W,Moped,Yamaha,EV,BS4,0,2,4,REG19,8/3/2020,8/3/2020
REG103541,28-08-2022,2022,Telangana,Warangal (TS-03),4W,Hatchback,Mahindra,CNG,BS6,0,6,2,REG19,28/08/2022,8/28/2022
REG103542,18-09-2020,2020,Madhya Pradesh,Indore (MP-09),2W,Scooter,Hero,Petrol,BS6,200,2,4,REG19,18/09/2020,9/18/2020
REG103543,7/3/2023,2023,Punjab,Jalandhar (PB-08),HCV,Trailer,Tata Motors,CNG,BS6,5660,1,1,REG19,7/3/2023,7/3/2023
REG103544,19-01-2023,2023,Uttar Pradesh,Varanasi (UP-65),2W,Moped,Ather,Petrol,BS6,250,2,1,REG19,19/01/2023,1/19/2023
REG103545,18-10-2022,2022,Madhya Pradesh,Jabalpur (MP-20),2W,Scooter,KTM,Petrol,BS6,0,2,2,REG19,18/10/2022,10/18/2022
REG103546,15-02-2021,2021,Madhya Pradesh,Ujjain (MP-13),2W,Motorcycle,Ather,EV,BS6,0,2,3,REG19,15/02/2021,2/15/2021
REG103547,22-02-2021,2021,Delhi,Delhi South (DL-09),2W,Scooter,TVS,EV,BS6,0,2,3,REG19,22/02/2021,2/22/2021
REG103548,31-07-2020,2020,Rajasthan,Ajmer (RJ-01),4W,Sedan,MG,Petrol,BS4,1462,7,4,REG19,31/07/2020,7/31/2020
REG103549,14-06-2022,2022,Punjab,Amritsar (PB-02),HCV,Trailer,Tata Motors,Diesel,BS6,5660,45,2,REG19,14/06/2022,6/14/2022
REG103550,9/9/2022,2022,Rajasthan,Udaipur (RJ-27),4W,SUV,Mahindra,Petrol,BS6,1462,5,2,REG19,9/9/2022,9/9/2022
REG103551,14-04-2020,2020,Maharashtra,Pune (MH-12),4W,Hatchback,Maruti Suzuki,EV,BS6,0,8,4,REG19,14/04/2020,4/14/2020
REG103552,29-03-2023,2023,Delhi,Delhi East (DL-02),2W,Scooter,KTM,Petrol,BS6,150,2,1,REG19,29/03/2023,3/29/2023
REG103553,7/12/2024,2024,Gujarat,Gandhinagar (GJ-18),3W,Tempo,Piaggio,EV,BS6,0,3,0,REG19,7/12/2024,7/12/2024
REG103554,22-07-2022,2022,Karnataka,Belgaum (KA-22),2W,Moped,Hero,Petrol,BS6,100,2,2,REG19,22/07/2022,7/22/2022
REG103555,18-08-2021,2021,Kerala,Thrissur (KL-08),2W,Moped,TVS,Petrol,BS4,400,2,3,REG19,18/08/2021,8/18/2021
REG103556,16-02-2023,2023,Punjab,Ludhiana (PB-10),4W,SUV,Skoda,Diesel,BS6,2179,8,1,REG19,16/02/2023,2/16/2023
REG103557,28-12-2024,2024,Maharashtra,Aurangabad (MH-20),4W,Sedan,MG,Petrol,BS6,1598,5,0,REG19,28/12/2024,12/28/2024
REG103558,22-10-2021,2021,Maharashtra,Nagpur (MH-31),2W,Scooter,Bajaj,CNG,BS6,160,2,3,REG19,22/10/2021,10/22/2021
REG103559,31-12-2023,2023,Gujarat,Rajkot (GJ-03),4W,Sedan,Renault,Diesel,BS6,1598,6,1,REG19,31/12/2023,12/31/2023
REG103560,11/10/2021,2021,Telangana,Khammam (TS-07),2W,Scooter,Suzuki,EV,BS6,0,2,3,REG19,11/10/2021,11/10/2021
REG103561,4/10/2019,2019,West Bengal,Asansol (WB-39),4W,SUV,MG,Diesel,BS4,0,6,5,REG19,4/10/2019,4/10/2019
REG103562,18-09-2022,2022,West Bengal,Durgapur (WB-40),2W,Scooter,Yamaha,Petrol,BS6,200,2,2,REG19,18/09/2022,9/18/2022
REG103563,3/5/2021,2021,Punjab,Ludhiana (PB-10),3W,E-Rickshaw,Piaggio,Petrol,BS6,200,7,3,REG19,3/5/2021,3/5/2021
REG103564,26-03-2023,2023,Punjab,Patiala (PB-11),4W,MUV,Kia,Diesel,BS6,1498,6,1,REG19,26/03/2023,3/26/2023
REG103565,6/4/2021,2021,Gujarat,Surat (GJ-05),2W,Moped,Suzuki,EV,BS6,0,2,3,REG19,6/4/2021,6/4/2021
REG103566,7/10/2019,2019,Madhya Pradesh,Gwalior (MP-07),2W,Motorcycle,Ather,EV,BS4,0,2,5,REG19,7/10/2019,7/10/2019
REG103567,3/6/2021,2021,Delhi,Delhi West (DL-08),LCV,Pickup Van,Eicher,Diesel,BS6,2523,9,3,REG19,3/6/2021,3/6/2021
REG103568,4/3/2023,2023,West Bengal,Siliguri (WB-73),2W,Scooter,KTM,EV,BS6,0,2,1,REG19,4/3/2023,4/3/2023
REG103569,21-10-2024,2024,Uttar Pradesh,Lucknow (UP-32),2W,Motorcycle,Yamaha,Petrol,BS6,250,2,0,REG19,21/10/2024,10/21/2024
REG103570,5/2/2022,2022,Kerala,Kozhikode (KL-11),OTH,Road Roller,Sonalika,Petrol,BS6,0,1,2,REG19,5/2/2022,5/2/2022
REG103571,8/3/2020,2020,Maharashtra,Nagpur (MH-31),2W,Moped,Ola Electric,Petrol,BS6,400,2,4,REG19,8/3/2020,8/3/2020
REG103572,14-01-2021,2021,Uttar Pradesh,Varanasi (UP-65),2W,Motorcycle,Ather,Petrol,BS6,125,2,3,REG19,14/01/2021,1/14/2021
REG103573,5/2/2018,2018,Punjab,Amritsar (PB-02),4W,MUV,Mahindra,Diesel,BS4,1197,7,6,REG19,5/2/2018,5/2/2018
REG103574,1/12/2022,2022,Rajasthan,Udaipur (RJ-27),2W,Moped,Honda,Petrol,BS6,110,2,2,REG19,1/12/2022,1/12/2022
REG103575,11/7/2023,2023,Punjab,Amritsar (PB-02),4W,Hatchback,Mahindra,Diesel,BS6,800,7,1,REG19,11/7/2023,11/7/2023
REG103576,14-09-2022,2022,Rajasthan,Jaipur (RJ-14),4W,Sedan,Skoda,Diesel,BS6,1968,8,2,REG19,14/09/2022,9/14/2022
REG103577,14-04-2024,2024,Karnataka,Mangalore (KA-19),2W,Motorcycle,Royal Enfield,EV,BS6,0,2,0,REG19,14/04/2024,4/14/2024
REG103578,30-10-2022,2022,Telangana,Nizamabad (TS-05),2W,Moped,Honda,EV,BS6,0,2,2,REG19,30/10/2022,10/30/2022
REG103579,22-01-2021,2021,Delhi,Delhi East (DL-02),2W,Motorcycle,Royal Enfield,EV,BS6,0,2,3,REG19,22/01/2021,1/22/2021
REG103580,11/9/2019,2019,Gujarat,Ahmedabad (GJ-01),4W,Sedan,MG,EV,BS4,0,7,5,REG19,11/9/2019,11/9/2019
REG103581,4/2/2021,2021,Uttar Pradesh,Kanpur (UP-78),4W,SUV,Renault,Petrol,BS6,1197,8,3,REG19,4/2/2021,4/2/2021
REG103582,7/2/2022,2022,Kerala,Kochi (KL-07),4W,Sedan,Maruti Suzuki,Diesel,BS6,1968,7,2,REG19,7/2/2022,7/2/2022
REG103583,2/2/2018,2018,West Bengal,Kolkata (WB-01),2W,Motorcycle,Ather,EV,BS4,0,2,6,REG19,2/2/2018,2/2/2018
REG103584,24-04-2022,2022,Karnataka,Bangalore Central (KA-01),4W,Sedan,Mahindra,EV,BS6,0,5,2,REG19,24/04/2022,4/24/2022
REG103585,11/3/2022,2022,Tamil Nadu,Madurai (TN-58),2W,Moped,Ather,Hybrid,BS6,100,2,2,REG19,11/3/2022,11/3/2022
REG103586,19-12-2022,2022,Uttar Pradesh,Kanpur (UP-78),2W,Scooter,Yamaha,EV,BS6,0,2,2,REG19,19/12/2022,12/19/2022
REG103587,25-02-2023,2023,Kerala,Kollam (KL-02),OTH,Tractor,Mahindra,Diesel,BS6,0,45,1,REG19,25/02/2023,2/25/2023
REG103588,13-03-2020,2020,Telangana,Hyderabad (TS-09),HCV,Trailer,Tata Motors,Diesel,BS6,3760,2,4,REG19,13/03/2020,3/13/2020
REG103589,13-10-2019,2019,Uttar Pradesh,Lucknow (UP-32),3W,E-Rickshaw,TVS,Petrol,BS4,200,6,5,REG19,13/10/2019,10/13/2019
REG103590,12/5/2022,2022,Gujarat,Rajkot (GJ-03),LCV,Light Bus,Tata Motors,CNG,BS6,2523,15,2,REG19,12/5/2022,12/5/2022
REG103591,16-01-2022,2022,Delhi,Delhi West (DL-08),2W,Scooter,Royal Enfield,Petrol,BS6,250,2,2,REG19,16/01/2022,1/16/2022
REG103592,21-12-2021,2021,Maharashtra,Aurangabad (MH-20),4W,SUV,Renault,Petrol,BS6,2179,7,3,REG19,21/12/2021,12/21/2021
REG103593,28-06-2022,2022,Rajasthan,Udaipur (RJ-27),2W,Moped,Bajaj,CNG,BS6,0,2,2,REG19,28/06/2022,6/28/2022
REG103594,7/12/2019,2019,Madhya Pradesh,Bhopal (MP-04),3W,Auto Rickshaw,Atul Auto,CNG,BS4,200,6,5,REG19,7/12/2019,7/12/2019
REG103595,11/12/2020,2020,Punjab,Amritsar (PB-02),3W,Tempo,Mahindra,Diesel,BS6,250,6,4,REG19,11/12/2020,11/12/2020
REG103596,11/9/2019,2019,Uttar Pradesh,Varanasi (UP-65),4W,SUV,Mahindra,Petrol,BS4,1197,8,5,REG19,11/9/2019,11/9/2019
REG103597,10/3/2021,2021,Karnataka,Mangalore (KA-19),OTH,Road Roller,Sonalika,Diesel,BS6,6700,2,3,REG19,10/3/2021,10/3/2021
REG103598,4/10/2021,2021,Punjab,Jalandhar (PB-08),HCV,Truck,Tata Motors,EV,BS6,0,45,3,REG19,4/10/2021,4/10/2021
REG103599,8/10/2023,2023,Maharashtra,Pune (MH-12),2W,Moped,TVS,Petrol,BS6,0,2,1,REG19,8/10/2023,8/10/2023
REG103600,12/9/2021,2021,Madhya Pradesh,Jabalpur (MP-20),3W,Auto Rickshaw,Bajaj,Diesel,BS6,0,7,3,REG19,12/9/2021,12/9/2021
REG103601,16-03-2020,2020,Gujarat,Ahmedabad (GJ-01),2W,Scooter,KTM,Petrol,BS4,200,2,4,REG19,16/03/2020,3/16/2020
REG103602,19-07-2021,2021,Tamil Nadu,Madurai (TN-58),2W,Motorcycle,Yamaha,Petrol,BS4,100,2,3,REG19,19/07/2021,7/19/2021
REG103603,20-08-2022,2022,Maharashtra,Aurangabad (MH-20),2W,Moped,Ola Electric,Petrol,BS6,125,2,2,REG19,20/08/2022,8/20/2022
REG103604,3/7/2020,2020,Karnataka,Hubli (KA-25),HCV,Truck,Volvo,EV,BS6,0,32,4,REG19,3/7/2020,3/7/2020
REG103605,9/1/2021,2021,Delhi,Delhi Central (DL-01),2W,Motorcycle,Ather,Petrol,BS6,200,2,3,REG19,9/1/2021,9/1/2021
REG103606,30-12-2020,2020,Punjab,Patiala (PB-11),2W,Moped,TVS,Petrol,BS4,110,2,4,REG19,30/12/2020,12/30/2020
REG103607,25-04-2024,2024,Maharashtra,Aurangabad (MH-20),2W,Motorcycle,Ola Electric,Petrol,BS6,110,2,0,REG19,25/04/2024,4/25/2024
REG103608,22-12-2022,2022,Gujarat,Ahmedabad (GJ-01),2W,Motorcycle,Ather,EV,BS6,0,2,2,REG19,22/12/2022,12/22/2022
REG103609,5/6/2022,2022,Madhya Pradesh,Jabalpur (MP-20),LCV,Pickup Van,Eicher,EV,BS6,0,9,2,REG19,5/6/2022,5/6/2022
REG103610,15-11-2019,2019,Karnataka,Bangalore Central (KA-01),2W,Moped,TVS,Petrol,BS4,0,2,5,REG19,15/11/2019,11/15/2019
REG103611,16-07-2023,2023,Madhya Pradesh,Ujjain (MP-13),2W,Motorcycle,Hero,Petrol,BS6,125,2,1,REG19,16/07/2023,7/16/2023
REG103612,11/8/2023,2023,Gujarat,Surat (GJ-05),OTH,Crane,Sonalika,Diesel,BS6,4998,32,1,REG19,11/8/2023,11/8/2023
REG103613,26-12-2021,2021,Rajasthan,Ajmer (RJ-01),3W,E-Rickshaw,TVS,CNG,BS4,250,7,3,REG19,26/12/2021,12/26/2021
REG103614,31-05-2020,2020,Telangana,Khammam (TS-07),2W,Moped,KTM,EV,BS6,0,2,4,REG19,31/05/2020,5/31/2020
REG103615,12/10/2024,2024,Tamil Nadu,Madurai (TN-58),2W,Motorcycle,Honda,EV,BS6,0,2,0,REG19,12/10/2024,12/10/2024
REG103616,27-09-2021,2021,Telangana,Hyderabad (TS-09),2W,Motorcycle,Royal Enfield,Petrol,BS6,125,2,3,REG19,27/09/2021,9/27/2021
REG103617,13-07-2022,2022,Telangana,Karimnagar (TS-01),2W,Scooter,KTM,Petrol,BS6,100,2,2,REG19,13/07/2022,7/13/2022
REG103618,17-08-2023,2023,Telangana,Warangal (TS-03),4W,MUV,Kia,Diesel,BS6,1000,6,1,REG19,17/08/2023,8/17/2023
REG103619,3/7/2024,2024,Maharashtra,Nashik (MH-15),2W,Motorcycle,Bajaj,CNG,BS6,0,2,0,REG19,3/7/2024,3/7/2024
REG103620,2/12/2019,2019,Delhi,Delhi Central (DL-01),2W,Moped,TVS,Petrol,BS4,100,2,5,REG19,2/12/2019,2/12/2019
REG103621,3/3/2020,2020,West Bengal,Durgapur (WB-40),4W,Hatchback,Kia,Petrol,BS6,800,8,4,REG19,3/3/2020,3/3/2020
REG103622,15-07-2023,2023,Karnataka,Hubli (KA-25),HCV,Trailer,Ashok Leyland,Diesel,BS6,5660,32,1,REG19,15/07/2023,7/15/2023
REG103623,3/9/2022,2022,Kerala,Thrissur (KL-08),2W,Motorcycle,Bajaj,Petrol,BS6,110,2,2,REG19,3/9/2022,3/9/2022
REG103624,14-11-2024,2024,Karnataka,Hubli (KA-25),2W,Motorcycle,Royal Enfield,EV,BS6,0,2,0,REG19,14/11/2024,11/14/2024
REG103625,3/6/2020,2020,Punjab,Jalandhar (PB-08),2W,Motorcycle,Hero,Hybrid,BS6,150,2,4,REG19,3/6/2020,3/6/2020
REG103626,2/7/2023,2023,Gujarat,Vadodara (GJ-06),4W,MUV,Toyota,Hybrid,BS6,0,8,1,REG19,2/7/2023,2/7/2023
REG103627,8/3/2021,2021,Madhya Pradesh,Bhopal (MP-04),4W,Hatchback,MG,Diesel,BS6,1000,7,3,REG19,8/3/2021,8/3/2021
REG103628,21-09-2022,2022,Punjab,Patiala (PB-11),2W,Moped,Royal Enfield,Petrol,BS6,125,2,2,REG19,21/09/2022,9/21/2022
REG103629,6/4/2019,2019,West Bengal,Durgapur (WB-40),4W,Hatchback,Mahindra,Petrol,BS4,1462,7,5,REG19,6/4/2019,6/4/2019
REG103630,2/3/2022,2022,Gujarat,Gandhinagar (GJ-18),2W,Scooter,Hero,Petrol,BS6,160,2,2,REG19,2/3/2022,2/3/2022
REG103631,12/9/2021,2021,Kerala,Kollam (KL-02),2W,Scooter,Ather,EV,BS6,0,2,3,REG19,12/9/2021,12/9/2021
REG103632,29-06-2024,2024,Maharashtra,Nashik (MH-15),2W,Scooter,Suzuki,Petrol,BS6,250,2,0,REG19,29/06/2024,6/29/2024
REG103633,21-03-2019,2019,Maharashtra,Mumbai Central (MH-01),4W,MUV,Honda,EV,BS4,0,6,5,REG19,21/03/2019,3/21/2019
REG103634,26-03-2021,2021,Madhya Pradesh,Ujjain (MP-13),2W,Moped,Bajaj,EV,BS6,0,2,3,REG19,26/03/2021,3/26/2021
REG103635,3/11/2023,2023,Telangana,Nizamabad (TS-05),4W,Sedan,Honda,Petrol,BS6,1462,6,1,REG19,3/11/2023,3/11/2023
REG103636,19-01-2022,2022,Maharashtra,Nagpur (MH-31),4W,SUV,Skoda,Diesel,BS6,1968,8,2,REG19,19/01/2022,1/19/2022
REG103637,3/4/2024,2024,Madhya Pradesh,Jabalpur (MP-20),2W,Scooter,Ather,Petrol,BS6,150,2,0,REG19,3/4/2024,3/4/2024
REG103638,16-02-2021,2021,Gujarat,Vadodara (GJ-06),2W,Scooter,Ather,CNG,BS6,110,2,3,REG19,16/02/2021,2/16/2021
REG103639,2/4/2020,2020,Telangana,Nizamabad (TS-05),OTH,Crane,John Deere,Diesel,BS6,3760,1,4,REG19,2/4/2020,2/4/2020
REG103640,7/6/2023,2023,Uttar Pradesh,Kanpur (UP-78),3W,Tempo,Bajaj,Diesel,BS6,225,6,1,REG19,7/6/2023,7/6/2023
REG103641,5/7/2021,2021,Gujarat,Gandhinagar (GJ-18),2W,Moped,Suzuki,CNG,BS6,400,2,3,REG19,5/7/2021,5/7/2021
REG103642,21-10-2023,2023,Madhya Pradesh,Gwalior (MP-07),4W,SUV,Tata Motors,Petrol,BS6,1462,5,1,REG19,21/10/2023,10/21/2023
REG103643,8/9/2022,2022,Delhi,Delhi North (DL-04),2W,Moped,Suzuki,Petrol,BS6,250,2,2,REG19,8/9/2022,8/9/2022
REG103644,14-10-2022,2022,West Bengal,Siliguri (WB-73),3W,E-Rickshaw,Mahindra,Diesel,BS6,0,3,2,REG19,14/10/2022,10/14/2022
REG103645,12/10/2022,2022,Delhi,Delhi West (DL-08),2W,Scooter,Ola Electric,Petrol,BS6,100,2,2,REG19,12/10/2022,12/10/2022
REG103646,12/4/2024,2024,Telangana,Khammam (TS-07),4W,Sedan,Honda,Diesel,BS6,800,8,0,REG19,12/4/2024,12/4/2024
REG103647,9/11/2019,2019,Uttar Pradesh,Lucknow (UP-32),2W,Motorcycle,Hero,Petrol,BS4,110,2,5,REG19,9/11/2019,9/11/2019
REG103648,30-07-2020,2020,Rajasthan,Kota (RJ-20),3W,Auto Rickshaw,TVS,CNG,BS6,250,6,4,REG19,30/07/2020,7/30/2020
REG103649,26-09-2018,2018,Punjab,Ludhiana (PB-10),4W,SUV,Skoda,CNG,BS4,1968,5,6,REG19,26/09/2018,9/26/2018
REG103650,4/11/2024,2024,Uttar Pradesh,Agra (UP-80),4W,Hatchback,Kia,EV,BS6,0,7,0,REG19,4/11/2024,4/11/2024
REG103651,15-07-2022,2022,West Bengal,Howrah (WB-13),4W,Hatchback,Honda,Diesel,BS6,2179,6,2,REG19,15/07/2022,7/15/2022
REG103652,3/4/2021,2021,Uttar Pradesh,Varanasi (UP-65),2W,Motorcycle,Ola Electric,CNG,BS6,150,2,3,REG19,3/4/2021,3/4/2021
REG103653,18-10-2021,2021,West Bengal,Howrah (WB-13),2W,Motorcycle,TVS,Petrol,BS6,0,2,3,REG19,18/10/2021,10/18/2021
REG103654,27-11-2019,2019,West Bengal,Howrah (WB-13),LCV,Pickup Van,Eicher,Diesel,BS6,3298,12,5,REG19,27/11/2019,11/27/2019
REG103655,15-12-2018,2018,Madhya Pradesh,Jabalpur (MP-20),4W,Sedan,MG,Diesel,BS4,1598,7,6,REG19,15/12/2018,12/15/2018
REG103656,31-07-2023,2023,Madhya Pradesh,Ujjain (MP-13),2W,Scooter,KTM,Petrol,BS6,100,2,1,REG19,31/07/2023,7/31/2023
REG103657,18-12-2023,2023,Punjab,Jalandhar (PB-08),3W,E-Rickshaw,Atul Auto,EV,BS6,0,3,1,REG19,18/12/2023,12/18/2023
REG103658,12/7/2024,2024,Maharashtra,Aurangabad (MH-20),2W,Moped,KTM,Petrol,BS6,350,2,0,REG19,12/7/2024,12/7/2024
REG103659,27-01-2021,2021,Punjab,Amritsar (PB-02),4W,Sedan,Honda,Petrol,BS6,1197,8,3,REG19,27/01/2021,1/27/2021
REG103660,28-06-2024,2024,Delhi,Delhi East (DL-02),3W,E-Rickshaw,Kinetic Green,Diesel,BS6,0,6,0,REG19,28/06/2024,6/28/2024
REG103661,26-10-2021,2021,Kerala,Kozhikode (KL-11),3W,Tempo,Kinetic Green,Diesel,BS6,250,6,3,REG19,26/10/2021,10/26/2021
REG103662,12/6/2024,2024,Kerala,Thiruvananthapuram (KL-01),2W,Moped,Bajaj,Petrol,BS6,100,2,0,REG19,12/6/2024,12/6/2024
REG103663,28-11-2022,2022,Kerala,Kochi (KL-07),2W,Scooter,Bajaj,EV,BS6,0,2,2,REG19,28/11/2022,11/28/2022
REG103664,20-06-2023,2023,Telangana,Nizamabad (TS-05),4W,MUV,Toyota,Petrol,BS6,800,6,1,REG19,20/06/2023,6/20/2023
REG103665,30-09-2018,2018,West Bengal,Durgapur (WB-40),2W,Motorcycle,KTM,EV,BS4,0,2,6,REG19,30/09/2018,9/30/2018
REG103666,2/3/2020,2020,Delhi,Delhi South (DL-09),2W,Scooter,Ola Electric,Petrol,BS6,150,2,4,REG19,2/3/2020,2/3/2020
REG103667,15-01-2023,2023,Uttar Pradesh,Allahabad (UP-70),2W,Moped,Ather,Petrol,BS6,350,2,1,REG19,15/01/2023,1/15/2023
REG103668,22-04-2018,2018,Delhi,Delhi North (DL-04),2W,Scooter,Honda,Petrol,BS4,125,2,6,REG19,22/04/2018,4/22/2018
REG103669,28-07-2023,2023,Kerala,Kozhikode (KL-11),LCV,Pickup Van,Tata Motors,Diesel,BS6,3298,15,1,REG19,28/07/2023,7/28/2023
REG103670,21-07-2020,2020,Delhi,Delhi South (DL-09),3W,Tempo,Mahindra,CNG,BS6,0,6,4,REG19,21/07/2020,7/21/2020
REG103671,11/3/2018,2018,Madhya Pradesh,Jabalpur (MP-20),2W,Scooter,Suzuki,Hybrid,BS4,350,2,6,REG19,11/3/2018,11/3/2018
REG103672,29-12-2022,2022,Delhi,Delhi South (DL-09),4W,SUV,Hyundai,Diesel,BS6,1498,5,2,REG19,29/12/2022,12/29/2022
REG103673,26-02-2018,2018,Maharashtra,Mumbai Central (MH-01),2W,Moped,KTM,EV,BS4,0,2,6,REG19,26/02/2018,2/26/2018
REG103674,16-10-2024,2024,Rajasthan,Jaipur (RJ-14),2W,Moped,Royal Enfield,EV,BS6,0,2,0,REG19,16/10/2024,10/16/2024
REG103675,21-04-2019,2019,Delhi,Delhi South (DL-09),2W,Motorcycle,Hero,Petrol,BS4,200,2,5,REG19,21/04/2019,4/21/2019
REG103676,12/1/2020,2020,West Bengal,Durgapur (WB-40),2W,Scooter,Ather,EV,BS6,0,2,4,REG19,12/1/2020,12/1/2020
REG103677,29-08-2023,2023,Madhya Pradesh,Indore (MP-09),2W,Motorcycle,KTM,Petrol,BS6,200,2,1,REG19,29/08/2023,8/29/2023
REG103678,3/11/2024,2024,Uttar Pradesh,Varanasi (UP-65),2W,Motorcycle,Ather,CNG,BS6,125,2,0,REG19,3/11/2024,3/11/2024
REG103679,25-08-2019,2019,Delhi,Delhi North (DL-04),HCV,Bus,Eicher,Diesel,BS4,5660,32,5,REG19,25/08/2019,8/25/2019
REG103680,8/5/2023,2023,Punjab,Patiala (PB-11),3W,E-Rickshaw,Kinetic Green,CNG,BS6,0,6,1,REG19,8/5/2023,8/5/2023
REG103681,23-10-2024,2024,Telangana,Karimnagar (TS-01),2W,Moped,Ather,Hybrid,BS6,110,2,0,REG19,23/10/2024,10/23/2024
REG103682,21-01-2023,2023,Maharashtra,Nashik (MH-15),LCV,Pickup Van,Tata Motors,Diesel,BS6,0,9,1,REG19,21/01/2023,1/21/2023
REG103683,20-09-2022,2022,West Bengal,Asansol (WB-39),2W,Moped,Royal Enfield,EV,BS6,0,2,2,REG19,20/09/2022,9/20/2022
REG103684,4/12/2022,2022,Maharashtra,Pune (MH-12),2W,Scooter,KTM,Petrol,BS6,160,2,2,REG19,4/12/2022,4/12/2022
REG103685,30-01-2022,2022,Kerala,Thiruvananthapuram (KL-01),LCV,Pickup Van,Eicher,Diesel,BS6,2523,9,2,REG19,30/01/2022,1/30/2022
REG103686,7/8/2020,2020,Karnataka,Mangalore (KA-19),4W,Sedan,Honda,Petrol,BS6,2179,7,4,REG19,7/8/2020,7/8/2020
REG103687,14-10-2024,2024,Kerala,Kollam (KL-02),3W,E-Rickshaw,TVS,CNG,BS6,250,7,0,REG19,14/10/2024,10/14/2024
REG103688,12/8/2023,2023,Punjab,Ludhiana (PB-10),2W,Motorcycle,Hero,EV,BS6,0,2,1,REG19,12/8/2023,12/8/2023
REG103689,5/7/2018,2018,Kerala,Kozhikode (KL-11),2W,Moped,Ola Electric,Hybrid,BS3,125,2,6,REG19,5/7/2018,5/7/2018
REG103690,11/4/2023,2023,Delhi,Delhi Central (DL-01),LCV,Light Bus,Eicher,CNG,BS6,2956,9,1,REG19,11/4/2023,11/4/2023
REG103691,6/5/2021,2021,Punjab,Ludhiana (PB-10),HCV,Trailer,BharatBenz,Diesel,BS6,3760,45,3,REG19,6/5/2021,6/5/2021
REG103692,26-08-2023,2023,Punjab,Patiala (PB-11),2W,Scooter,Royal Enfield,Petrol,BS6,150,2,1,REG19,26/08/2023,8/26/2023
REG103693,16-06-2020,2020,Tamil Nadu,Chennai Central (TN-01),2W,Moped,Ola Electric,Petrol,BS6,100,2,4,REG19,16/06/2020,6/16/2020
REG103694,21-12-2023,2023,Maharashtra,Nagpur (MH-31),2W,Motorcycle,Ather,Petrol,BS6,250,2,1,REG19,21/12/2023,12/21/2023
REG103695,17-01-2024,2024,Telangana,Warangal (TS-03),4W,Hatchback,Kia,Diesel,BS6,1462,5,0,REG19,17/01/2024,1/17/2024
REG103696,6/9/2021,2021,Rajasthan,Kota (RJ-20),4W,MUV,Mahindra,Diesel,BS4,2179,6,3,REG19,6/9/2021,6/9/2021
REG103697,17-06-2021,2021,Punjab,Patiala (PB-11),HCV,Bus,Volvo,CNG,BS6,4998,52,3,REG19,17/06/2021,6/17/2021
REG103698,6/4/2020,2020,Karnataka,Hubli (KA-25),LCV,Light Bus,Mahindra,Diesel,BS4,2956,12,4,REG19,6/4/2020,6/4/2020
REG103699,5/7/2020,2020,Gujarat,Surat (GJ-05),4W,Hatchback,Renault,Diesel,BS6,2179,8,4,REG19,5/7/2020,5/7/2020
REG103700,28-01-2022,2022,Telangana,Khammam (TS-07),4W,Hatchback,Toyota,Diesel,BS6,0,5,2,REG19,28/01/2022,1/28/2022
